Copyright 1986-2022 Xilinx, Inc. All Rights Reserved. Copyright 2022-2024 Advanced Micro Devices, Inc. All Rights Reserved.
---------------------------------------------------------------------------------------------------------------------------------------------
| Tool Version : Vivado v.2024.2 (win64) Build 5239630 Fri Nov 08 22:35:27 MST 2024
| Date         : Wed Sep 23 20:10:37 2026
| Host         : XiaoB running 64-bit major release  (build 9200)
| Command      : report_drc -file C:/fpga_t15_ila/drc_routed.rpt
| Design       : radio_localization_fpga_top
| Device       : xc7a35tcpg236-1
| Speed File   : -1
| Design State : Fully Routed
---------------------------------------------------------------------------------------------------------------------------------------------

Report DRC

Table of Contents
-----------------
1. REPORT SUMMARY
2. REPORT DETAILS

1. REPORT SUMMARY
-----------------
            Netlist: netlist
          Floorplan: checkpoint_post_synth_ila
      Design limits: <entire design considered>
           Ruledeck: default
             Max checks: <unlimited>
             Checks found: 306
+-----------+----------+----------------------------+--------+
| Rule      | Severity | Description                | Checks |
+-----------+----------+----------------------------+--------+
| CHECK-3   | Warning  | Report rule limit reached  | 1      |
| DPIP-1    | Warning  | Input pipelining           | 37     |
| DPOP-1    | Warning  | PREG Output pipelining     | 12     |
| DPOP-2    | Warning  | MREG Output pipelining     | 24     |
| DPOR-1    | Warning  | Asynchronous load check    | 170    |
| PDCN-1569 | Warning  | LUT equation term check    | 3      |
| PDRC-134  | Warning  | SLICE_PairEqSame_B6B5_WARN | 1      |
| PDRC-136  | Warning  | SLICE_PairEqSame_C6C5_WARN | 7      |
| PDRC-138  | Warning  | SLICE_PairEqSame_D6D5_WARN | 12     |
| PDRC-140  | Warning  | SLICE_PairEqSame_A6A5_WARN | 1      |
| PDRC-142  | Warning  | SLICE_PairEqSame_B6B5_WARN | 5      |
| PDRC-144  | Warning  | SLICE_PairEqSame_C6C5_WARN | 5      |
| PDRC-146  | Warning  | SLICE_PairEqSame_D6D5_WARN | 7      |
| REQP-1839 | Warning  | RAMB36 async control check | 20     |
| RTSTAT-10 | Warning  | No routable loads          | 1      |
+-----------+----------+----------------------------+--------+

2. REPORT DETAILS
-----------------
CHECK-3#1 Warning
Report rule limit reached  
REQP-1839 rule limit reached: 20 violations have been found.
Related violations: <none>

DPIP-1#1 Warning
Input pipelining  
DSP localization_command_ctrl_instance/polygon_clip_engine_instance/classifier_instance/product_x_saved0 input localization_command_ctrl_instance/polygon_clip_engine_instance/classifier_instance/product_x_saved0/A[29:0] is not pipelined. Pipelining DSP48 input will improve performance.
Related violations: <none>

DPIP-1#2 Warning
Input pipelining  
DSP localization_command_ctrl_instance/polygon_clip_engine_instance/classifier_instance/product_x_saved0 input localization_command_ctrl_instance/polygon_clip_engine_instance/classifier_instance/product_x_saved0/B[17:0] is not pipelined. Pipelining DSP48 input will improve performance.
Related violations: <none>

DPIP-1#3 Warning
Input pipelining  
DSP localization_command_ctrl_instance/polygon_clip_engine_instance/classifier_instance/product_x_saved0__0 input localization_command_ctrl_instance/polygon_clip_engine_instance/classifier_instance/product_x_saved0__0/A[29:0] is not pipelined. Pipelining DSP48 input will improve performance.
Related violations: <none>

DPIP-1#4 Warning
Input pipelining  
DSP localization_command_ctrl_instance/polygon_clip_engine_instance/classifier_instance/product_x_saved0__0 input localization_command_ctrl_instance/polygon_clip_engine_instance/classifier_instance/product_x_saved0__0/B[17:0] is not pipelined. Pipelining DSP48 input will improve performance.
Related violations: <none>

DPIP-1#5 Warning
Input pipelining  
DSP localization_command_ctrl_instance/polygon_clip_engine_instance/classifier_instance/product_x_saved0__1 input localization_command_ctrl_instance/polygon_clip_engine_instance/classifier_instance/product_x_saved0__1/A[29:0] is not pipelined. Pipelining DSP48 input will improve performance.
Related violations: <none>

DPIP-1#6 Warning
Input pipelining  
DSP localization_command_ctrl_instance/polygon_clip_engine_instance/classifier_instance/product_x_saved0__1 input localization_command_ctrl_instance/polygon_clip_engine_instance/classifier_instance/product_x_saved0__1/B[17:0] is not pipelined. Pipelining DSP48 input will improve performance.
Related violations: <none>

DPIP-1#7 Warning
Input pipelining  
DSP localization_command_ctrl_instance/polygon_clip_engine_instance/classifier_instance/product_x_saved0__2 input localization_command_ctrl_instance/polygon_clip_engine_instance/classifier_instance/product_x_saved0__2/B[17:0] is not pipelined. Pipelining DSP48 input will improve performance.
Related violations: <none>

DPIP-1#8 Warning
Input pipelining  
DSP localization_command_ctrl_instance/polygon_clip_engine_instance/classifier_instance/product_y_saved0 input localization_command_ctrl_instance/polygon_clip_engine_instance/classifier_instance/product_y_saved0/A[29:0] is not pipelined. Pipelining DSP48 input will improve performance.
Related violations: <none>

DPIP-1#9 Warning
Input pipelining  
DSP localization_command_ctrl_instance/polygon_clip_engine_instance/classifier_instance/product_y_saved0 input localization_command_ctrl_instance/polygon_clip_engine_instance/classifier_instance/product_y_saved0/B[17:0] is not pipelined. Pipelining DSP48 input will improve performance.
Related violations: <none>

DPIP-1#10 Warning
Input pipelining  
DSP localization_command_ctrl_instance/polygon_clip_engine_instance/classifier_instance/product_y_saved0__0 input localization_command_ctrl_instance/polygon_clip_engine_instance/classifier_instance/product_y_saved0__0/A[29:0] is not pipelined. Pipelining DSP48 input will improve performance.
Related violations: <none>

DPIP-1#11 Warning
Input pipelining  
DSP localization_command_ctrl_instance/polygon_clip_engine_instance/classifier_instance/product_y_saved0__0 input localization_command_ctrl_instance/polygon_clip_engine_instance/classifier_instance/product_y_saved0__0/B[17:0] is not pipelined. Pipelining DSP48 input will improve performance.
Related violations: <none>

DPIP-1#12 Warning
Input pipelining  
DSP localization_command_ctrl_instance/polygon_clip_engine_instance/classifier_instance/product_y_saved0__1 input localization_command_ctrl_instance/polygon_clip_engine_instance/classifier_instance/product_y_saved0__1/A[29:0] is not pipelined. Pipelining DSP48 input will improve performance.
Related violations: <none>

DPIP-1#13 Warning
Input pipelining  
DSP localization_command_ctrl_instance/polygon_clip_engine_instance/classifier_instance/product_y_saved0__1 input localization_command_ctrl_instance/polygon_clip_engine_instance/classifier_instance/product_y_saved0__1/B[17:0] is not pipelined. Pipelining DSP48 input will improve performance.
Related violations: <none>

DPIP-1#14 Warning
Input pipelining  
DSP localization_command_ctrl_instance/polygon_clip_engine_instance/classifier_instance/product_y_saved0__2 input localization_command_ctrl_instance/polygon_clip_engine_instance/classifier_instance/product_y_saved0__2/B[17:0] is not pipelined. Pipelining DSP48 input will improve performance.
Related violations: <none>

DPIP-1#15 Warning
Input pipelining  
DSP localization_command_ctrl_instance/polygon_clip_engine_instance/intersection_instance/product_saved0 input localization_command_ctrl_instance/polygon_clip_engine_instance/intersection_instance/product_saved0/A[29:0] is not pipelined. Pipelining DSP48 input will improve performance.
Related violations: <none>

DPIP-1#16 Warning
Input pipelining  
DSP localization_command_ctrl_instance/polygon_clip_engine_instance/intersection_instance/product_saved0 input localization_command_ctrl_instance/polygon_clip_engine_instance/intersection_instance/product_saved0/B[17:0] is not pipelined. Pipelining DSP48 input will improve performance.
Related violations: <none>

DPIP-1#17 Warning
Input pipelining  
DSP localization_command_ctrl_instance/polygon_clip_engine_instance/intersection_instance/product_saved0__0 input localization_command_ctrl_instance/polygon_clip_engine_instance/intersection_instance/product_saved0__0/A[29:0] is not pipelined. Pipelining DSP48 input will improve performance.
Related violations: <none>

DPIP-1#18 Warning
Input pipelining  
DSP localization_command_ctrl_instance/polygon_clip_engine_instance/intersection_instance/product_saved0__0 input localization_command_ctrl_instance/polygon_clip_engine_instance/intersection_instance/product_saved0__0/B[17:0] is not pipelined. Pipelining DSP48 input will improve performance.
Related violations: <none>

DPIP-1#19 Warning
Input pipelining  
DSP localization_command_ctrl_instance/polygon_clip_engine_instance/intersection_instance/product_saved0__1 input localization_command_ctrl_instance/polygon_clip_engine_instance/intersection_instance/product_saved0__1/A[29:0] is not pipelined. Pipelining DSP48 input will improve performance.
Related violations: <none>

DPIP-1#20 Warning
Input pipelining  
DSP localization_command_ctrl_instance/polygon_clip_engine_instance/intersection_instance/product_saved0__1 input localization_command_ctrl_instance/polygon_clip_engine_instance/intersection_instance/product_saved0__1/B[17:0] is not pipelined. Pipelining DSP48 input will improve performance.
Related violations: <none>

DPIP-1#21 Warning
Input pipelining  
DSP localization_command_ctrl_instance/polygon_clip_engine_instance/intersection_instance/product_saved0__2 input localization_command_ctrl_instance/polygon_clip_engine_instance/intersection_instance/product_saved0__2/B[17:0] is not pipelined. Pipelining DSP48 input will improve performance.
Related violations: <none>

DPIP-1#22 Warning
Input pipelining  
DSP localization_command_ctrl_instance/polygon_diameter_engine_instance/square_x_saved0 input localization_command_ctrl_instance/polygon_diameter_engine_instance/square_x_saved0/A[29:0] is not pipelined. Pipelining DSP48 input will improve performance.
Related violations: <none>

DPIP-1#23 Warning
Input pipelining  
DSP localization_command_ctrl_instance/polygon_diameter_engine_instance/square_x_saved0 input localization_command_ctrl_instance/polygon_diameter_engine_instance/square_x_saved0/B[17:0] is not pipelined. Pipelining DSP48 input will improve performance.
Related violations: <none>

DPIP-1#24 Warning
Input pipelining  
DSP localization_command_ctrl_instance/polygon_diameter_engine_instance/square_x_saved0__0 input localization_command_ctrl_instance/polygon_diameter_engine_instance/square_x_saved0__0/A[29:0] is not pipelined. Pipelining DSP48 input will improve performance.
Related violations: <none>

DPIP-1#25 Warning
Input pipelining  
DSP localization_command_ctrl_instance/polygon_diameter_engine_instance/square_x_saved0__0 input localization_command_ctrl_instance/polygon_diameter_engine_instance/square_x_saved0__0/B[17:0] is not pipelined. Pipelining DSP48 input will improve performance.
Related violations: <none>

DPIP-1#26 Warning
Input pipelining  
DSP localization_command_ctrl_instance/polygon_diameter_engine_instance/square_x_saved0__1 input localization_command_ctrl_instance/polygon_diameter_engine_instance/square_x_saved0__1/A[29:0] is not pipelined. Pipelining DSP48 input will improve performance.
Related violations: <none>

DPIP-1#27 Warning
Input pipelining  
DSP localization_command_ctrl_instance/polygon_diameter_engine_instance/square_x_saved0__1 input localization_command_ctrl_instance/polygon_diameter_engine_instance/square_x_saved0__1/B[17:0] is not pipelined. Pipelining DSP48 input will improve performance.
Related violations: <none>

DPIP-1#28 Warning
Input pipelining  
DSP localization_command_ctrl_instance/polygon_diameter_engine_instance/square_x_saved0__2 input localization_command_ctrl_instance/polygon_diameter_engine_instance/square_x_saved0__2/A[29:0] is not pipelined. Pipelining DSP48 input will improve performance.
Related violations: <none>

DPIP-1#29 Warning
Input pipelining  
DSP localization_command_ctrl_instance/polygon_diameter_engine_instance/square_x_saved0__2 input localization_command_ctrl_instance/polygon_diameter_engine_instance/square_x_saved0__2/B[17:0] is not pipelined. Pipelining DSP48 input will improve performance.
Related violations: <none>

DPIP-1#30 Warning
Input pipelining  
DSP localization_command_ctrl_instance/polygon_diameter_engine_instance/square_y_saved0 input localization_command_ctrl_instance/polygon_diameter_engine_instance/square_y_saved0/A[29:0] is not pipelined. Pipelining DSP48 input will improve performance.
Related violations: <none>

DPIP-1#31 Warning
Input pipelining  
DSP localization_command_ctrl_instance/polygon_diameter_engine_instance/square_y_saved0 input localization_command_ctrl_instance/polygon_diameter_engine_instance/square_y_saved0/B[17:0] is not pipelined. Pipelining DSP48 input will improve performance.
Related violations: <none>

DPIP-1#32 Warning
Input pipelining  
DSP localization_command_ctrl_instance/polygon_diameter_engine_instance/square_y_saved0__0 input localization_command_ctrl_instance/polygon_diameter_engine_instance/square_y_saved0__0/A[29:0] is not pipelined. Pipelining DSP48 input will improve performance.
Related violations: <none>

DPIP-1#33 Warning
Input pipelining  
DSP localization_command_ctrl_instance/polygon_diameter_engine_instance/square_y_saved0__0 input localization_command_ctrl_instance/polygon_diameter_engine_instance/square_y_saved0__0/B[17:0] is not pipelined. Pipelining DSP48 input will improve performance.
Related violations: <none>

DPIP-1#34 Warning
Input pipelining  
DSP localization_command_ctrl_instance/polygon_diameter_engine_instance/square_y_saved0__1 input localization_command_ctrl_instance/polygon_diameter_engine_instance/square_y_saved0__1/A[29:0] is not pipelined. Pipelining DSP48 input will improve performance.
Related violations: <none>

DPIP-1#35 Warning
Input pipelining  
DSP localization_command_ctrl_instance/polygon_diameter_engine_instance/square_y_saved0__1 input localization_command_ctrl_instance/polygon_diameter_engine_instance/square_y_saved0__1/B[17:0] is not pipelined. Pipelining DSP48 input will improve performance.
Related violations: <none>

DPIP-1#36 Warning
Input pipelining  
DSP localization_command_ctrl_instance/polygon_diameter_engine_instance/square_y_saved0__2 input localization_command_ctrl_instance/polygon_diameter_engine_instance/square_y_saved0__2/A[29:0] is not pipelined. Pipelining DSP48 input will improve performance.
Related violations: <none>

DPIP-1#37 Warning
Input pipelining  
DSP localization_command_ctrl_instance/polygon_diameter_engine_instance/square_y_saved0__2 input localization_command_ctrl_instance/polygon_diameter_engine_instance/square_y_saved0__2/B[17:0] is not pipelined. Pipelining DSP48 input will improve performance.
Related violations: <none>

DPOP-1#1 Warning
PREG Output pipelining  
DSP localization_command_ctrl_instance/bearing_constraint_gen_instance/multiplier_product output localization_command_ctrl_instance/bearing_constraint_gen_instance/multiplier_product/P[47:0] is not pipelined (PREG=0). Pipelining the DSP48 output will improve performance and often saves power so it is suggested whenever possible to fully pipeline this function.  If this DSP48 function was inferred, it is suggested to describe an additional register stage after this function.  If the DSP48 was instantiated in the design, it is suggested to set the PREG attribute to 1.
Related violations: <none>

DPOP-1#2 Warning
PREG Output pipelining  
DSP localization_command_ctrl_instance/bearing_constraint_gen_instance/multiplier_product__0 output localization_command_ctrl_instance/bearing_constraint_gen_instance/multiplier_product__0/P[47:0] is not pipelined (PREG=0). Pipelining the DSP48 output will improve performance and often saves power so it is suggested whenever possible to fully pipeline this function.  If this DSP48 function was inferred, it is suggested to describe an additional register stage after this function.  If the DSP48 was instantiated in the design, it is suggested to set the PREG attribute to 1.
Related violations: <none>

DPOP-1#3 Warning
PREG Output pipelining  
DSP localization_command_ctrl_instance/polygon_clip_engine_instance/classifier_instance/product_x_saved0 output localization_command_ctrl_instance/polygon_clip_engine_instance/classifier_instance/product_x_saved0/P[47:0] is not pipelined (PREG=0). Pipelining the DSP48 output will improve performance and often saves power so it is suggested whenever possible to fully pipeline this function.  If this DSP48 function was inferred, it is suggested to describe an additional register stage after this function.  If the DSP48 was instantiated in the design, it is suggested to set the PREG attribute to 1.
Related violations: <none>

DPOP-1#4 Warning
PREG Output pipelining  
DSP localization_command_ctrl_instance/polygon_clip_engine_instance/classifier_instance/product_x_saved0__1 output localization_command_ctrl_instance/polygon_clip_engine_instance/classifier_instance/product_x_saved0__1/P[47:0] is not pipelined (PREG=0). Pipelining the DSP48 output will improve performance and often saves power so it is suggested whenever possible to fully pipeline this function.  If this DSP48 function was inferred, it is suggested to describe an additional register stage after this function.  If the DSP48 was instantiated in the design, it is suggested to set the PREG attribute to 1.
Related violations: <none>

DPOP-1#5 Warning
PREG Output pipelining  
DSP localization_command_ctrl_instance/polygon_clip_engine_instance/classifier_instance/product_y_saved0 output localization_command_ctrl_instance/polygon_clip_engine_instance/classifier_instance/product_y_saved0/P[47:0] is not pipelined (PREG=0). Pipelining the DSP48 output will improve performance and often saves power so it is suggested whenever possible to fully pipeline this function.  If this DSP48 function was inferred, it is suggested to describe an additional register stage after this function.  If the DSP48 was instantiated in the design, it is suggested to set the PREG attribute to 1.
Related violations: <none>

DPOP-1#6 Warning
PREG Output pipelining  
DSP localization_command_ctrl_instance/polygon_clip_engine_instance/classifier_instance/product_y_saved0__1 output localization_command_ctrl_instance/polygon_clip_engine_instance/classifier_instance/product_y_saved0__1/P[47:0] is not pipelined (PREG=0). Pipelining the DSP48 output will improve performance and often saves power so it is suggested whenever possible to fully pipeline this function.  If this DSP48 function was inferred, it is suggested to describe an additional register stage after this function.  If the DSP48 was instantiated in the design, it is suggested to set the PREG attribute to 1.
Related violations: <none>

DPOP-1#7 Warning
PREG Output pipelining  
DSP localization_command_ctrl_instance/polygon_clip_engine_instance/intersection_instance/product_saved0 output localization_command_ctrl_instance/polygon_clip_engine_instance/intersection_instance/product_saved0/P[47:0] is not pipelined (PREG=0). Pipelining the DSP48 output will improve performance and often saves power so it is suggested whenever possible to fully pipeline this function.  If this DSP48 function was inferred, it is suggested to describe an additional register stage after this function.  If the DSP48 was instantiated in the design, it is suggested to set the PREG attribute to 1.
Related violations: <none>

DPOP-1#8 Warning
PREG Output pipelining  
DSP localization_command_ctrl_instance/polygon_clip_engine_instance/intersection_instance/product_saved0__1 output localization_command_ctrl_instance/polygon_clip_engine_instance/intersection_instance/product_saved0__1/P[47:0] is not pipelined (PREG=0). Pipelining the DSP48 output will improve performance and often saves power so it is suggested whenever possible to fully pipeline this function.  If this DSP48 function was inferred, it is suggested to describe an additional register stage after this function.  If the DSP48 was instantiated in the design, it is suggested to set the PREG attribute to 1.
Related violations: <none>

DPOP-1#9 Warning
PREG Output pipelining  
DSP localization_command_ctrl_instance/polygon_diameter_engine_instance/square_x_saved0 output localization_command_ctrl_instance/polygon_diameter_engine_instance/square_x_saved0/P[47:0] is not pipelined (PREG=0). Pipelining the DSP48 output will improve performance and often saves power so it is suggested whenever possible to fully pipeline this function.  If this DSP48 function was inferred, it is suggested to describe an additional register stage after this function.  If the DSP48 was instantiated in the design, it is suggested to set the PREG attribute to 1.
Related violations: <none>

DPOP-1#10 Warning
PREG Output pipelining  
DSP localization_command_ctrl_instance/polygon_diameter_engine_instance/square_x_saved0__1 output localization_command_ctrl_instance/polygon_diameter_engine_instance/square_x_saved0__1/P[47:0] is not pipelined (PREG=0). Pipelining the DSP48 output will improve performance and often saves power so it is suggested whenever possible to fully pipeline this function.  If this DSP48 function was inferred, it is suggested to describe an additional register stage after this function.  If the DSP48 was instantiated in the design, it is suggested to set the PREG attribute to 1.
Related violations: <none>

DPOP-1#11 Warning
PREG Output pipelining  
DSP localization_command_ctrl_instance/polygon_diameter_engine_instance/square_y_saved0 output localization_command_ctrl_instance/polygon_diameter_engine_instance/square_y_saved0/P[47:0] is not pipelined (PREG=0). Pipelining the DSP48 output will improve performance and often saves power so it is suggested whenever possible to fully pipeline this function.  If this DSP48 function was inferred, it is suggested to describe an additional register stage after this function.  If the DSP48 was instantiated in the design, it is suggested to set the PREG attribute to 1.
Related violations: <none>

DPOP-1#12 Warning
PREG Output pipelining  
DSP localization_command_ctrl_instance/polygon_diameter_engine_instance/square_y_saved0__1 output localization_command_ctrl_instance/polygon_diameter_engine_instance/square_y_saved0__1/P[47:0] is not pipelined (PREG=0). Pipelining the DSP48 output will improve performance and often saves power so it is suggested whenever possible to fully pipeline this function.  If this DSP48 function was inferred, it is suggested to describe an additional register stage after this function.  If the DSP48 was instantiated in the design, it is suggested to set the PREG attribute to 1.
Related violations: <none>

DPOP-2#1 Warning
MREG Output pipelining  
DSP localization_command_ctrl_instance/bearing_constraint_gen_instance/multiplier_product multiplier stage localization_command_ctrl_instance/bearing_constraint_gen_instance/multiplier_product/P[47:0] is not pipelined (MREG=0). Pipelining the multiplier function will improve performance and will save significant power so it is suggested whenever possible to fully pipeline this function.  If this multiplier was inferred, it is suggested to describe an additional register stage after this function.  If there is no registered adder/accumulator following the multiply function, two pipeline stages are suggested to allow both the MREG and PREG registers to be used.  If the DSP48 was instantiated in the design, it is suggested to set both the MREG and PREG attributes to 1 when performing multiply functions.
Related violations: <none>

DPOP-2#2 Warning
MREG Output pipelining  
DSP localization_command_ctrl_instance/bearing_constraint_gen_instance/multiplier_product__0 multiplier stage localization_command_ctrl_instance/bearing_constraint_gen_instance/multiplier_product__0/P[47:0] is not pipelined (MREG=0). Pipelining the multiplier function will improve performance and will save significant power so it is suggested whenever possible to fully pipeline this function.  If this multiplier was inferred, it is suggested to describe an additional register stage after this function.  If there is no registered adder/accumulator following the multiply function, two pipeline stages are suggested to allow both the MREG and PREG registers to be used.  If the DSP48 was instantiated in the design, it is suggested to set both the MREG and PREG attributes to 1 when performing multiply functions.
Related violations: <none>

DPOP-2#3 Warning
MREG Output pipelining  
DSP localization_command_ctrl_instance/bearing_constraint_gen_instance/multiplier_product_saved_reg multiplier stage localization_command_ctrl_instance/bearing_constraint_gen_instance/multiplier_product_saved_reg/P[47:0] is not pipelined (MREG=0). Pipelining the multiplier function will improve performance and will save significant power so it is suggested whenever possible to fully pipeline this function.  If this multiplier was inferred, it is suggested to describe an additional register stage after this function.  If there is no registered adder/accumulator following the multiply function, two pipeline stages are suggested to allow both the MREG and PREG registers to be used.  If the DSP48 was instantiated in the design, it is suggested to set both the MREG and PREG attributes to 1 when performing multiply functions.
Related violations: <none>

DPOP-2#4 Warning
MREG Output pipelining  
DSP localization_command_ctrl_instance/bearing_constraint_gen_instance/multiplier_product_saved_reg__0 multiplier stage localization_command_ctrl_instance/bearing_constraint_gen_instance/multiplier_product_saved_reg__0/P[47:0] is not pipelined (MREG=0). Pipelining the multiplier function will improve performance and will save significant power so it is suggested whenever possible to fully pipeline this function.  If this multiplier was inferred, it is suggested to describe an additional register stage after this function.  If there is no registered adder/accumulator following the multiply function, two pipeline stages are suggested to allow both the MREG and PREG registers to be used.  If the DSP48 was instantiated in the design, it is suggested to set both the MREG and PREG attributes to 1 when performing multiply functions.
Related violations: <none>

DPOP-2#5 Warning
MREG Output pipelining  
DSP localization_command_ctrl_instance/polygon_clip_engine_instance/classifier_instance/product_x_saved0 multiplier stage localization_command_ctrl_instance/polygon_clip_engine_instance/classifier_instance/product_x_saved0/P[47:0] is not pipelined (MREG=0). Pipelining the multiplier function will improve performance and will save significant power so it is suggested whenever possible to fully pipeline this function.  If this multiplier was inferred, it is suggested to describe an additional register stage after this function.  If there is no registered adder/accumulator following the multiply function, two pipeline stages are suggested to allow both the MREG and PREG registers to be used.  If the DSP48 was instantiated in the design, it is suggested to set both the MREG and PREG attributes to 1 when performing multiply functions.
Related violations: <none>

DPOP-2#6 Warning
MREG Output pipelining  
DSP localization_command_ctrl_instance/polygon_clip_engine_instance/classifier_instance/product_x_saved0__0 multiplier stage localization_command_ctrl_instance/polygon_clip_engine_instance/classifier_instance/product_x_saved0__0/P[47:0] is not pipelined (MREG=0). Pipelining the multiplier function will improve performance and will save significant power so it is suggested whenever possible to fully pipeline this function.  If this multiplier was inferred, it is suggested to describe an additional register stage after this function.  If there is no registered adder/accumulator following the multiply function, two pipeline stages are suggested to allow both the MREG and PREG registers to be used.  If the DSP48 was instantiated in the design, it is suggested to set both the MREG and PREG attributes to 1 when performing multiply functions.
Related violations: <none>

DPOP-2#7 Warning
MREG Output pipelining  
DSP localization_command_ctrl_instance/polygon_clip_engine_instance/classifier_instance/product_x_saved0__1 multiplier stage localization_command_ctrl_instance/polygon_clip_engine_instance/classifier_instance/product_x_saved0__1/P[47:0] is not pipelined (MREG=0). Pipelining the multiplier function will improve performance and will save significant power so it is suggested whenever possible to fully pipeline this function.  If this multiplier was inferred, it is suggested to describe an additional register stage after this function.  If there is no registered adder/accumulator following the multiply function, two pipeline stages are suggested to allow both the MREG and PREG registers to be used.  If the DSP48 was instantiated in the design, it is suggested to set both the MREG and PREG attributes to 1 when performing multiply functions.
Related violations: <none>

DPOP-2#8 Warning
MREG Output pipelining  
DSP localization_command_ctrl_instance/polygon_clip_engine_instance/classifier_instance/product_x_saved0__2 multiplier stage localization_command_ctrl_instance/polygon_clip_engine_instance/classifier_instance/product_x_saved0__2/P[47:0] is not pipelined (MREG=0). Pipelining the multiplier function will improve performance and will save significant power so it is suggested whenever possible to fully pipeline this function.  If this multiplier was inferred, it is suggested to describe an additional register stage after this function.  If there is no registered adder/accumulator following the multiply function, two pipeline stages are suggested to allow both the MREG and PREG registers to be used.  If the DSP48 was instantiated in the design, it is suggested to set both the MREG and PREG attributes to 1 when performing multiply functions.
Related violations: <none>

DPOP-2#9 Warning
MREG Output pipelining  
DSP localization_command_ctrl_instance/polygon_clip_engine_instance/classifier_instance/product_y_saved0 multiplier stage localization_command_ctrl_instance/polygon_clip_engine_instance/classifier_instance/product_y_saved0/P[47:0] is not pipelined (MREG=0). Pipelining the multiplier function will improve performance and will save significant power so it is suggested whenever possible to fully pipeline this function.  If this multiplier was inferred, it is suggested to describe an additional register stage after this function.  If there is no registered adder/accumulator following the multiply function, two pipeline stages are suggested to allow both the MREG and PREG registers to be used.  If the DSP48 was instantiated in the design, it is suggested to set both the MREG and PREG attributes to 1 when performing multiply functions.
Related violations: <none>

DPOP-2#10 Warning
MREG Output pipelining  
DSP localization_command_ctrl_instance/polygon_clip_engine_instance/classifier_instance/product_y_saved0__0 multiplier stage localization_command_ctrl_instance/polygon_clip_engine_instance/classifier_instance/product_y_saved0__0/P[47:0] is not pipelined (MREG=0). Pipelining the multiplier function will improve performance and will save significant power so it is suggested whenever possible to fully pipeline this function.  If this multiplier was inferred, it is suggested to describe an additional register stage after this function.  If there is no registered adder/accumulator following the multiply function, two pipeline stages are suggested to allow both the MREG and PREG registers to be used.  If the DSP48 was instantiated in the design, it is suggested to set both the MREG and PREG attributes to 1 when performing multiply functions.
Related violations: <none>

DPOP-2#11 Warning
MREG Output pipelining  
DSP localization_command_ctrl_instance/polygon_clip_engine_instance/classifier_instance/product_y_saved0__1 multiplier stage localization_command_ctrl_instance/polygon_clip_engine_instance/classifier_instance/product_y_saved0__1/P[47:0] is not pipelined (MREG=0). Pipelining the multiplier function will improve performance and will save significant power so it is suggested whenever possible to fully pipeline this function.  If this multiplier was inferred, it is suggested to describe an additional register stage after this function.  If there is no registered adder/accumulator following the multiply function, two pipeline stages are suggested to allow both the MREG and PREG registers to be used.  If the DSP48 was instantiated in the design, it is suggested to set both the MREG and PREG attributes to 1 when performing multiply functions.
Related violations: <none>

DPOP-2#12 Warning
MREG Output pipelining  
DSP localization_command_ctrl_instance/polygon_clip_engine_instance/classifier_instance/product_y_saved0__2 multiplier stage localization_command_ctrl_instance/polygon_clip_engine_instance/classifier_instance/product_y_saved0__2/P[47:0] is not pipelined (MREG=0). Pipelining the multiplier function will improve performance and will save significant power so it is suggested whenever possible to fully pipeline this function.  If this multiplier was inferred, it is suggested to describe an additional register stage after this function.  If there is no registered adder/accumulator following the multiply function, two pipeline stages are suggested to allow both the MREG and PREG registers to be used.  If the DSP48 was instantiated in the design, it is suggested to set both the MREG and PREG attributes to 1 when performing multiply functions.
Related violations: <none>

DPOP-2#13 Warning
MREG Output pipelining  
DSP localization_command_ctrl_instance/polygon_clip_engine_instance/intersection_instance/product_saved0 multiplier stage localization_command_ctrl_instance/polygon_clip_engine_instance/intersection_instance/product_saved0/P[47:0] is not pipelined (MREG=0). Pipelining the multiplier function will improve performance and will save significant power so it is suggested whenever possible to fully pipeline this function.  If this multiplier was inferred, it is suggested to describe an additional register stage after this function.  If there is no registered adder/accumulator following the multiply function, two pipeline stages are suggested to allow both the MREG and PREG registers to be used.  If the DSP48 was instantiated in the design, it is suggested to set both the MREG and PREG attributes to 1 when performing multiply functions.
Related violations: <none>

DPOP-2#14 Warning
MREG Output pipelining  
DSP localization_command_ctrl_instance/polygon_clip_engine_instance/intersection_instance/product_saved0__0 multiplier stage localization_command_ctrl_instance/polygon_clip_engine_instance/intersection_instance/product_saved0__0/P[47:0] is not pipelined (MREG=0). Pipelining the multiplier function will improve performance and will save significant power so it is suggested whenever possible to fully pipeline this function.  If this multiplier was inferred, it is suggested to describe an additional register stage after this function.  If there is no registered adder/accumulator following the multiply function, two pipeline stages are suggested to allow both the MREG and PREG registers to be used.  If the DSP48 was instantiated in the design, it is suggested to set both the MREG and PREG attributes to 1 when performing multiply functions.
Related violations: <none>

DPOP-2#15 Warning
MREG Output pipelining  
DSP localization_command_ctrl_instance/polygon_clip_engine_instance/intersection_instance/product_saved0__1 multiplier stage localization_command_ctrl_instance/polygon_clip_engine_instance/intersection_instance/product_saved0__1/P[47:0] is not pipelined (MREG=0). Pipelining the multiplier function will improve performance and will save significant power so it is suggested whenever possible to fully pipeline this function.  If this multiplier was inferred, it is suggested to describe an additional register stage after this function.  If there is no registered adder/accumulator following the multiply function, two pipeline stages are suggested to allow both the MREG and PREG registers to be used.  If the DSP48 was instantiated in the design, it is suggested to set both the MREG and PREG attributes to 1 when performing multiply functions.
Related violations: <none>

DPOP-2#16 Warning
MREG Output pipelining  
DSP localization_command_ctrl_instance/polygon_clip_engine_instance/intersection_instance/product_saved0__2 multiplier stage localization_command_ctrl_instance/polygon_clip_engine_instance/intersection_instance/product_saved0__2/P[47:0] is not pipelined (MREG=0). Pipelining the multiplier function will improve performance and will save significant power so it is suggested whenever possible to fully pipeline this function.  If this multiplier was inferred, it is suggested to describe an additional register stage after this function.  If there is no registered adder/accumulator following the multiply function, two pipeline stages are suggested to allow both the MREG and PREG registers to be used.  If the DSP48 was instantiated in the design, it is suggested to set both the MREG and PREG attributes to 1 when performing multiply functions.
Related violations: <none>

DPOP-2#17 Warning
MREG Output pipelining  
DSP localization_command_ctrl_instance/polygon_diameter_engine_instance/square_x_saved0 multiplier stage localization_command_ctrl_instance/polygon_diameter_engine_instance/square_x_saved0/P[47:0] is not pipelined (MREG=0). Pipelining the multiplier function will improve performance and will save significant power so it is suggested whenever possible to fully pipeline this function.  If this multiplier was inferred, it is suggested to describe an additional register stage after this function.  If there is no registered adder/accumulator following the multiply function, two pipeline stages are suggested to allow both the MREG and PREG registers to be used.  If the DSP48 was instantiated in the design, it is suggested to set both the MREG and PREG attributes to 1 when performing multiply functions.
Related violations: <none>

DPOP-2#18 Warning
MREG Output pipelining  
DSP localization_command_ctrl_instance/polygon_diameter_engine_instance/square_x_saved0__0 multiplier stage localization_command_ctrl_instance/polygon_diameter_engine_instance/square_x_saved0__0/P[47:0] is not pipelined (MREG=0). Pipelining the multiplier function will improve performance and will save significant power so it is suggested whenever possible to fully pipeline this function.  If this multiplier was inferred, it is suggested to describe an additional register stage after this function.  If there is no registered adder/accumulator following the multiply function, two pipeline stages are suggested to allow both the MREG and PREG registers to be used.  If the DSP48 was instantiated in the design, it is suggested to set both the MREG and PREG attributes to 1 when performing multiply functions.
Related violations: <none>

DPOP-2#19 Warning
MREG Output pipelining  
DSP localization_command_ctrl_instance/polygon_diameter_engine_instance/square_x_saved0__1 multiplier stage localization_command_ctrl_instance/polygon_diameter_engine_instance/square_x_saved0__1/P[47:0] is not pipelined (MREG=0). Pipelining the multiplier function will improve performance and will save significant power so it is suggested whenever possible to fully pipeline this function.  If this multiplier was inferred, it is suggested to describe an additional register stage after this function.  If there is no registered adder/accumulator following the multiply function, two pipeline stages are suggested to allow both the MREG and PREG registers to be used.  If the DSP48 was instantiated in the design, it is suggested to set both the MREG and PREG attributes to 1 when performing multiply functions.
Related violations: <none>

DPOP-2#20 Warning
MREG Output pipelining  
DSP localization_command_ctrl_instance/polygon_diameter_engine_instance/square_x_saved0__2 multiplier stage localization_command_ctrl_instance/polygon_diameter_engine_instance/square_x_saved0__2/P[47:0] is not pipelined (MREG=0). Pipelining the multiplier function will improve performance and will save significant power so it is suggested whenever possible to fully pipeline this function.  If this multiplier was inferred, it is suggested to describe an additional register stage after this function.  If there is no registered adder/accumulator following the multiply function, two pipeline stages are suggested to allow both the MREG and PREG registers to be used.  If the DSP48 was instantiated in the design, it is suggested to set both the MREG and PREG attributes to 1 when performing multiply functions.
Related violations: <none>

DPOP-2#21 Warning
MREG Output pipelining  
DSP localization_command_ctrl_instance/polygon_diameter_engine_instance/square_y_saved0 multiplier stage localization_command_ctrl_instance/polygon_diameter_engine_instance/square_y_saved0/P[47:0] is not pipelined (MREG=0). Pipelining the multiplier function will improve performance and will save significant power so it is suggested whenever possible to fully pipeline this function.  If this multiplier was inferred, it is suggested to describe an additional register stage after this function.  If there is no registered adder/accumulator following the multiply function, two pipeline stages are suggested to allow both the MREG and PREG registers to be used.  If the DSP48 was instantiated in the design, it is suggested to set both the MREG and PREG attributes to 1 when performing multiply functions.
Related violations: <none>

DPOP-2#22 Warning
MREG Output pipelining  
DSP localization_command_ctrl_instance/polygon_diameter_engine_instance/square_y_saved0__0 multiplier stage localization_command_ctrl_instance/polygon_diameter_engine_instance/square_y_saved0__0/P[47:0] is not pipelined (MREG=0). Pipelining the multiplier function will improve performance and will save significant power so it is suggested whenever possible to fully pipeline this function.  If this multiplier was inferred, it is suggested to describe an additional register stage after this function.  If there is no registered adder/accumulator following the multiply function, two pipeline stages are suggested to allow both the MREG and PREG registers to be used.  If the DSP48 was instantiated in the design, it is suggested to set both the MREG and PREG attributes to 1 when performing multiply functions.
Related violations: <none>

DPOP-2#23 Warning
MREG Output pipelining  
DSP localization_command_ctrl_instance/polygon_diameter_engine_instance/square_y_saved0__1 multiplier stage localization_command_ctrl_instance/polygon_diameter_engine_instance/square_y_saved0__1/P[47:0] is not pipelined (MREG=0). Pipelining the multiplier function will improve performance and will save significant power so it is suggested whenever possible to fully pipeline this function.  If this multiplier was inferred, it is suggested to describe an additional register stage after this function.  If there is no registered adder/accumulator following the multiply function, two pipeline stages are suggested to allow both the MREG and PREG registers to be used.  If the DSP48 was instantiated in the design, it is suggested to set both the MREG and PREG attributes to 1 when performing multiply functions.
Related violations: <none>

DPOP-2#24 Warning
MREG Output pipelining  
DSP localization_command_ctrl_instance/polygon_diameter_engine_instance/square_y_saved0__2 multiplier stage localization_command_ctrl_instance/polygon_diameter_engine_instance/square_y_saved0__2/P[47:0] is not pipelined (MREG=0). Pipelining the multiplier function will improve performance and will save significant power so it is suggested whenever possible to fully pipeline this function.  If this multiplier was inferred, it is suggested to describe an additional register stage after this function.  If there is no registered adder/accumulator following the multiply function, two pipeline stages are suggested to allow both the MREG and PREG registers to be used.  If the DSP48 was instantiated in the design, it is suggested to set both the MREG and PREG attributes to 1 when performing multiply functions.
Related violations: <none>

DPOR-1#1 Warning
Asynchronous load check  
DSP localization_command_ctrl_instance/polygon_clip_engine_instance/classifier_instance/product_x_saved0 output is connected to registers with an asynchronous reset (localization_command_ctrl_instance/polygon_clip_engine_instance/classifier_instance/product_x_saved_reg[0]). This is preventing the possibility of merging these registers in to the DSP Block since the DSP block registers only possess synchronous reset capability.  It is suggested to recode or change these registers to remove the reset or use a synchronous reset to get the best optimization for performance, power and area.
Related violations: <none>

DPOR-1#2 Warning
Asynchronous load check  
DSP localization_command_ctrl_instance/polygon_clip_engine_instance/classifier_instance/product_x_saved0 output is connected to registers with an asynchronous reset (localization_command_ctrl_instance/polygon_clip_engine_instance/classifier_instance/product_x_saved_reg[10]). This is preventing the possibility of merging these registers in to the DSP Block since the DSP block registers only possess synchronous reset capability.  It is suggested to recode or change these registers to remove the reset or use a synchronous reset to get the best optimization for performance, power and area.
Related violations: <none>

DPOR-1#3 Warning
Asynchronous load check  
DSP localization_command_ctrl_instance/polygon_clip_engine_instance/classifier_instance/product_x_saved0 output is connected to registers with an asynchronous reset (localization_command_ctrl_instance/polygon_clip_engine_instance/classifier_instance/product_x_saved_reg[11]). This is preventing the possibility of merging these registers in to the DSP Block since the DSP block registers only possess synchronous reset capability.  It is suggested to recode or change these registers to remove the reset or use a synchronous reset to get the best optimization for performance, power and area.
Related violations: <none>

DPOR-1#4 Warning
Asynchronous load check  
DSP localization_command_ctrl_instance/polygon_clip_engine_instance/classifier_instance/product_x_saved0 output is connected to registers with an asynchronous reset (localization_command_ctrl_instance/polygon_clip_engine_instance/classifier_instance/product_x_saved_reg[12]). This is preventing the possibility of merging these registers in to the DSP Block since the DSP block registers only possess synchronous reset capability.  It is suggested to recode or change these registers to remove the reset or use a synchronous reset to get the best optimization for performance, power and area.
Related violations: <none>

DPOR-1#5 Warning
Asynchronous load check  
DSP localization_command_ctrl_instance/polygon_clip_engine_instance/classifier_instance/product_x_saved0 output is connected to registers with an asynchronous reset (localization_command_ctrl_instance/polygon_clip_engine_instance/classifier_instance/product_x_saved_reg[13]). This is preventing the possibility of merging these registers in to the DSP Block since the DSP block registers only possess synchronous reset capability.  It is suggested to recode or change these registers to remove the reset or use a synchronous reset to get the best optimization for performance, power and area.
Related violations: <none>

DPOR-1#6 Warning
Asynchronous load check  
DSP localization_command_ctrl_instance/polygon_clip_engine_instance/classifier_instance/product_x_saved0 output is connected to registers with an asynchronous reset (localization_command_ctrl_instance/polygon_clip_engine_instance/classifier_instance/product_x_saved_reg[14]). This is preventing the possibility of merging these registers in to the DSP Block since the DSP block registers only possess synchronous reset capability.  It is suggested to recode or change these registers to remove the reset or use a synchronous reset to get the best optimization for performance, power and area.
Related violations: <none>

DPOR-1#7 Warning
Asynchronous load check  
DSP localization_command_ctrl_instance/polygon_clip_engine_instance/classifier_instance/product_x_saved0 output is connected to registers with an asynchronous reset (localization_command_ctrl_instance/polygon_clip_engine_instance/classifier_instance/product_x_saved_reg[15]). This is preventing the possibility of merging these registers in to the DSP Block since the DSP block registers only possess synchronous reset capability.  It is suggested to recode or change these registers to remove the reset or use a synchronous reset to get the best optimization for performance, power and area.
Related violations: <none>

DPOR-1#8 Warning
Asynchronous load check  
DSP localization_command_ctrl_instance/polygon_clip_engine_instance/classifier_instance/product_x_saved0 output is connected to registers with an asynchronous reset (localization_command_ctrl_instance/polygon_clip_engine_instance/classifier_instance/product_x_saved_reg[16]). This is preventing the possibility of merging these registers in to the DSP Block since the DSP block registers only possess synchronous reset capability.  It is suggested to recode or change these registers to remove the reset or use a synchronous reset to get the best optimization for performance, power and area.
Related violations: <none>

DPOR-1#9 Warning
Asynchronous load check  
DSP localization_command_ctrl_instance/polygon_clip_engine_instance/classifier_instance/product_x_saved0 output is connected to registers with an asynchronous reset (localization_command_ctrl_instance/polygon_clip_engine_instance/classifier_instance/product_x_saved_reg[1]). This is preventing the possibility of merging these registers in to the DSP Block since the DSP block registers only possess synchronous reset capability.  It is suggested to recode or change these registers to remove the reset or use a synchronous reset to get the best optimization for performance, power and area.
Related violations: <none>

DPOR-1#10 Warning
Asynchronous load check  
DSP localization_command_ctrl_instance/polygon_clip_engine_instance/classifier_instance/product_x_saved0 output is connected to registers with an asynchronous reset (localization_command_ctrl_instance/polygon_clip_engine_instance/classifier_instance/product_x_saved_reg[2]). This is preventing the possibility of merging these registers in to the DSP Block since the DSP block registers only possess synchronous reset capability.  It is suggested to recode or change these registers to remove the reset or use a synchronous reset to get the best optimization for performance, power and area.
Related violations: <none>

DPOR-1#11 Warning
Asynchronous load check  
DSP localization_command_ctrl_instance/polygon_clip_engine_instance/classifier_instance/product_x_saved0 output is connected to registers with an asynchronous reset (localization_command_ctrl_instance/polygon_clip_engine_instance/classifier_instance/product_x_saved_reg[3]). This is preventing the possibility of merging these registers in to the DSP Block since the DSP block registers only possess synchronous reset capability.  It is suggested to recode or change these registers to remove the reset or use a synchronous reset to get the best optimization for performance, power and area.
Related violations: <none>

DPOR-1#12 Warning
Asynchronous load check  
DSP localization_command_ctrl_instance/polygon_clip_engine_instance/classifier_instance/product_x_saved0 output is connected to registers with an asynchronous reset (localization_command_ctrl_instance/polygon_clip_engine_instance/classifier_instance/product_x_saved_reg[4]). This is preventing the possibility of merging these registers in to the DSP Block since the DSP block registers only possess synchronous reset capability.  It is suggested to recode or change these registers to remove the reset or use a synchronous reset to get the best optimization for performance, power and area.
Related violations: <none>

DPOR-1#13 Warning
Asynchronous load check  
DSP localization_command_ctrl_instance/polygon_clip_engine_instance/classifier_instance/product_x_saved0 output is connected to registers with an asynchronous reset (localization_command_ctrl_instance/polygon_clip_engine_instance/classifier_instance/product_x_saved_reg[5]). This is preventing the possibility of merging these registers in to the DSP Block since the DSP block registers only possess synchronous reset capability.  It is suggested to recode or change these registers to remove the reset or use a synchronous reset to get the best optimization for performance, power and area.
Related violations: <none>

DPOR-1#14 Warning
Asynchronous load check  
DSP localization_command_ctrl_instance/polygon_clip_engine_instance/classifier_instance/product_x_saved0 output is connected to registers with an asynchronous reset (localization_command_ctrl_instance/polygon_clip_engine_instance/classifier_instance/product_x_saved_reg[6]). This is preventing the possibility of merging these registers in to the DSP Block since the DSP block registers only possess synchronous reset capability.  It is suggested to recode or change these registers to remove the reset or use a synchronous reset to get the best optimization for performance, power and area.
Related violations: <none>

DPOR-1#15 Warning
Asynchronous load check  
DSP localization_command_ctrl_instance/polygon_clip_engine_instance/classifier_instance/product_x_saved0 output is connected to registers with an asynchronous reset (localization_command_ctrl_instance/polygon_clip_engine_instance/classifier_instance/product_x_saved_reg[7]). This is preventing the possibility of merging these registers in to the DSP Block since the DSP block registers only possess synchronous reset capability.  It is suggested to recode or change these registers to remove the reset or use a synchronous reset to get the best optimization for performance, power and area.
Related violations: <none>

DPOR-1#16 Warning
Asynchronous load check  
DSP localization_command_ctrl_instance/polygon_clip_engine_instance/classifier_instance/product_x_saved0 output is connected to registers with an asynchronous reset (localization_command_ctrl_instance/polygon_clip_engine_instance/classifier_instance/product_x_saved_reg[8]). This is preventing the possibility of merging these registers in to the DSP Block since the DSP block registers only possess synchronous reset capability.  It is suggested to recode or change these registers to remove the reset or use a synchronous reset to get the best optimization for performance, power and area.
Related violations: <none>

DPOR-1#17 Warning
Asynchronous load check  
DSP localization_command_ctrl_instance/polygon_clip_engine_instance/classifier_instance/product_x_saved0 output is connected to registers with an asynchronous reset (localization_command_ctrl_instance/polygon_clip_engine_instance/classifier_instance/product_x_saved_reg[9]). This is preventing the possibility of merging these registers in to the DSP Block since the DSP block registers only possess synchronous reset capability.  It is suggested to recode or change these registers to remove the reset or use a synchronous reset to get the best optimization for performance, power and area.
Related violations: <none>

DPOR-1#18 Warning
Asynchronous load check  
DSP localization_command_ctrl_instance/polygon_clip_engine_instance/classifier_instance/product_x_saved0__1 output is connected to registers with an asynchronous reset (localization_command_ctrl_instance/polygon_clip_engine_instance/classifier_instance/product_x_saved_reg[0]__1). This is preventing the possibility of merging these registers in to the DSP Block since the DSP block registers only possess synchronous reset capability.  It is suggested to recode or change these registers to remove the reset or use a synchronous reset to get the best optimization for performance, power and area.
Related violations: <none>

DPOR-1#19 Warning
Asynchronous load check  
DSP localization_command_ctrl_instance/polygon_clip_engine_instance/classifier_instance/product_x_saved0__1 output is connected to registers with an asynchronous reset (localization_command_ctrl_instance/polygon_clip_engine_instance/classifier_instance/product_x_saved_reg[10]__1). This is preventing the possibility of merging these registers in to the DSP Block since the DSP block registers only possess synchronous reset capability.  It is suggested to recode or change these registers to remove the reset or use a synchronous reset to get the best optimization for performance, power and area.
Related violations: <none>

DPOR-1#20 Warning
Asynchronous load check  
DSP localization_command_ctrl_instance/polygon_clip_engine_instance/classifier_instance/product_x_saved0__1 output is connected to registers with an asynchronous reset (localization_command_ctrl_instance/polygon_clip_engine_instance/classifier_instance/product_x_saved_reg[11]__1). This is preventing the possibility of merging these registers in to the DSP Block since the DSP block registers only possess synchronous reset capability.  It is suggested to recode or change these registers to remove the reset or use a synchronous reset to get the best optimization for performance, power and area.
Related violations: <none>

DPOR-1#21 Warning
Asynchronous load check  
DSP localization_command_ctrl_instance/polygon_clip_engine_instance/classifier_instance/product_x_saved0__1 output is connected to registers with an asynchronous reset (localization_command_ctrl_instance/polygon_clip_engine_instance/classifier_instance/product_x_saved_reg[12]__1). This is preventing the possibility of merging these registers in to the DSP Block since the DSP block registers only possess synchronous reset capability.  It is suggested to recode or change these registers to remove the reset or use a synchronous reset to get the best optimization for performance, power and area.
Related violations: <none>

DPOR-1#22 Warning
Asynchronous load check  
DSP localization_command_ctrl_instance/polygon_clip_engine_instance/classifier_instance/product_x_saved0__1 output is connected to registers with an asynchronous reset (localization_command_ctrl_instance/polygon_clip_engine_instance/classifier_instance/product_x_saved_reg[13]__1). This is preventing the possibility of merging these registers in to the DSP Block since the DSP block registers only possess synchronous reset capability.  It is suggested to recode or change these registers to remove the reset or use a synchronous reset to get the best optimization for performance, power and area.
Related violations: <none>

DPOR-1#23 Warning
Asynchronous load check  
DSP localization_command_ctrl_instance/polygon_clip_engine_instance/classifier_instance/product_x_saved0__1 output is connected to registers with an asynchronous reset (localization_command_ctrl_instance/polygon_clip_engine_instance/classifier_instance/product_x_saved_reg[14]__1). This is preventing the possibility of merging these registers in to the DSP Block since the DSP block registers only possess synchronous reset capability.  It is suggested to recode or change these registers to remove the reset or use a synchronous reset to get the best optimization for performance, power and area.
Related violations: <none>

DPOR-1#24 Warning
Asynchronous load check  
DSP localization_command_ctrl_instance/polygon_clip_engine_instance/classifier_instance/product_x_saved0__1 output is connected to registers with an asynchronous reset (localization_command_ctrl_instance/polygon_clip_engine_instance/classifier_instance/product_x_saved_reg[15]__1). This is preventing the possibility of merging these registers in to the DSP Block since the DSP block registers only possess synchronous reset capability.  It is suggested to recode or change these registers to remove the reset or use a synchronous reset to get the best optimization for performance, power and area.
Related violations: <none>

DPOR-1#25 Warning
Asynchronous load check  
DSP localization_command_ctrl_instance/polygon_clip_engine_instance/classifier_instance/product_x_saved0__1 output is connected to registers with an asynchronous reset (localization_command_ctrl_instance/polygon_clip_engine_instance/classifier_instance/product_x_saved_reg[16]__1). This is preventing the possibility of merging these registers in to the DSP Block since the DSP block registers only possess synchronous reset capability.  It is suggested to recode or change these registers to remove the reset or use a synchronous reset to get the best optimization for performance, power and area.
Related violations: <none>

DPOR-1#26 Warning
Asynchronous load check  
DSP localization_command_ctrl_instance/polygon_clip_engine_instance/classifier_instance/product_x_saved0__1 output is connected to registers with an asynchronous reset (localization_command_ctrl_instance/polygon_clip_engine_instance/classifier_instance/product_x_saved_reg[1]__1). This is preventing the possibility of merging these registers in to the DSP Block since the DSP block registers only possess synchronous reset capability.  It is suggested to recode or change these registers to remove the reset or use a synchronous reset to get the best optimization for performance, power and area.
Related violations: <none>

DPOR-1#27 Warning
Asynchronous load check  
DSP localization_command_ctrl_instance/polygon_clip_engine_instance/classifier_instance/product_x_saved0__1 output is connected to registers with an asynchronous reset (localization_command_ctrl_instance/polygon_clip_engine_instance/classifier_instance/product_x_saved_reg[2]__1). This is preventing the possibility of merging these registers in to the DSP Block since the DSP block registers only possess synchronous reset capability.  It is suggested to recode or change these registers to remove the reset or use a synchronous reset to get the best optimization for performance, power and area.
Related violations: <none>

DPOR-1#28 Warning
Asynchronous load check  
DSP localization_command_ctrl_instance/polygon_clip_engine_instance/classifier_instance/product_x_saved0__1 output is connected to registers with an asynchronous reset (localization_command_ctrl_instance/polygon_clip_engine_instance/classifier_instance/product_x_saved_reg[3]__1). This is preventing the possibility of merging these registers in to the DSP Block since the DSP block registers only possess synchronous reset capability.  It is suggested to recode or change these registers to remove the reset or use a synchronous reset to get the best optimization for performance, power and area.
Related violations: <none>

DPOR-1#29 Warning
Asynchronous load check  
DSP localization_command_ctrl_instance/polygon_clip_engine_instance/classifier_instance/product_x_saved0__1 output is connected to registers with an asynchronous reset (localization_command_ctrl_instance/polygon_clip_engine_instance/classifier_instance/product_x_saved_reg[4]__1). This is preventing the possibility of merging these registers in to the DSP Block since the DSP block registers only possess synchronous reset capability.  It is suggested to recode or change these registers to remove the reset or use a synchronous reset to get the best optimization for performance, power and area.
Related violations: <none>

DPOR-1#30 Warning
Asynchronous load check  
DSP localization_command_ctrl_instance/polygon_clip_engine_instance/classifier_instance/product_x_saved0__1 output is connected to registers with an asynchronous reset (localization_command_ctrl_instance/polygon_clip_engine_instance/classifier_instance/product_x_saved_reg[5]__1). This is preventing the possibility of merging these registers in to the DSP Block since the DSP block registers only possess synchronous reset capability.  It is suggested to recode or change these registers to remove the reset or use a synchronous reset to get the best optimization for performance, power and area.
Related violations: <none>

DPOR-1#31 Warning
Asynchronous load check  
DSP localization_command_ctrl_instance/polygon_clip_engine_instance/classifier_instance/product_x_saved0__1 output is connected to registers with an asynchronous reset (localization_command_ctrl_instance/polygon_clip_engine_instance/classifier_instance/product_x_saved_reg[6]__1). This is preventing the possibility of merging these registers in to the DSP Block since the DSP block registers only possess synchronous reset capability.  It is suggested to recode or change these registers to remove the reset or use a synchronous reset to get the best optimization for performance, power and area.
Related violations: <none>

DPOR-1#32 Warning
Asynchronous load check  
DSP localization_command_ctrl_instance/polygon_clip_engine_instance/classifier_instance/product_x_saved0__1 output is connected to registers with an asynchronous reset (localization_command_ctrl_instance/polygon_clip_engine_instance/classifier_instance/product_x_saved_reg[7]__1). This is preventing the possibility of merging these registers in to the DSP Block since the DSP block registers only possess synchronous reset capability.  It is suggested to recode or change these registers to remove the reset or use a synchronous reset to get the best optimization for performance, power and area.
Related violations: <none>

DPOR-1#33 Warning
Asynchronous load check  
DSP localization_command_ctrl_instance/polygon_clip_engine_instance/classifier_instance/product_x_saved0__1 output is connected to registers with an asynchronous reset (localization_command_ctrl_instance/polygon_clip_engine_instance/classifier_instance/product_x_saved_reg[8]__1). This is preventing the possibility of merging these registers in to the DSP Block since the DSP block registers only possess synchronous reset capability.  It is suggested to recode or change these registers to remove the reset or use a synchronous reset to get the best optimization for performance, power and area.
Related violations: <none>

DPOR-1#34 Warning
Asynchronous load check  
DSP localization_command_ctrl_instance/polygon_clip_engine_instance/classifier_instance/product_x_saved0__1 output is connected to registers with an asynchronous reset (localization_command_ctrl_instance/polygon_clip_engine_instance/classifier_instance/product_x_saved_reg[9]__1). This is preventing the possibility of merging these registers in to the DSP Block since the DSP block registers only possess synchronous reset capability.  It is suggested to recode or change these registers to remove the reset or use a synchronous reset to get the best optimization for performance, power and area.
Related violations: <none>

DPOR-1#35 Warning
Asynchronous load check  
DSP localization_command_ctrl_instance/polygon_clip_engine_instance/classifier_instance/product_y_saved0 output is connected to registers with an asynchronous reset (localization_command_ctrl_instance/polygon_clip_engine_instance/classifier_instance/product_y_saved_reg[0]). This is preventing the possibility of merging these registers in to the DSP Block since the DSP block registers only possess synchronous reset capability.  It is suggested to recode or change these registers to remove the reset or use a synchronous reset to get the best optimization for performance, power and area.
Related violations: <none>

DPOR-1#36 Warning
Asynchronous load check  
DSP localization_command_ctrl_instance/polygon_clip_engine_instance/classifier_instance/product_y_saved0 output is connected to registers with an asynchronous reset (localization_command_ctrl_instance/polygon_clip_engine_instance/classifier_instance/product_y_saved_reg[10]). This is preventing the possibility of merging these registers in to the DSP Block since the DSP block registers only possess synchronous reset capability.  It is suggested to recode or change these registers to remove the reset or use a synchronous reset to get the best optimization for performance, power and area.
Related violations: <none>

DPOR-1#37 Warning
Asynchronous load check  
DSP localization_command_ctrl_instance/polygon_clip_engine_instance/classifier_instance/product_y_saved0 output is connected to registers with an asynchronous reset (localization_command_ctrl_instance/polygon_clip_engine_instance/classifier_instance/product_y_saved_reg[11]). This is preventing the possibility of merging these registers in to the DSP Block since the DSP block registers only possess synchronous reset capability.  It is suggested to recode or change these registers to remove the reset or use a synchronous reset to get the best optimization for performance, power and area.
Related violations: <none>

DPOR-1#38 Warning
Asynchronous load check  
DSP localization_command_ctrl_instance/polygon_clip_engine_instance/classifier_instance/product_y_saved0 output is connected to registers with an asynchronous reset (localization_command_ctrl_instance/polygon_clip_engine_instance/classifier_instance/product_y_saved_reg[12]). This is preventing the possibility of merging these registers in to the DSP Block since the DSP block registers only possess synchronous reset capability.  It is suggested to recode or change these registers to remove the reset or use a synchronous reset to get the best optimization for performance, power and area.
Related violations: <none>

DPOR-1#39 Warning
Asynchronous load check  
DSP localization_command_ctrl_instance/polygon_clip_engine_instance/classifier_instance/product_y_saved0 output is connected to registers with an asynchronous reset (localization_command_ctrl_instance/polygon_clip_engine_instance/classifier_instance/product_y_saved_reg[13]). This is preventing the possibility of merging these registers in to the DSP Block since the DSP block registers only possess synchronous reset capability.  It is suggested to recode or change these registers to remove the reset or use a synchronous reset to get the best optimization for performance, power and area.
Related violations: <none>

DPOR-1#40 Warning
Asynchronous load check  
DSP localization_command_ctrl_instance/polygon_clip_engine_instance/classifier_instance/product_y_saved0 output is connected to registers with an asynchronous reset (localization_command_ctrl_instance/polygon_clip_engine_instance/classifier_instance/product_y_saved_reg[14]). This is preventing the possibility of merging these registers in to the DSP Block since the DSP block registers only possess synchronous reset capability.  It is suggested to recode or change these registers to remove the reset or use a synchronous reset to get the best optimization for performance, power and area.
Related violations: <none>

DPOR-1#41 Warning
Asynchronous load check  
DSP localization_command_ctrl_instance/polygon_clip_engine_instance/classifier_instance/product_y_saved0 output is connected to registers with an asynchronous reset (localization_command_ctrl_instance/polygon_clip_engine_instance/classifier_instance/product_y_saved_reg[15]). This is preventing the possibility of merging these registers in to the DSP Block since the DSP block registers only possess synchronous reset capability.  It is suggested to recode or change these registers to remove the reset or use a synchronous reset to get the best optimization for performance, power and area.
Related violations: <none>

DPOR-1#42 Warning
Asynchronous load check  
DSP localization_command_ctrl_instance/polygon_clip_engine_instance/classifier_instance/product_y_saved0 output is connected to registers with an asynchronous reset (localization_command_ctrl_instance/polygon_clip_engine_instance/classifier_instance/product_y_saved_reg[16]). This is preventing the possibility of merging these registers in to the DSP Block since the DSP block registers only possess synchronous reset capability.  It is suggested to recode or change these registers to remove the reset or use a synchronous reset to get the best optimization for performance, power and area.
Related violations: <none>

DPOR-1#43 Warning
Asynchronous load check  
DSP localization_command_ctrl_instance/polygon_clip_engine_instance/classifier_instance/product_y_saved0 output is connected to registers with an asynchronous reset (localization_command_ctrl_instance/polygon_clip_engine_instance/classifier_instance/product_y_saved_reg[1]). This is preventing the possibility of merging these registers in to the DSP Block since the DSP block registers only possess synchronous reset capability.  It is suggested to recode or change these registers to remove the reset or use a synchronous reset to get the best optimization for performance, power and area.
Related violations: <none>

DPOR-1#44 Warning
Asynchronous load check  
DSP localization_command_ctrl_instance/polygon_clip_engine_instance/classifier_instance/product_y_saved0 output is connected to registers with an asynchronous reset (localization_command_ctrl_instance/polygon_clip_engine_instance/classifier_instance/product_y_saved_reg[2]). This is preventing the possibility of merging these registers in to the DSP Block since the DSP block registers only possess synchronous reset capability.  It is suggested to recode or change these registers to remove the reset or use a synchronous reset to get the best optimization for performance, power and area.
Related violations: <none>

DPOR-1#45 Warning
Asynchronous load check  
DSP localization_command_ctrl_instance/polygon_clip_engine_instance/classifier_instance/product_y_saved0 output is connected to registers with an asynchronous reset (localization_command_ctrl_instance/polygon_clip_engine_instance/classifier_instance/product_y_saved_reg[3]). This is preventing the possibility of merging these registers in to the DSP Block since the DSP block registers only possess synchronous reset capability.  It is suggested to recode or change these registers to remove the reset or use a synchronous reset to get the best optimization for performance, power and area.
Related violations: <none>

DPOR-1#46 Warning
Asynchronous load check  
DSP localization_command_ctrl_instance/polygon_clip_engine_instance/classifier_instance/product_y_saved0 output is connected to registers with an asynchronous reset (localization_command_ctrl_instance/polygon_clip_engine_instance/classifier_instance/product_y_saved_reg[4]). This is preventing the possibility of merging these registers in to the DSP Block since the DSP block registers only possess synchronous reset capability.  It is suggested to recode or change these registers to remove the reset or use a synchronous reset to get the best optimization for performance, power and area.
Related violations: <none>

DPOR-1#47 Warning
Asynchronous load check  
DSP localization_command_ctrl_instance/polygon_clip_engine_instance/classifier_instance/product_y_saved0 output is connected to registers with an asynchronous reset (localization_command_ctrl_instance/polygon_clip_engine_instance/classifier_instance/product_y_saved_reg[5]). This is preventing the possibility of merging these registers in to the DSP Block since the DSP block registers only possess synchronous reset capability.  It is suggested to recode or change these registers to remove the reset or use a synchronous reset to get the best optimization for performance, power and area.
Related violations: <none>

DPOR-1#48 Warning
Asynchronous load check  
DSP localization_command_ctrl_instance/polygon_clip_engine_instance/classifier_instance/product_y_saved0 output is connected to registers with an asynchronous reset (localization_command_ctrl_instance/polygon_clip_engine_instance/classifier_instance/product_y_saved_reg[6]). This is preventing the possibility of merging these registers in to the DSP Block since the DSP block registers only possess synchronous reset capability.  It is suggested to recode or change these registers to remove the reset or use a synchronous reset to get the best optimization for performance, power and area.
Related violations: <none>

DPOR-1#49 Warning
Asynchronous load check  
DSP localization_command_ctrl_instance/polygon_clip_engine_instance/classifier_instance/product_y_saved0 output is connected to registers with an asynchronous reset (localization_command_ctrl_instance/polygon_clip_engine_instance/classifier_instance/product_y_saved_reg[7]). This is preventing the possibility of merging these registers in to the DSP Block since the DSP block registers only possess synchronous reset capability.  It is suggested to recode or change these registers to remove the reset or use a synchronous reset to get the best optimization for performance, power and area.
Related violations: <none>

DPOR-1#50 Warning
Asynchronous load check  
DSP localization_command_ctrl_instance/polygon_clip_engine_instance/classifier_instance/product_y_saved0 output is connected to registers with an asynchronous reset (localization_command_ctrl_instance/polygon_clip_engine_instance/classifier_instance/product_y_saved_reg[8]). This is preventing the possibility of merging these registers in to the DSP Block since the DSP block registers only possess synchronous reset capability.  It is suggested to recode or change these registers to remove the reset or use a synchronous reset to get the best optimization for performance, power and area.
Related violations: <none>

DPOR-1#51 Warning
Asynchronous load check  
DSP localization_command_ctrl_instance/polygon_clip_engine_instance/classifier_instance/product_y_saved0 output is connected to registers with an asynchronous reset (localization_command_ctrl_instance/polygon_clip_engine_instance/classifier_instance/product_y_saved_reg[9]). This is preventing the possibility of merging these registers in to the DSP Block since the DSP block registers only possess synchronous reset capability.  It is suggested to recode or change these registers to remove the reset or use a synchronous reset to get the best optimization for performance, power and area.
Related violations: <none>

DPOR-1#52 Warning
Asynchronous load check  
DSP localization_command_ctrl_instance/polygon_clip_engine_instance/classifier_instance/product_y_saved0__1 output is connected to registers with an asynchronous reset (localization_command_ctrl_instance/polygon_clip_engine_instance/classifier_instance/product_y_saved_reg[0]__1). This is preventing the possibility of merging these registers in to the DSP Block since the DSP block registers only possess synchronous reset capability.  It is suggested to recode or change these registers to remove the reset or use a synchronous reset to get the best optimization for performance, power and area.
Related violations: <none>

DPOR-1#53 Warning
Asynchronous load check  
DSP localization_command_ctrl_instance/polygon_clip_engine_instance/classifier_instance/product_y_saved0__1 output is connected to registers with an asynchronous reset (localization_command_ctrl_instance/polygon_clip_engine_instance/classifier_instance/product_y_saved_reg[10]__1). This is preventing the possibility of merging these registers in to the DSP Block since the DSP block registers only possess synchronous reset capability.  It is suggested to recode or change these registers to remove the reset or use a synchronous reset to get the best optimization for performance, power and area.
Related violations: <none>

DPOR-1#54 Warning
Asynchronous load check  
DSP localization_command_ctrl_instance/polygon_clip_engine_instance/classifier_instance/product_y_saved0__1 output is connected to registers with an asynchronous reset (localization_command_ctrl_instance/polygon_clip_engine_instance/classifier_instance/product_y_saved_reg[11]__1). This is preventing the possibility of merging these registers in to the DSP Block since the DSP block registers only possess synchronous reset capability.  It is suggested to recode or change these registers to remove the reset or use a synchronous reset to get the best optimization for performance, power and area.
Related violations: <none>

DPOR-1#55 Warning
Asynchronous load check  
DSP localization_command_ctrl_instance/polygon_clip_engine_instance/classifier_instance/product_y_saved0__1 output is connected to registers with an asynchronous reset (localization_command_ctrl_instance/polygon_clip_engine_instance/classifier_instance/product_y_saved_reg[12]__1). This is preventing the possibility of merging these registers in to the DSP Block since the DSP block registers only possess synchronous reset capability.  It is suggested to recode or change these registers to remove the reset or use a synchronous reset to get the best optimization for performance, power and area.
Related violations: <none>

DPOR-1#56 Warning
Asynchronous load check  
DSP localization_command_ctrl_instance/polygon_clip_engine_instance/classifier_instance/product_y_saved0__1 output is connected to registers with an asynchronous reset (localization_command_ctrl_instance/polygon_clip_engine_instance/classifier_instance/product_y_saved_reg[13]__1). This is preventing the possibility of merging these registers in to the DSP Block since the DSP block registers only possess synchronous reset capability.  It is suggested to recode or change these registers to remove the reset or use a synchronous reset to get the best optimization for performance, power and area.
Related violations: <none>

DPOR-1#57 Warning
Asynchronous load check  
DSP localization_command_ctrl_instance/polygon_clip_engine_instance/classifier_instance/product_y_saved0__1 output is connected to registers with an asynchronous reset (localization_command_ctrl_instance/polygon_clip_engine_instance/classifier_instance/product_y_saved_reg[14]__1). This is preventing the possibility of merging these registers in to the DSP Block since the DSP block registers only possess synchronous reset capability.  It is suggested to recode or change these registers to remove the reset or use a synchronous reset to get the best optimization for performance, power and area.
Related violations: <none>

DPOR-1#58 Warning
Asynchronous load check  
DSP localization_command_ctrl_instance/polygon_clip_engine_instance/classifier_instance/product_y_saved0__1 output is connected to registers with an asynchronous reset (localization_command_ctrl_instance/polygon_clip_engine_instance/classifier_instance/product_y_saved_reg[15]__1). This is preventing the possibility of merging these registers in to the DSP Block since the DSP block registers only possess synchronous reset capability.  It is suggested to recode or change these registers to remove the reset or use a synchronous reset to get the best optimization for performance, power and area.
Related violations: <none>

DPOR-1#59 Warning
Asynchronous load check  
DSP localization_command_ctrl_instance/polygon_clip_engine_instance/classifier_instance/product_y_saved0__1 output is connected to registers with an asynchronous reset (localization_command_ctrl_instance/polygon_clip_engine_instance/classifier_instance/product_y_saved_reg[16]__1). This is preventing the possibility of merging these registers in to the DSP Block since the DSP block registers only possess synchronous reset capability.  It is suggested to recode or change these registers to remove the reset or use a synchronous reset to get the best optimization for performance, power and area.
Related violations: <none>

DPOR-1#60 Warning
Asynchronous load check  
DSP localization_command_ctrl_instance/polygon_clip_engine_instance/classifier_instance/product_y_saved0__1 output is connected to registers with an asynchronous reset (localization_command_ctrl_instance/polygon_clip_engine_instance/classifier_instance/product_y_saved_reg[1]__1). This is preventing the possibility of merging these registers in to the DSP Block since the DSP block registers only possess synchronous reset capability.  It is suggested to recode or change these registers to remove the reset or use a synchronous reset to get the best optimization for performance, power and area.
Related violations: <none>

DPOR-1#61 Warning
Asynchronous load check  
DSP localization_command_ctrl_instance/polygon_clip_engine_instance/classifier_instance/product_y_saved0__1 output is connected to registers with an asynchronous reset (localization_command_ctrl_instance/polygon_clip_engine_instance/classifier_instance/product_y_saved_reg[2]__1). This is preventing the possibility of merging these registers in to the DSP Block since the DSP block registers only possess synchronous reset capability.  It is suggested to recode or change these registers to remove the reset or use a synchronous reset to get the best optimization for performance, power and area.
Related violations: <none>

DPOR-1#62 Warning
Asynchronous load check  
DSP localization_command_ctrl_instance/polygon_clip_engine_instance/classifier_instance/product_y_saved0__1 output is connected to registers with an asynchronous reset (localization_command_ctrl_instance/polygon_clip_engine_instance/classifier_instance/product_y_saved_reg[3]__1). This is preventing the possibility of merging these registers in to the DSP Block since the DSP block registers only possess synchronous reset capability.  It is suggested to recode or change these registers to remove the reset or use a synchronous reset to get the best optimization for performance, power and area.
Related violations: <none>

DPOR-1#63 Warning
Asynchronous load check  
DSP localization_command_ctrl_instance/polygon_clip_engine_instance/classifier_instance/product_y_saved0__1 output is connected to registers with an asynchronous reset (localization_command_ctrl_instance/polygon_clip_engine_instance/classifier_instance/product_y_saved_reg[4]__1). This is preventing the possibility of merging these registers in to the DSP Block since the DSP block registers only possess synchronous reset capability.  It is suggested to recode or change these registers to remove the reset or use a synchronous reset to get the best optimization for performance, power and area.
Related violations: <none>

DPOR-1#64 Warning
Asynchronous load check  
DSP localization_command_ctrl_instance/polygon_clip_engine_instance/classifier_instance/product_y_saved0__1 output is connected to registers with an asynchronous reset (localization_command_ctrl_instance/polygon_clip_engine_instance/classifier_instance/product_y_saved_reg[5]__1). This is preventing the possibility of merging these registers in to the DSP Block since the DSP block registers only possess synchronous reset capability.  It is suggested to recode or change these registers to remove the reset or use a synchronous reset to get the best optimization for performance, power and area.
Related violations: <none>

DPOR-1#65 Warning
Asynchronous load check  
DSP localization_command_ctrl_instance/polygon_clip_engine_instance/classifier_instance/product_y_saved0__1 output is connected to registers with an asynchronous reset (localization_command_ctrl_instance/polygon_clip_engine_instance/classifier_instance/product_y_saved_reg[6]__1). This is preventing the possibility of merging these registers in to the DSP Block since the DSP block registers only possess synchronous reset capability.  It is suggested to recode or change these registers to remove the reset or use a synchronous reset to get the best optimization for performance, power and area.
Related violations: <none>

DPOR-1#66 Warning
Asynchronous load check  
DSP localization_command_ctrl_instance/polygon_clip_engine_instance/classifier_instance/product_y_saved0__1 output is connected to registers with an asynchronous reset (localization_command_ctrl_instance/polygon_clip_engine_instance/classifier_instance/product_y_saved_reg[7]__1). This is preventing the possibility of merging these registers in to the DSP Block since the DSP block registers only possess synchronous reset capability.  It is suggested to recode or change these registers to remove the reset or use a synchronous reset to get the best optimization for performance, power and area.
Related violations: <none>

DPOR-1#67 Warning
Asynchronous load check  
DSP localization_command_ctrl_instance/polygon_clip_engine_instance/classifier_instance/product_y_saved0__1 output is connected to registers with an asynchronous reset (localization_command_ctrl_instance/polygon_clip_engine_instance/classifier_instance/product_y_saved_reg[8]__1). This is preventing the possibility of merging these registers in to the DSP Block since the DSP block registers only possess synchronous reset capability.  It is suggested to recode or change these registers to remove the reset or use a synchronous reset to get the best optimization for performance, power and area.
Related violations: <none>

DPOR-1#68 Warning
Asynchronous load check  
DSP localization_command_ctrl_instance/polygon_clip_engine_instance/classifier_instance/product_y_saved0__1 output is connected to registers with an asynchronous reset (localization_command_ctrl_instance/polygon_clip_engine_instance/classifier_instance/product_y_saved_reg[9]__1). This is preventing the possibility of merging these registers in to the DSP Block since the DSP block registers only possess synchronous reset capability.  It is suggested to recode or change these registers to remove the reset or use a synchronous reset to get the best optimization for performance, power and area.
Related violations: <none>

DPOR-1#69 Warning
Asynchronous load check  
DSP localization_command_ctrl_instance/polygon_clip_engine_instance/intersection_instance/product_saved0 output is connected to registers with an asynchronous reset (localization_command_ctrl_instance/polygon_clip_engine_instance/intersection_instance/product_saved_reg[0]). This is preventing the possibility of merging these registers in to the DSP Block since the DSP block registers only possess synchronous reset capability.  It is suggested to recode or change these registers to remove the reset or use a synchronous reset to get the best optimization for performance, power and area.
Related violations: <none>

DPOR-1#70 Warning
Asynchronous load check  
DSP localization_command_ctrl_instance/polygon_clip_engine_instance/intersection_instance/product_saved0 output is connected to registers with an asynchronous reset (localization_command_ctrl_instance/polygon_clip_engine_instance/intersection_instance/product_saved_reg[10]). This is preventing the possibility of merging these registers in to the DSP Block since the DSP block registers only possess synchronous reset capability.  It is suggested to recode or change these registers to remove the reset or use a synchronous reset to get the best optimization for performance, power and area.
Related violations: <none>

DPOR-1#71 Warning
Asynchronous load check  
DSP localization_command_ctrl_instance/polygon_clip_engine_instance/intersection_instance/product_saved0 output is connected to registers with an asynchronous reset (localization_command_ctrl_instance/polygon_clip_engine_instance/intersection_instance/product_saved_reg[11]). This is preventing the possibility of merging these registers in to the DSP Block since the DSP block registers only possess synchronous reset capability.  It is suggested to recode or change these registers to remove the reset or use a synchronous reset to get the best optimization for performance, power and area.
Related violations: <none>

DPOR-1#72 Warning
Asynchronous load check  
DSP localization_command_ctrl_instance/polygon_clip_engine_instance/intersection_instance/product_saved0 output is connected to registers with an asynchronous reset (localization_command_ctrl_instance/polygon_clip_engine_instance/intersection_instance/product_saved_reg[12]). This is preventing the possibility of merging these registers in to the DSP Block since the DSP block registers only possess synchronous reset capability.  It is suggested to recode or change these registers to remove the reset or use a synchronous reset to get the best optimization for performance, power and area.
Related violations: <none>

DPOR-1#73 Warning
Asynchronous load check  
DSP localization_command_ctrl_instance/polygon_clip_engine_instance/intersection_instance/product_saved0 output is connected to registers with an asynchronous reset (localization_command_ctrl_instance/polygon_clip_engine_instance/intersection_instance/product_saved_reg[13]). This is preventing the possibility of merging these registers in to the DSP Block since the DSP block registers only possess synchronous reset capability.  It is suggested to recode or change these registers to remove the reset or use a synchronous reset to get the best optimization for performance, power and area.
Related violations: <none>

DPOR-1#74 Warning
Asynchronous load check  
DSP localization_command_ctrl_instance/polygon_clip_engine_instance/intersection_instance/product_saved0 output is connected to registers with an asynchronous reset (localization_command_ctrl_instance/polygon_clip_engine_instance/intersection_instance/product_saved_reg[14]). This is preventing the possibility of merging these registers in to the DSP Block since the DSP block registers only possess synchronous reset capability.  It is suggested to recode or change these registers to remove the reset or use a synchronous reset to get the best optimization for performance, power and area.
Related violations: <none>

DPOR-1#75 Warning
Asynchronous load check  
DSP localization_command_ctrl_instance/polygon_clip_engine_instance/intersection_instance/product_saved0 output is connected to registers with an asynchronous reset (localization_command_ctrl_instance/polygon_clip_engine_instance/intersection_instance/product_saved_reg[15]). This is preventing the possibility of merging these registers in to the DSP Block since the DSP block registers only possess synchronous reset capability.  It is suggested to recode or change these registers to remove the reset or use a synchronous reset to get the best optimization for performance, power and area.
Related violations: <none>

DPOR-1#76 Warning
Asynchronous load check  
DSP localization_command_ctrl_instance/polygon_clip_engine_instance/intersection_instance/product_saved0 output is connected to registers with an asynchronous reset (localization_command_ctrl_instance/polygon_clip_engine_instance/intersection_instance/product_saved_reg[16]). This is preventing the possibility of merging these registers in to the DSP Block since the DSP block registers only possess synchronous reset capability.  It is suggested to recode or change these registers to remove the reset or use a synchronous reset to get the best optimization for performance, power and area.
Related violations: <none>

DPOR-1#77 Warning
Asynchronous load check  
DSP localization_command_ctrl_instance/polygon_clip_engine_instance/intersection_instance/product_saved0 output is connected to registers with an asynchronous reset (localization_command_ctrl_instance/polygon_clip_engine_instance/intersection_instance/product_saved_reg[1]). This is preventing the possibility of merging these registers in to the DSP Block since the DSP block registers only possess synchronous reset capability.  It is suggested to recode or change these registers to remove the reset or use a synchronous reset to get the best optimization for performance, power and area.
Related violations: <none>

DPOR-1#78 Warning
Asynchronous load check  
DSP localization_command_ctrl_instance/polygon_clip_engine_instance/intersection_instance/product_saved0 output is connected to registers with an asynchronous reset (localization_command_ctrl_instance/polygon_clip_engine_instance/intersection_instance/product_saved_reg[2]). This is preventing the possibility of merging these registers in to the DSP Block since the DSP block registers only possess synchronous reset capability.  It is suggested to recode or change these registers to remove the reset or use a synchronous reset to get the best optimization for performance, power and area.
Related violations: <none>

DPOR-1#79 Warning
Asynchronous load check  
DSP localization_command_ctrl_instance/polygon_clip_engine_instance/intersection_instance/product_saved0 output is connected to registers with an asynchronous reset (localization_command_ctrl_instance/polygon_clip_engine_instance/intersection_instance/product_saved_reg[3]). This is preventing the possibility of merging these registers in to the DSP Block since the DSP block registers only possess synchronous reset capability.  It is suggested to recode or change these registers to remove the reset or use a synchronous reset to get the best optimization for performance, power and area.
Related violations: <none>

DPOR-1#80 Warning
Asynchronous load check  
DSP localization_command_ctrl_instance/polygon_clip_engine_instance/intersection_instance/product_saved0 output is connected to registers with an asynchronous reset (localization_command_ctrl_instance/polygon_clip_engine_instance/intersection_instance/product_saved_reg[4]). This is preventing the possibility of merging these registers in to the DSP Block since the DSP block registers only possess synchronous reset capability.  It is suggested to recode or change these registers to remove the reset or use a synchronous reset to get the best optimization for performance, power and area.
Related violations: <none>

DPOR-1#81 Warning
Asynchronous load check  
DSP localization_command_ctrl_instance/polygon_clip_engine_instance/intersection_instance/product_saved0 output is connected to registers with an asynchronous reset (localization_command_ctrl_instance/polygon_clip_engine_instance/intersection_instance/product_saved_reg[5]). This is preventing the possibility of merging these registers in to the DSP Block since the DSP block registers only possess synchronous reset capability.  It is suggested to recode or change these registers to remove the reset or use a synchronous reset to get the best optimization for performance, power and area.
Related violations: <none>

DPOR-1#82 Warning
Asynchronous load check  
DSP localization_command_ctrl_instance/polygon_clip_engine_instance/intersection_instance/product_saved0 output is connected to registers with an asynchronous reset (localization_command_ctrl_instance/polygon_clip_engine_instance/intersection_instance/product_saved_reg[6]). This is preventing the possibility of merging these registers in to the DSP Block since the DSP block registers only possess synchronous reset capability.  It is suggested to recode or change these registers to remove the reset or use a synchronous reset to get the best optimization for performance, power and area.
Related violations: <none>

DPOR-1#83 Warning
Asynchronous load check  
DSP localization_command_ctrl_instance/polygon_clip_engine_instance/intersection_instance/product_saved0 output is connected to registers with an asynchronous reset (localization_command_ctrl_instance/polygon_clip_engine_instance/intersection_instance/product_saved_reg[7]). This is preventing the possibility of merging these registers in to the DSP Block since the DSP block registers only possess synchronous reset capability.  It is suggested to recode or change these registers to remove the reset or use a synchronous reset to get the best optimization for performance, power and area.
Related violations: <none>

DPOR-1#84 Warning
Asynchronous load check  
DSP localization_command_ctrl_instance/polygon_clip_engine_instance/intersection_instance/product_saved0 output is connected to registers with an asynchronous reset (localization_command_ctrl_instance/polygon_clip_engine_instance/intersection_instance/product_saved_reg[8]). This is preventing the possibility of merging these registers in to the DSP Block since the DSP block registers only possess synchronous reset capability.  It is suggested to recode or change these registers to remove the reset or use a synchronous reset to get the best optimization for performance, power and area.
Related violations: <none>

DPOR-1#85 Warning
Asynchronous load check  
DSP localization_command_ctrl_instance/polygon_clip_engine_instance/intersection_instance/product_saved0 output is connected to registers with an asynchronous reset (localization_command_ctrl_instance/polygon_clip_engine_instance/intersection_instance/product_saved_reg[9]). This is preventing the possibility of merging these registers in to the DSP Block since the DSP block registers only possess synchronous reset capability.  It is suggested to recode or change these registers to remove the reset or use a synchronous reset to get the best optimization for performance, power and area.
Related violations: <none>

DPOR-1#86 Warning
Asynchronous load check  
DSP localization_command_ctrl_instance/polygon_clip_engine_instance/intersection_instance/product_saved0__1 output is connected to registers with an asynchronous reset (localization_command_ctrl_instance/polygon_clip_engine_instance/intersection_instance/product_saved_reg[0]__1). This is preventing the possibility of merging these registers in to the DSP Block since the DSP block registers only possess synchronous reset capability.  It is suggested to recode or change these registers to remove the reset or use a synchronous reset to get the best optimization for performance, power and area.
Related violations: <none>

DPOR-1#87 Warning
Asynchronous load check  
DSP localization_command_ctrl_instance/polygon_clip_engine_instance/intersection_instance/product_saved0__1 output is connected to registers with an asynchronous reset (localization_command_ctrl_instance/polygon_clip_engine_instance/intersection_instance/product_saved_reg[10]__1). This is preventing the possibility of merging these registers in to the DSP Block since the DSP block registers only possess synchronous reset capability.  It is suggested to recode or change these registers to remove the reset or use a synchronous reset to get the best optimization for performance, power and area.
Related violations: <none>

DPOR-1#88 Warning
Asynchronous load check  
DSP localization_command_ctrl_instance/polygon_clip_engine_instance/intersection_instance/product_saved0__1 output is connected to registers with an asynchronous reset (localization_command_ctrl_instance/polygon_clip_engine_instance/intersection_instance/product_saved_reg[11]__1). This is preventing the possibility of merging these registers in to the DSP Block since the DSP block registers only possess synchronous reset capability.  It is suggested to recode or change these registers to remove the reset or use a synchronous reset to get the best optimization for performance, power and area.
Related violations: <none>

DPOR-1#89 Warning
Asynchronous load check  
DSP localization_command_ctrl_instance/polygon_clip_engine_instance/intersection_instance/product_saved0__1 output is connected to registers with an asynchronous reset (localization_command_ctrl_instance/polygon_clip_engine_instance/intersection_instance/product_saved_reg[12]__1). This is preventing the possibility of merging these registers in to the DSP Block since the DSP block registers only possess synchronous reset capability.  It is suggested to recode or change these registers to remove the reset or use a synchronous reset to get the best optimization for performance, power and area.
Related violations: <none>

DPOR-1#90 Warning
Asynchronous load check  
DSP localization_command_ctrl_instance/polygon_clip_engine_instance/intersection_instance/product_saved0__1 output is connected to registers with an asynchronous reset (localization_command_ctrl_instance/polygon_clip_engine_instance/intersection_instance/product_saved_reg[13]__1). This is preventing the possibility of merging these registers in to the DSP Block since the DSP block registers only possess synchronous reset capability.  It is suggested to recode or change these registers to remove the reset or use a synchronous reset to get the best optimization for performance, power and area.
Related violations: <none>

DPOR-1#91 Warning
Asynchronous load check  
DSP localization_command_ctrl_instance/polygon_clip_engine_instance/intersection_instance/product_saved0__1 output is connected to registers with an asynchronous reset (localization_command_ctrl_instance/polygon_clip_engine_instance/intersection_instance/product_saved_reg[14]__1). This is preventing the possibility of merging these registers in to the DSP Block since the DSP block registers only possess synchronous reset capability.  It is suggested to recode or change these registers to remove the reset or use a synchronous reset to get the best optimization for performance, power and area.
Related violations: <none>

DPOR-1#92 Warning
Asynchronous load check  
DSP localization_command_ctrl_instance/polygon_clip_engine_instance/intersection_instance/product_saved0__1 output is connected to registers with an asynchronous reset (localization_command_ctrl_instance/polygon_clip_engine_instance/intersection_instance/product_saved_reg[15]__1). This is preventing the possibility of merging these registers in to the DSP Block since the DSP block registers only possess synchronous reset capability.  It is suggested to recode or change these registers to remove the reset or use a synchronous reset to get the best optimization for performance, power and area.
Related violations: <none>

DPOR-1#93 Warning
Asynchronous load check  
DSP localization_command_ctrl_instance/polygon_clip_engine_instance/intersection_instance/product_saved0__1 output is connected to registers with an asynchronous reset (localization_command_ctrl_instance/polygon_clip_engine_instance/intersection_instance/product_saved_reg[16]__1). This is preventing the possibility of merging these registers in to the DSP Block since the DSP block registers only possess synchronous reset capability.  It is suggested to recode or change these registers to remove the reset or use a synchronous reset to get the best optimization for performance, power and area.
Related violations: <none>

DPOR-1#94 Warning
Asynchronous load check  
DSP localization_command_ctrl_instance/polygon_clip_engine_instance/intersection_instance/product_saved0__1 output is connected to registers with an asynchronous reset (localization_command_ctrl_instance/polygon_clip_engine_instance/intersection_instance/product_saved_reg[1]__1). This is preventing the possibility of merging these registers in to the DSP Block since the DSP block registers only possess synchronous reset capability.  It is suggested to recode or change these registers to remove the reset or use a synchronous reset to get the best optimization for performance, power and area.
Related violations: <none>

DPOR-1#95 Warning
Asynchronous load check  
DSP localization_command_ctrl_instance/polygon_clip_engine_instance/intersection_instance/product_saved0__1 output is connected to registers with an asynchronous reset (localization_command_ctrl_instance/polygon_clip_engine_instance/intersection_instance/product_saved_reg[2]__1). This is preventing the possibility of merging these registers in to the DSP Block since the DSP block registers only possess synchronous reset capability.  It is suggested to recode or change these registers to remove the reset or use a synchronous reset to get the best optimization for performance, power and area.
Related violations: <none>

DPOR-1#96 Warning
Asynchronous load check  
DSP localization_command_ctrl_instance/polygon_clip_engine_instance/intersection_instance/product_saved0__1 output is connected to registers with an asynchronous reset (localization_command_ctrl_instance/polygon_clip_engine_instance/intersection_instance/product_saved_reg[3]__1). This is preventing the possibility of merging these registers in to the DSP Block since the DSP block registers only possess synchronous reset capability.  It is suggested to recode or change these registers to remove the reset or use a synchronous reset to get the best optimization for performance, power and area.
Related violations: <none>

DPOR-1#97 Warning
Asynchronous load check  
DSP localization_command_ctrl_instance/polygon_clip_engine_instance/intersection_instance/product_saved0__1 output is connected to registers with an asynchronous reset (localization_command_ctrl_instance/polygon_clip_engine_instance/intersection_instance/product_saved_reg[4]__1). This is preventing the possibility of merging these registers in to the DSP Block since the DSP block registers only possess synchronous reset capability.  It is suggested to recode or change these registers to remove the reset or use a synchronous reset to get the best optimization for performance, power and area.
Related violations: <none>

DPOR-1#98 Warning
Asynchronous load check  
DSP localization_command_ctrl_instance/polygon_clip_engine_instance/intersection_instance/product_saved0__1 output is connected to registers with an asynchronous reset (localization_command_ctrl_instance/polygon_clip_engine_instance/intersection_instance/product_saved_reg[5]__1). This is preventing the possibility of merging these registers in to the DSP Block since the DSP block registers only possess synchronous reset capability.  It is suggested to recode or change these registers to remove the reset or use a synchronous reset to get the best optimization for performance, power and area.
Related violations: <none>

DPOR-1#99 Warning
Asynchronous load check  
DSP localization_command_ctrl_instance/polygon_clip_engine_instance/intersection_instance/product_saved0__1 output is connected to registers with an asynchronous reset (localization_command_ctrl_instance/polygon_clip_engine_instance/intersection_instance/product_saved_reg[6]__1). This is preventing the possibility of merging these registers in to the DSP Block since the DSP block registers only possess synchronous reset capability.  It is suggested to recode or change these registers to remove the reset or use a synchronous reset to get the best optimization for performance, power and area.
Related violations: <none>

DPOR-1#100 Warning
Asynchronous load check  
DSP localization_command_ctrl_instance/polygon_clip_engine_instance/intersection_instance/product_saved0__1 output is connected to registers with an asynchronous reset (localization_command_ctrl_instance/polygon_clip_engine_instance/intersection_instance/product_saved_reg[7]__1). This is preventing the possibility of merging these registers in to the DSP Block since the DSP block registers only possess synchronous reset capability.  It is suggested to recode or change these registers to remove the reset or use a synchronous reset to get the best optimization for performance, power and area.
Related violations: <none>

DPOR-1#101 Warning
Asynchronous load check  
DSP localization_command_ctrl_instance/polygon_clip_engine_instance/intersection_instance/product_saved0__1 output is connected to registers with an asynchronous reset (localization_command_ctrl_instance/polygon_clip_engine_instance/intersection_instance/product_saved_reg[8]__1). This is preventing the possibility of merging these registers in to the DSP Block since the DSP block registers only possess synchronous reset capability.  It is suggested to recode or change these registers to remove the reset or use a synchronous reset to get the best optimization for performance, power and area.
Related violations: <none>

DPOR-1#102 Warning
Asynchronous load check  
DSP localization_command_ctrl_instance/polygon_clip_engine_instance/intersection_instance/product_saved0__1 output is connected to registers with an asynchronous reset (localization_command_ctrl_instance/polygon_clip_engine_instance/intersection_instance/product_saved_reg[9]__1). This is preventing the possibility of merging these registers in to the DSP Block since the DSP block registers only possess synchronous reset capability.  It is suggested to recode or change these registers to remove the reset or use a synchronous reset to get the best optimization for performance, power and area.
Related violations: <none>

DPOR-1#103 Warning
Asynchronous load check  
DSP localization_command_ctrl_instance/polygon_diameter_engine_instance/square_x_saved0 output is connected to registers with an asynchronous reset (localization_command_ctrl_instance/polygon_diameter_engine_instance/square_x_saved_reg[0]). This is preventing the possibility of merging these registers in to the DSP Block since the DSP block registers only possess synchronous reset capability.  It is suggested to recode or change these registers to remove the reset or use a synchronous reset to get the best optimization for performance, power and area.
Related violations: <none>

DPOR-1#104 Warning
Asynchronous load check  
DSP localization_command_ctrl_instance/polygon_diameter_engine_instance/square_x_saved0 output is connected to registers with an asynchronous reset (localization_command_ctrl_instance/polygon_diameter_engine_instance/square_x_saved_reg[10]). This is preventing the possibility of merging these registers in to the DSP Block since the DSP block registers only possess synchronous reset capability.  It is suggested to recode or change these registers to remove the reset or use a synchronous reset to get the best optimization for performance, power and area.
Related violations: <none>

DPOR-1#105 Warning
Asynchronous load check  
DSP localization_command_ctrl_instance/polygon_diameter_engine_instance/square_x_saved0 output is connected to registers with an asynchronous reset (localization_command_ctrl_instance/polygon_diameter_engine_instance/square_x_saved_reg[11]). This is preventing the possibility of merging these registers in to the DSP Block since the DSP block registers only possess synchronous reset capability.  It is suggested to recode or change these registers to remove the reset or use a synchronous reset to get the best optimization for performance, power and area.
Related violations: <none>

DPOR-1#106 Warning
Asynchronous load check  
DSP localization_command_ctrl_instance/polygon_diameter_engine_instance/square_x_saved0 output is connected to registers with an asynchronous reset (localization_command_ctrl_instance/polygon_diameter_engine_instance/square_x_saved_reg[12]). This is preventing the possibility of merging these registers in to the DSP Block since the DSP block registers only possess synchronous reset capability.  It is suggested to recode or change these registers to remove the reset or use a synchronous reset to get the best optimization for performance, power and area.
Related violations: <none>

DPOR-1#107 Warning
Asynchronous load check  
DSP localization_command_ctrl_instance/polygon_diameter_engine_instance/square_x_saved0 output is connected to registers with an asynchronous reset (localization_command_ctrl_instance/polygon_diameter_engine_instance/square_x_saved_reg[13]). This is preventing the possibility of merging these registers in to the DSP Block since the DSP block registers only possess synchronous reset capability.  It is suggested to recode or change these registers to remove the reset or use a synchronous reset to get the best optimization for performance, power and area.
Related violations: <none>

DPOR-1#108 Warning
Asynchronous load check  
DSP localization_command_ctrl_instance/polygon_diameter_engine_instance/square_x_saved0 output is connected to registers with an asynchronous reset (localization_command_ctrl_instance/polygon_diameter_engine_instance/square_x_saved_reg[14]). This is preventing the possibility of merging these registers in to the DSP Block since the DSP block registers only possess synchronous reset capability.  It is suggested to recode or change these registers to remove the reset or use a synchronous reset to get the best optimization for performance, power and area.
Related violations: <none>

DPOR-1#109 Warning
Asynchronous load check  
DSP localization_command_ctrl_instance/polygon_diameter_engine_instance/square_x_saved0 output is connected to registers with an asynchronous reset (localization_command_ctrl_instance/polygon_diameter_engine_instance/square_x_saved_reg[15]). This is preventing the possibility of merging these registers in to the DSP Block since the DSP block registers only possess synchronous reset capability.  It is suggested to recode or change these registers to remove the reset or use a synchronous reset to get the best optimization for performance, power and area.
Related violations: <none>

DPOR-1#110 Warning
Asynchronous load check  
DSP localization_command_ctrl_instance/polygon_diameter_engine_instance/square_x_saved0 output is connected to registers with an asynchronous reset (localization_command_ctrl_instance/polygon_diameter_engine_instance/square_x_saved_reg[16]). This is preventing the possibility of merging these registers in to the DSP Block since the DSP block registers only possess synchronous reset capability.  It is suggested to recode or change these registers to remove the reset or use a synchronous reset to get the best optimization for performance, power and area.
Related violations: <none>

DPOR-1#111 Warning
Asynchronous load check  
DSP localization_command_ctrl_instance/polygon_diameter_engine_instance/square_x_saved0 output is connected to registers with an asynchronous reset (localization_command_ctrl_instance/polygon_diameter_engine_instance/square_x_saved_reg[1]). This is preventing the possibility of merging these registers in to the DSP Block since the DSP block registers only possess synchronous reset capability.  It is suggested to recode or change these registers to remove the reset or use a synchronous reset to get the best optimization for performance, power and area.
Related violations: <none>

DPOR-1#112 Warning
Asynchronous load check  
DSP localization_command_ctrl_instance/polygon_diameter_engine_instance/square_x_saved0 output is connected to registers with an asynchronous reset (localization_command_ctrl_instance/polygon_diameter_engine_instance/square_x_saved_reg[2]). This is preventing the possibility of merging these registers in to the DSP Block since the DSP block registers only possess synchronous reset capability.  It is suggested to recode or change these registers to remove the reset or use a synchronous reset to get the best optimization for performance, power and area.
Related violations: <none>

DPOR-1#113 Warning
Asynchronous load check  
DSP localization_command_ctrl_instance/polygon_diameter_engine_instance/square_x_saved0 output is connected to registers with an asynchronous reset (localization_command_ctrl_instance/polygon_diameter_engine_instance/square_x_saved_reg[3]). This is preventing the possibility of merging these registers in to the DSP Block since the DSP block registers only possess synchronous reset capability.  It is suggested to recode or change these registers to remove the reset or use a synchronous reset to get the best optimization for performance, power and area.
Related violations: <none>

DPOR-1#114 Warning
Asynchronous load check  
DSP localization_command_ctrl_instance/polygon_diameter_engine_instance/square_x_saved0 output is connected to registers with an asynchronous reset (localization_command_ctrl_instance/polygon_diameter_engine_instance/square_x_saved_reg[4]). This is preventing the possibility of merging these registers in to the DSP Block since the DSP block registers only possess synchronous reset capability.  It is suggested to recode or change these registers to remove the reset or use a synchronous reset to get the best optimization for performance, power and area.
Related violations: <none>

DPOR-1#115 Warning
Asynchronous load check  
DSP localization_command_ctrl_instance/polygon_diameter_engine_instance/square_x_saved0 output is connected to registers with an asynchronous reset (localization_command_ctrl_instance/polygon_diameter_engine_instance/square_x_saved_reg[5]). This is preventing the possibility of merging these registers in to the DSP Block since the DSP block registers only possess synchronous reset capability.  It is suggested to recode or change these registers to remove the reset or use a synchronous reset to get the best optimization for performance, power and area.
Related violations: <none>

DPOR-1#116 Warning
Asynchronous load check  
DSP localization_command_ctrl_instance/polygon_diameter_engine_instance/square_x_saved0 output is connected to registers with an asynchronous reset (localization_command_ctrl_instance/polygon_diameter_engine_instance/square_x_saved_reg[6]). This is preventing the possibility of merging these registers in to the DSP Block since the DSP block registers only possess synchronous reset capability.  It is suggested to recode or change these registers to remove the reset or use a synchronous reset to get the best optimization for performance, power and area.
Related violations: <none>

DPOR-1#117 Warning
Asynchronous load check  
DSP localization_command_ctrl_instance/polygon_diameter_engine_instance/square_x_saved0 output is connected to registers with an asynchronous reset (localization_command_ctrl_instance/polygon_diameter_engine_instance/square_x_saved_reg[7]). This is preventing the possibility of merging these registers in to the DSP Block since the DSP block registers only possess synchronous reset capability.  It is suggested to recode or change these registers to remove the reset or use a synchronous reset to get the best optimization for performance, power and area.
Related violations: <none>

DPOR-1#118 Warning
Asynchronous load check  
DSP localization_command_ctrl_instance/polygon_diameter_engine_instance/square_x_saved0 output is connected to registers with an asynchronous reset (localization_command_ctrl_instance/polygon_diameter_engine_instance/square_x_saved_reg[8]). This is preventing the possibility of merging these registers in to the DSP Block since the DSP block registers only possess synchronous reset capability.  It is suggested to recode or change these registers to remove the reset or use a synchronous reset to get the best optimization for performance, power and area.
Related violations: <none>

DPOR-1#119 Warning
Asynchronous load check  
DSP localization_command_ctrl_instance/polygon_diameter_engine_instance/square_x_saved0 output is connected to registers with an asynchronous reset (localization_command_ctrl_instance/polygon_diameter_engine_instance/square_x_saved_reg[9]). This is preventing the possibility of merging these registers in to the DSP Block since the DSP block registers only possess synchronous reset capability.  It is suggested to recode or change these registers to remove the reset or use a synchronous reset to get the best optimization for performance, power and area.
Related violations: <none>

DPOR-1#120 Warning
Asynchronous load check  
DSP localization_command_ctrl_instance/polygon_diameter_engine_instance/square_x_saved0__1 output is connected to registers with an asynchronous reset (localization_command_ctrl_instance/polygon_diameter_engine_instance/square_x_saved_reg[0]__1). This is preventing the possibility of merging these registers in to the DSP Block since the DSP block registers only possess synchronous reset capability.  It is suggested to recode or change these registers to remove the reset or use a synchronous reset to get the best optimization for performance, power and area.
Related violations: <none>

DPOR-1#121 Warning
Asynchronous load check  
DSP localization_command_ctrl_instance/polygon_diameter_engine_instance/square_x_saved0__1 output is connected to registers with an asynchronous reset (localization_command_ctrl_instance/polygon_diameter_engine_instance/square_x_saved_reg[10]__1). This is preventing the possibility of merging these registers in to the DSP Block since the DSP block registers only possess synchronous reset capability.  It is suggested to recode or change these registers to remove the reset or use a synchronous reset to get the best optimization for performance, power and area.
Related violations: <none>

DPOR-1#122 Warning
Asynchronous load check  
DSP localization_command_ctrl_instance/polygon_diameter_engine_instance/square_x_saved0__1 output is connected to registers with an asynchronous reset (localization_command_ctrl_instance/polygon_diameter_engine_instance/square_x_saved_reg[11]__1). This is preventing the possibility of merging these registers in to the DSP Block since the DSP block registers only possess synchronous reset capability.  It is suggested to recode or change these registers to remove the reset or use a synchronous reset to get the best optimization for performance, power and area.
Related violations: <none>

DPOR-1#123 Warning
Asynchronous load check  
DSP localization_command_ctrl_instance/polygon_diameter_engine_instance/square_x_saved0__1 output is connected to registers with an asynchronous reset (localization_command_ctrl_instance/polygon_diameter_engine_instance/square_x_saved_reg[12]__1). This is preventing the possibility of merging these registers in to the DSP Block since the DSP block registers only possess synchronous reset capability.  It is suggested to recode or change these registers to remove the reset or use a synchronous reset to get the best optimization for performance, power and area.
Related violations: <none>

DPOR-1#124 Warning
Asynchronous load check  
DSP localization_command_ctrl_instance/polygon_diameter_engine_instance/square_x_saved0__1 output is connected to registers with an asynchronous reset (localization_command_ctrl_instance/polygon_diameter_engine_instance/square_x_saved_reg[13]__1). This is preventing the possibility of merging these registers in to the DSP Block since the DSP block registers only possess synchronous reset capability.  It is suggested to recode or change these registers to remove the reset or use a synchronous reset to get the best optimization for performance, power and area.
Related violations: <none>

DPOR-1#125 Warning
Asynchronous load check  
DSP localization_command_ctrl_instance/polygon_diameter_engine_instance/square_x_saved0__1 output is connected to registers with an asynchronous reset (localization_command_ctrl_instance/polygon_diameter_engine_instance/square_x_saved_reg[14]__1). This is preventing the possibility of merging these registers in to the DSP Block since the DSP block registers only possess synchronous reset capability.  It is suggested to recode or change these registers to remove the reset or use a synchronous reset to get the best optimization for performance, power and area.
Related violations: <none>

DPOR-1#126 Warning
Asynchronous load check  
DSP localization_command_ctrl_instance/polygon_diameter_engine_instance/square_x_saved0__1 output is connected to registers with an asynchronous reset (localization_command_ctrl_instance/polygon_diameter_engine_instance/square_x_saved_reg[15]__1). This is preventing the possibility of merging these registers in to the DSP Block since the DSP block registers only possess synchronous reset capability.  It is suggested to recode or change these registers to remove the reset or use a synchronous reset to get the best optimization for performance, power and area.
Related violations: <none>

DPOR-1#127 Warning
Asynchronous load check  
DSP localization_command_ctrl_instance/polygon_diameter_engine_instance/square_x_saved0__1 output is connected to registers with an asynchronous reset (localization_command_ctrl_instance/polygon_diameter_engine_instance/square_x_saved_reg[16]__1). This is preventing the possibility of merging these registers in to the DSP Block since the DSP block registers only possess synchronous reset capability.  It is suggested to recode or change these registers to remove the reset or use a synchronous reset to get the best optimization for performance, power and area.
Related violations: <none>

DPOR-1#128 Warning
Asynchronous load check  
DSP localization_command_ctrl_instance/polygon_diameter_engine_instance/square_x_saved0__1 output is connected to registers with an asynchronous reset (localization_command_ctrl_instance/polygon_diameter_engine_instance/square_x_saved_reg[1]__1). This is preventing the possibility of merging these registers in to the DSP Block since the DSP block registers only possess synchronous reset capability.  It is suggested to recode or change these registers to remove the reset or use a synchronous reset to get the best optimization for performance, power and area.
Related violations: <none>

DPOR-1#129 Warning
Asynchronous load check  
DSP localization_command_ctrl_instance/polygon_diameter_engine_instance/square_x_saved0__1 output is connected to registers with an asynchronous reset (localization_command_ctrl_instance/polygon_diameter_engine_instance/square_x_saved_reg[2]__1). This is preventing the possibility of merging these registers in to the DSP Block since the DSP block registers only possess synchronous reset capability.  It is suggested to recode or change these registers to remove the reset or use a synchronous reset to get the best optimization for performance, power and area.
Related violations: <none>

DPOR-1#130 Warning
Asynchronous load check  
DSP localization_command_ctrl_instance/polygon_diameter_engine_instance/square_x_saved0__1 output is connected to registers with an asynchronous reset (localization_command_ctrl_instance/polygon_diameter_engine_instance/square_x_saved_reg[3]__1). This is preventing the possibility of merging these registers in to the DSP Block since the DSP block registers only possess synchronous reset capability.  It is suggested to recode or change these registers to remove the reset or use a synchronous reset to get the best optimization for performance, power and area.
Related violations: <none>

DPOR-1#131 Warning
Asynchronous load check  
DSP localization_command_ctrl_instance/polygon_diameter_engine_instance/square_x_saved0__1 output is connected to registers with an asynchronous reset (localization_command_ctrl_instance/polygon_diameter_engine_instance/square_x_saved_reg[4]__1). This is preventing the possibility of merging these registers in to the DSP Block since the DSP block registers only possess synchronous reset capability.  It is suggested to recode or change these registers to remove the reset or use a synchronous reset to get the best optimization for performance, power and area.
Related violations: <none>

DPOR-1#132 Warning
Asynchronous load check  
DSP localization_command_ctrl_instance/polygon_diameter_engine_instance/square_x_saved0__1 output is connected to registers with an asynchronous reset (localization_command_ctrl_instance/polygon_diameter_engine_instance/square_x_saved_reg[5]__1). This is preventing the possibility of merging these registers in to the DSP Block since the DSP block registers only possess synchronous reset capability.  It is suggested to recode or change these registers to remove the reset or use a synchronous reset to get the best optimization for performance, power and area.
Related violations: <none>

DPOR-1#133 Warning
Asynchronous load check  
DSP localization_command_ctrl_instance/polygon_diameter_engine_instance/square_x_saved0__1 output is connected to registers with an asynchronous reset (localization_command_ctrl_instance/polygon_diameter_engine_instance/square_x_saved_reg[6]__1). This is preventing the possibility of merging these registers in to the DSP Block since the DSP block registers only possess synchronous reset capability.  It is suggested to recode or change these registers to remove the reset or use a synchronous reset to get the best optimization for performance, power and area.
Related violations: <none>

DPOR-1#134 Warning
Asynchronous load check  
DSP localization_command_ctrl_instance/polygon_diameter_engine_instance/square_x_saved0__1 output is connected to registers with an asynchronous reset (localization_command_ctrl_instance/polygon_diameter_engine_instance/square_x_saved_reg[7]__1). This is preventing the possibility of merging these registers in to the DSP Block since the DSP block registers only possess synchronous reset capability.  It is suggested to recode or change these registers to remove the reset or use a synchronous reset to get the best optimization for performance, power and area.
Related violations: <none>

DPOR-1#135 Warning
Asynchronous load check  
DSP localization_command_ctrl_instance/polygon_diameter_engine_instance/square_x_saved0__1 output is connected to registers with an asynchronous reset (localization_command_ctrl_instance/polygon_diameter_engine_instance/square_x_saved_reg[8]__1). This is preventing the possibility of merging these registers in to the DSP Block since the DSP block registers only possess synchronous reset capability.  It is suggested to recode or change these registers to remove the reset or use a synchronous reset to get the best optimization for performance, power and area.
Related violations: <none>

DPOR-1#136 Warning
Asynchronous load check  
DSP localization_command_ctrl_instance/polygon_diameter_engine_instance/square_x_saved0__1 output is connected to registers with an asynchronous reset (localization_command_ctrl_instance/polygon_diameter_engine_instance/square_x_saved_reg[9]__1). This is preventing the possibility of merging these registers in to the DSP Block since the DSP block registers only possess synchronous reset capability.  It is suggested to recode or change these registers to remove the reset or use a synchronous reset to get the best optimization for performance, power and area.
Related violations: <none>

DPOR-1#137 Warning
Asynchronous load check  
DSP localization_command_ctrl_instance/polygon_diameter_engine_instance/square_y_saved0 output is connected to registers with an asynchronous reset (localization_command_ctrl_instance/polygon_diameter_engine_instance/square_y_saved_reg[0]). This is preventing the possibility of merging these registers in to the DSP Block since the DSP block registers only possess synchronous reset capability.  It is suggested to recode or change these registers to remove the reset or use a synchronous reset to get the best optimization for performance, power and area.
Related violations: <none>

DPOR-1#138 Warning
Asynchronous load check  
DSP localization_command_ctrl_instance/polygon_diameter_engine_instance/square_y_saved0 output is connected to registers with an asynchronous reset (localization_command_ctrl_instance/polygon_diameter_engine_instance/square_y_saved_reg[10]). This is preventing the possibility of merging these registers in to the DSP Block since the DSP block registers only possess synchronous reset capability.  It is suggested to recode or change these registers to remove the reset or use a synchronous reset to get the best optimization for performance, power and area.
Related violations: <none>

DPOR-1#139 Warning
Asynchronous load check  
DSP localization_command_ctrl_instance/polygon_diameter_engine_instance/square_y_saved0 output is connected to registers with an asynchronous reset (localization_command_ctrl_instance/polygon_diameter_engine_instance/square_y_saved_reg[11]). This is preventing the possibility of merging these registers in to the DSP Block since the DSP block registers only possess synchronous reset capability.  It is suggested to recode or change these registers to remove the reset or use a synchronous reset to get the best optimization for performance, power and area.
Related violations: <none>

DPOR-1#140 Warning
Asynchronous load check  
DSP localization_command_ctrl_instance/polygon_diameter_engine_instance/square_y_saved0 output is connected to registers with an asynchronous reset (localization_command_ctrl_instance/polygon_diameter_engine_instance/square_y_saved_reg[12]). This is preventing the possibility of merging these registers in to the DSP Block since the DSP block registers only possess synchronous reset capability.  It is suggested to recode or change these registers to remove the reset or use a synchronous reset to get the best optimization for performance, power and area.
Related violations: <none>

DPOR-1#141 Warning
Asynchronous load check  
DSP localization_command_ctrl_instance/polygon_diameter_engine_instance/square_y_saved0 output is connected to registers with an asynchronous reset (localization_command_ctrl_instance/polygon_diameter_engine_instance/square_y_saved_reg[13]). This is preventing the possibility of merging these registers in to the DSP Block since the DSP block registers only possess synchronous reset capability.  It is suggested to recode or change these registers to remove the reset or use a synchronous reset to get the best optimization for performance, power and area.
Related violations: <none>

DPOR-1#142 Warning
Asynchronous load check  
DSP localization_command_ctrl_instance/polygon_diameter_engine_instance/square_y_saved0 output is connected to registers with an asynchronous reset (localization_command_ctrl_instance/polygon_diameter_engine_instance/square_y_saved_reg[14]). This is preventing the possibility of merging these registers in to the DSP Block since the DSP block registers only possess synchronous reset capability.  It is suggested to recode or change these registers to remove the reset or use a synchronous reset to get the best optimization for performance, power and area.
Related violations: <none>

DPOR-1#143 Warning
Asynchronous load check  
DSP localization_command_ctrl_instance/polygon_diameter_engine_instance/square_y_saved0 output is connected to registers with an asynchronous reset (localization_command_ctrl_instance/polygon_diameter_engine_instance/square_y_saved_reg[15]). This is preventing the possibility of merging these registers in to the DSP Block since the DSP block registers only possess synchronous reset capability.  It is suggested to recode or change these registers to remove the reset or use a synchronous reset to get the best optimization for performance, power and area.
Related violations: <none>

DPOR-1#144 Warning
Asynchronous load check  
DSP localization_command_ctrl_instance/polygon_diameter_engine_instance/square_y_saved0 output is connected to registers with an asynchronous reset (localization_command_ctrl_instance/polygon_diameter_engine_instance/square_y_saved_reg[16]). This is preventing the possibility of merging these registers in to the DSP Block since the DSP block registers only possess synchronous reset capability.  It is suggested to recode or change these registers to remove the reset or use a synchronous reset to get the best optimization for performance, power and area.
Related violations: <none>

DPOR-1#145 Warning
Asynchronous load check  
DSP localization_command_ctrl_instance/polygon_diameter_engine_instance/square_y_saved0 output is connected to registers with an asynchronous reset (localization_command_ctrl_instance/polygon_diameter_engine_instance/square_y_saved_reg[1]). This is preventing the possibility of merging these registers in to the DSP Block since the DSP block registers only possess synchronous reset capability.  It is suggested to recode or change these registers to remove the reset or use a synchronous reset to get the best optimization for performance, power and area.
Related violations: <none>

DPOR-1#146 Warning
Asynchronous load check  
DSP localization_command_ctrl_instance/polygon_diameter_engine_instance/square_y_saved0 output is connected to registers with an asynchronous reset (localization_command_ctrl_instance/polygon_diameter_engine_instance/square_y_saved_reg[2]). This is preventing the possibility of merging these registers in to the DSP Block since the DSP block registers only possess synchronous reset capability.  It is suggested to recode or change these registers to remove the reset or use a synchronous reset to get the best optimization for performance, power and area.
Related violations: <none>

DPOR-1#147 Warning
Asynchronous load check  
DSP localization_command_ctrl_instance/polygon_diameter_engine_instance/square_y_saved0 output is connected to registers with an asynchronous reset (localization_command_ctrl_instance/polygon_diameter_engine_instance/square_y_saved_reg[3]). This is preventing the possibility of merging these registers in to the DSP Block since the DSP block registers only possess synchronous reset capability.  It is suggested to recode or change these registers to remove the reset or use a synchronous reset to get the best optimization for performance, power and area.
Related violations: <none>

DPOR-1#148 Warning
Asynchronous load check  
DSP localization_command_ctrl_instance/polygon_diameter_engine_instance/square_y_saved0 output is connected to registers with an asynchronous reset (localization_command_ctrl_instance/polygon_diameter_engine_instance/square_y_saved_reg[4]). This is preventing the possibility of merging these registers in to the DSP Block since the DSP block registers only possess synchronous reset capability.  It is suggested to recode or change these registers to remove the reset or use a synchronous reset to get the best optimization for performance, power and area.
Related violations: <none>

DPOR-1#149 Warning
Asynchronous load check  
DSP localization_command_ctrl_instance/polygon_diameter_engine_instance/square_y_saved0 output is connected to registers with an asynchronous reset (localization_command_ctrl_instance/polygon_diameter_engine_instance/square_y_saved_reg[5]). This is preventing the possibility of merging these registers in to the DSP Block since the DSP block registers only possess synchronous reset capability.  It is suggested to recode or change these registers to remove the reset or use a synchronous reset to get the best optimization for performance, power and area.
Related violations: <none>

DPOR-1#150 Warning
Asynchronous load check  
DSP localization_command_ctrl_instance/polygon_diameter_engine_instance/square_y_saved0 output is connected to registers with an asynchronous reset (localization_command_ctrl_instance/polygon_diameter_engine_instance/square_y_saved_reg[6]). This is preventing the possibility of merging these registers in to the DSP Block since the DSP block registers only possess synchronous reset capability.  It is suggested to recode or change these registers to remove the reset or use a synchronous reset to get the best optimization for performance, power and area.
Related violations: <none>

DPOR-1#151 Warning
Asynchronous load check  
DSP localization_command_ctrl_instance/polygon_diameter_engine_instance/square_y_saved0 output is connected to registers with an asynchronous reset (localization_command_ctrl_instance/polygon_diameter_engine_instance/square_y_saved_reg[7]). This is preventing the possibility of merging these registers in to the DSP Block since the DSP block registers only possess synchronous reset capability.  It is suggested to recode or change these registers to remove the reset or use a synchronous reset to get the best optimization for performance, power and area.
Related violations: <none>

DPOR-1#152 Warning
Asynchronous load check  
DSP localization_command_ctrl_instance/polygon_diameter_engine_instance/square_y_saved0 output is connected to registers with an asynchronous reset (localization_command_ctrl_instance/polygon_diameter_engine_instance/square_y_saved_reg[8]). This is preventing the possibility of merging these registers in to the DSP Block since the DSP block registers only possess synchronous reset capability.  It is suggested to recode or change these registers to remove the reset or use a synchronous reset to get the best optimization for performance, power and area.
Related violations: <none>

DPOR-1#153 Warning
Asynchronous load check  
DSP localization_command_ctrl_instance/polygon_diameter_engine_instance/square_y_saved0 output is connected to registers with an asynchronous reset (localization_command_ctrl_instance/polygon_diameter_engine_instance/square_y_saved_reg[9]). This is preventing the possibility of merging these registers in to the DSP Block since the DSP block registers only possess synchronous reset capability.  It is suggested to recode or change these registers to remove the reset or use a synchronous reset to get the best optimization for performance, power and area.
Related violations: <none>

DPOR-1#154 Warning
Asynchronous load check  
DSP localization_command_ctrl_instance/polygon_diameter_engine_instance/square_y_saved0__1 output is connected to registers with an asynchronous reset (localization_command_ctrl_instance/polygon_diameter_engine_instance/square_y_saved_reg[0]__1). This is preventing the possibility of merging these registers in to the DSP Block since the DSP block registers only possess synchronous reset capability.  It is suggested to recode or change these registers to remove the reset or use a synchronous reset to get the best optimization for performance, power and area.
Related violations: <none>

DPOR-1#155 Warning
Asynchronous load check  
DSP localization_command_ctrl_instance/polygon_diameter_engine_instance/square_y_saved0__1 output is connected to registers with an asynchronous reset (localization_command_ctrl_instance/polygon_diameter_engine_instance/square_y_saved_reg[10]__1). This is preventing the possibility of merging these registers in to the DSP Block since the DSP block registers only possess synchronous reset capability.  It is suggested to recode or change these registers to remove the reset or use a synchronous reset to get the best optimization for performance, power and area.
Related violations: <none>

DPOR-1#156 Warning
Asynchronous load check  
DSP localization_command_ctrl_instance/polygon_diameter_engine_instance/square_y_saved0__1 output is connected to registers with an asynchronous reset (localization_command_ctrl_instance/polygon_diameter_engine_instance/square_y_saved_reg[11]__1). This is preventing the possibility of merging these registers in to the DSP Block since the DSP block registers only possess synchronous reset capability.  It is suggested to recode or change these registers to remove the reset or use a synchronous reset to get the best optimization for performance, power and area.
Related violations: <none>

DPOR-1#157 Warning
Asynchronous load check  
DSP localization_command_ctrl_instance/polygon_diameter_engine_instance/square_y_saved0__1 output is connected to registers with an asynchronous reset (localization_command_ctrl_instance/polygon_diameter_engine_instance/square_y_saved_reg[12]__1). This is preventing the possibility of merging these registers in to the DSP Block since the DSP block registers only possess synchronous reset capability.  It is suggested to recode or change these registers to remove the reset or use a synchronous reset to get the best optimization for performance, power and area.
Related violations: <none>

DPOR-1#158 Warning
Asynchronous load check  
DSP localization_command_ctrl_instance/polygon_diameter_engine_instance/square_y_saved0__1 output is connected to registers with an asynchronous reset (localization_command_ctrl_instance/polygon_diameter_engine_instance/square_y_saved_reg[13]__1). This is preventing the possibility of merging these registers in to the DSP Block since the DSP block registers only possess synchronous reset capability.  It is suggested to recode or change these registers to remove the reset or use a synchronous reset to get the best optimization for performance, power and area.
Related violations: <none>

DPOR-1#159 Warning
Asynchronous load check  
DSP localization_command_ctrl_instance/polygon_diameter_engine_instance/square_y_saved0__1 output is connected to registers with an asynchronous reset (localization_command_ctrl_instance/polygon_diameter_engine_instance/square_y_saved_reg[14]__1). This is preventing the possibility of merging these registers in to the DSP Block since the DSP block registers only possess synchronous reset capability.  It is suggested to recode or change these registers to remove the reset or use a synchronous reset to get the best optimization for performance, power and area.
Related violations: <none>

DPOR-1#160 Warning
Asynchronous load check  
DSP localization_command_ctrl_instance/polygon_diameter_engine_instance/square_y_saved0__1 output is connected to registers with an asynchronous reset (localization_command_ctrl_instance/polygon_diameter_engine_instance/square_y_saved_reg[15]__1). This is preventing the possibility of merging these registers in to the DSP Block since the DSP block registers only possess synchronous reset capability.  It is suggested to recode or change these registers to remove the reset or use a synchronous reset to get the best optimization for performance, power and area.
Related violations: <none>

DPOR-1#161 Warning
Asynchronous load check  
DSP localization_command_ctrl_instance/polygon_diameter_engine_instance/square_y_saved0__1 output is connected to registers with an asynchronous reset (localization_command_ctrl_instance/polygon_diameter_engine_instance/square_y_saved_reg[16]__1). This is preventing the possibility of merging these registers in to the DSP Block since the DSP block registers only possess synchronous reset capability.  It is suggested to recode or change these registers to remove the reset or use a synchronous reset to get the best optimization for performance, power and area.
Related violations: <none>

DPOR-1#162 Warning
Asynchronous load check  
DSP localization_command_ctrl_instance/polygon_diameter_engine_instance/square_y_saved0__1 output is connected to registers with an asynchronous reset (localization_command_ctrl_instance/polygon_diameter_engine_instance/square_y_saved_reg[1]__1). This is preventing the possibility of merging these registers in to the DSP Block since the DSP block registers only possess synchronous reset capability.  It is suggested to recode or change these registers to remove the reset or use a synchronous reset to get the best optimization for performance, power and area.
Related violations: <none>

DPOR-1#163 Warning
Asynchronous load check  
DSP localization_command_ctrl_instance/polygon_diameter_engine_instance/square_y_saved0__1 output is connected to registers with an asynchronous reset (localization_command_ctrl_instance/polygon_diameter_engine_instance/square_y_saved_reg[2]__1). This is preventing the possibility of merging these registers in to the DSP Block since the DSP block registers only possess synchronous reset capability.  It is suggested to recode or change these registers to remove the reset or use a synchronous reset to get the best optimization for performance, power and area.
Related violations: <none>

DPOR-1#164 Warning
Asynchronous load check  
DSP localization_command_ctrl_instance/polygon_diameter_engine_instance/square_y_saved0__1 output is connected to registers with an asynchronous reset (localization_command_ctrl_instance/polygon_diameter_engine_instance/square_y_saved_reg[3]__1). This is preventing the possibility of merging these registers in to the DSP Block since the DSP block registers only possess synchronous reset capability.  It is suggested to recode or change these registers to remove the reset or use a synchronous reset to get the best optimization for performance, power and area.
Related violations: <none>

DPOR-1#165 Warning
Asynchronous load check  
DSP localization_command_ctrl_instance/polygon_diameter_engine_instance/square_y_saved0__1 output is connected to registers with an asynchronous reset (localization_command_ctrl_instance/polygon_diameter_engine_instance/square_y_saved_reg[4]__1). This is preventing the possibility of merging these registers in to the DSP Block since the DSP block registers only possess synchronous reset capability.  It is suggested to recode or change these registers to remove the reset or use a synchronous reset to get the best optimization for performance, power and area.
Related violations: <none>

DPOR-1#166 Warning
Asynchronous load check  
DSP localization_command_ctrl_instance/polygon_diameter_engine_instance/square_y_saved0__1 output is connected to registers with an asynchronous reset (localization_command_ctrl_instance/polygon_diameter_engine_instance/square_y_saved_reg[5]__1). This is preventing the possibility of merging these registers in to the DSP Block since the DSP block registers only possess synchronous reset capability.  It is suggested to recode or change these registers to remove the reset or use a synchronous reset to get the best optimization for performance, power and area.
Related violations: <none>

DPOR-1#167 Warning
Asynchronous load check  
DSP localization_command_ctrl_instance/polygon_diameter_engine_instance/square_y_saved0__1 output is connected to registers with an asynchronous reset (localization_command_ctrl_instance/polygon_diameter_engine_instance/square_y_saved_reg[6]__1). This is preventing the possibility of merging these registers in to the DSP Block since the DSP block registers only possess synchronous reset capability.  It is suggested to recode or change these registers to remove the reset or use a synchronous reset to get the best optimization for performance, power and area.
Related violations: <none>

DPOR-1#168 Warning
Asynchronous load check  
DSP localization_command_ctrl_instance/polygon_diameter_engine_instance/square_y_saved0__1 output is connected to registers with an asynchronous reset (localization_command_ctrl_instance/polygon_diameter_engine_instance/square_y_saved_reg[7]__1). This is preventing the possibility of merging these registers in to the DSP Block since the DSP block registers only possess synchronous reset capability.  It is suggested to recode or change these registers to remove the reset or use a synchronous reset to get the best optimization for performance, power and area.
Related violations: <none>

DPOR-1#169 Warning
Asynchronous load check  
DSP localization_command_ctrl_instance/polygon_diameter_engine_instance/square_y_saved0__1 output is connected to registers with an asynchronous reset (localization_command_ctrl_instance/polygon_diameter_engine_instance/square_y_saved_reg[8]__1). This is preventing the possibility of merging these registers in to the DSP Block since the DSP block registers only possess synchronous reset capability.  It is suggested to recode or change these registers to remove the reset or use a synchronous reset to get the best optimization for performance, power and area.
Related violations: <none>

DPOR-1#170 Warning
Asynchronous load check  
DSP localization_command_ctrl_instance/polygon_diameter_engine_instance/square_y_saved0__1 output is connected to registers with an asynchronous reset (localization_command_ctrl_instance/polygon_diameter_engine_instance/square_y_saved_reg[9]__1). This is preventing the possibility of merging these registers in to the DSP Block since the DSP block registers only possess synchronous reset capability.  It is suggested to recode or change these registers to remove the reset or use a synchronous reset to get the best optimization for performance, power and area.
Related violations: <none>

PDCN-1569#1 Warning
LUT equation term check  
Used physical LUT pin 'A2' of cell dbg_hub/inst/BSCANID.u_xsdbm_id/SWITCH_N_EXT_BSCAN.bscan_switch/temp_curid[31]_i_1 (pin dbg_hub/inst/BSCANID.u_xsdbm_id/SWITCH_N_EXT_BSCAN.bscan_switch/temp_curid[31]_i_1/I0) is not included in the LUT equation: 'O5=(A1*A3)+(A1*(~A3)*(~A4))+((~A1))'. If this cell is a user instantiated LUT in the design, please remove connectivity to the pin or change the equation and/or INIT string of the LUT to prevent this issue. If the cell is inferred or IP created LUT, please regenerate the IP and/or resynthesize the design to attempt to correct the issue.
Related violations: <none>

PDCN-1569#2 Warning
LUT equation term check  
Used physical LUT pin 'A2' of cell dbg_hub/inst/BSCANID.u_xsdbm_id/SWITCH_N_EXT_BSCAN.id_state[0]_i_1 (pin dbg_hub/inst/BSCANID.u_xsdbm_id/SWITCH_N_EXT_BSCAN.id_state[0]_i_1/I0) is not included in the LUT equation: 'O6=(A6+~A6)*((A5))'. If this cell is a user instantiated LUT in the design, please remove connectivity to the pin or change the equation and/or INIT string of the LUT to prevent this issue. If the cell is inferred or IP created LUT, please regenerate the IP and/or resynthesize the design to attempt to correct the issue.
Related violations: <none>

PDCN-1569#3 Warning
LUT equation term check  
Used physical LUT pin 'A5' of cell dbg_hub/inst/BSCANID.u_xsdbm_id/SWITCH_N_EXT_BSCAN.bscan_switch/temp_curid[31]_i_1 (pin dbg_hub/inst/BSCANID.u_xsdbm_id/SWITCH_N_EXT_BSCAN.bscan_switch/temp_curid[31]_i_1/I1) is not included in the LUT equation: 'O5=(A1*A3)+(A1*(~A3)*(~A4))+((~A1))'. If this cell is a user instantiated LUT in the design, please remove connectivity to the pin or change the equation and/or INIT string of the LUT to prevent this issue. If the cell is inferred or IP created LUT, please regenerate the IP and/or resynthesize the design to attempt to correct the issue.
Related violations: <none>

PDRC-134#1 Warning
SLICE_PairEqSame_B6B5_WARN  
Luts B6LUT and B5LUT in use in site SLICE_X36Y45 with different equations without A6 pin connected to Global Logic High.
Related violations: <none>

PDRC-136#1 Warning
SLICE_PairEqSame_C6C5_WARN  
Luts C6LUT and C5LUT in use in site SLICE_X0Y39 with different equations without A6 pin connected to Global Logic High.
Related violations: <none>

PDRC-136#2 Warning
SLICE_PairEqSame_C6C5_WARN  
Luts C6LUT and C5LUT in use in site SLICE_X29Y21 with different equations without A6 pin connected to Global Logic High.
Related violations: <none>

PDRC-136#3 Warning
SLICE_PairEqSame_C6C5_WARN  
Luts C6LUT and C5LUT in use in site SLICE_X29Y58 with different equations without A6 pin connected to Global Logic High.
Related violations: <none>

PDRC-136#4 Warning
SLICE_PairEqSame_C6C5_WARN  
Luts C6LUT and C5LUT in use in site SLICE_X29Y60 with different equations without A6 pin connected to Global Logic High.
Related violations: <none>

PDRC-136#5 Warning
SLICE_PairEqSame_C6C5_WARN  
Luts C6LUT and C5LUT in use in site SLICE_X36Y45 with different equations without A6 pin connected to Global Logic High.
Related violations: <none>

PDRC-136#6 Warning
SLICE_PairEqSame_C6C5_WARN  
Luts C6LUT and C5LUT in use in site SLICE_X41Y21 with different equations without A6 pin connected to Global Logic High.
Related violations: <none>

PDRC-136#7 Warning
SLICE_PairEqSame_C6C5_WARN  
Luts C6LUT and C5LUT in use in site SLICE_X4Y44 with different equations without A6 pin connected to Global Logic High.
Related violations: <none>

PDRC-138#1 Warning
SLICE_PairEqSame_D6D5_WARN  
Luts D6LUT and D5LUT in use in site SLICE_X29Y21 with different equations without A6 pin connected to Global Logic High.
Related violations: <none>

PDRC-138#2 Warning
SLICE_PairEqSame_D6D5_WARN  
Luts D6LUT and D5LUT in use in site SLICE_X29Y58 with different equations without A6 pin connected to Global Logic High.
Related violations: <none>

PDRC-138#3 Warning
SLICE_PairEqSame_D6D5_WARN  
Luts D6LUT and D5LUT in use in site SLICE_X29Y60 with different equations without A6 pin connected to Global Logic High.
Related violations: <none>

PDRC-138#4 Warning
SLICE_PairEqSame_D6D5_WARN  
Luts D6LUT and D5LUT in use in site SLICE_X35Y17 with different equations without A6 pin connected to Global Logic High.
Related violations: <none>

PDRC-138#5 Warning
SLICE_PairEqSame_D6D5_WARN  
Luts D6LUT and D5LUT in use in site SLICE_X36Y17 with different equations without A6 pin connected to Global Logic High.
Related violations: <none>

PDRC-138#6 Warning
SLICE_PairEqSame_D6D5_WARN  
Luts D6LUT and D5LUT in use in site SLICE_X36Y45 with different equations without A6 pin connected to Global Logic High.
Related violations: <none>

PDRC-138#7 Warning
SLICE_PairEqSame_D6D5_WARN  
Luts D6LUT and D5LUT in use in site SLICE_X41Y21 with different equations without A6 pin connected to Global Logic High.
Related violations: <none>

PDRC-138#8 Warning
SLICE_PairEqSame_D6D5_WARN  
Luts D6LUT and D5LUT in use in site SLICE_X43Y22 with different equations without A6 pin connected to Global Logic High.
Related violations: <none>

PDRC-138#9 Warning
SLICE_PairEqSame_D6D5_WARN  
Luts D6LUT and D5LUT in use in site SLICE_X48Y58 with different equations without A6 pin connected to Global Logic High.
Related violations: <none>

PDRC-138#10 Warning
SLICE_PairEqSame_D6D5_WARN  
Luts D6LUT and D5LUT in use in site SLICE_X4Y11 with different equations without A6 pin connected to Global Logic High.
Related violations: <none>

PDRC-138#11 Warning
SLICE_PairEqSame_D6D5_WARN  
Luts D6LUT and D5LUT in use in site SLICE_X5Y12 with different equations without A6 pin connected to Global Logic High.
Related violations: <none>

PDRC-138#12 Warning
SLICE_PairEqSame_D6D5_WARN  
Luts D6LUT and D5LUT in use in site SLICE_X5Y41 with different equations without A6 pin connected to Global Logic High.
Related violations: <none>

PDRC-140#1 Warning
SLICE_PairEqSame_A6A5_WARN  
Luts A6LUT and A5LUT in use in site SLICE_X50Y61 with different equations without A6 pin connected to Global Logic High.
Related violations: <none>

PDRC-142#1 Warning
SLICE_PairEqSame_B6B5_WARN  
Luts B6LUT and B5LUT in use in site SLICE_X46Y60 with different equations without A6 pin connected to Global Logic High.
Related violations: <none>

PDRC-142#2 Warning
SLICE_PairEqSame_B6B5_WARN  
Luts B6LUT and B5LUT in use in site SLICE_X50Y61 with different equations without A6 pin connected to Global Logic High.
Related violations: <none>

PDRC-142#3 Warning
SLICE_PairEqSame_B6B5_WARN  
Luts B6LUT and B5LUT in use in site SLICE_X52Y23 with different equations without A6 pin connected to Global Logic High.
Related violations: <none>

PDRC-142#4 Warning
SLICE_PairEqSame_B6B5_WARN  
Luts B6LUT and B5LUT in use in site SLICE_X56Y31 with different equations without A6 pin connected to Global Logic High.
Related violations: <none>

PDRC-142#5 Warning
SLICE_PairEqSame_B6B5_WARN  
Luts B6LUT and B5LUT in use in site SLICE_X60Y24 with different equations without A6 pin connected to Global Logic High.
Related violations: <none>

PDRC-144#1 Warning
SLICE_PairEqSame_C6C5_WARN  
Luts C6LUT and C5LUT in use in site SLICE_X38Y21 with different equations without A6 pin connected to Global Logic High.
Related violations: <none>

PDRC-144#2 Warning
SLICE_PairEqSame_C6C5_WARN  
Luts C6LUT and C5LUT in use in site SLICE_X52Y23 with different equations without A6 pin connected to Global Logic High.
Related violations: <none>

PDRC-144#3 Warning
SLICE_PairEqSame_C6C5_WARN  
Luts C6LUT and C5LUT in use in site SLICE_X54Y19 with different equations without A6 pin connected to Global Logic High.
Related violations: <none>

PDRC-144#4 Warning
SLICE_PairEqSame_C6C5_WARN  
Luts C6LUT and C5LUT in use in site SLICE_X56Y31 with different equations without A6 pin connected to Global Logic High.
Related violations: <none>

PDRC-144#5 Warning
SLICE_PairEqSame_C6C5_WARN  
Luts C6LUT and C5LUT in use in site SLICE_X60Y24 with different equations without A6 pin connected to Global Logic High.
Related violations: <none>

PDRC-146#1 Warning
SLICE_PairEqSame_D6D5_WARN  
Luts D6LUT and D5LUT in use in site SLICE_X34Y17 with different equations without A6 pin connected to Global Logic High.
Related violations: <none>

PDRC-146#2 Warning
SLICE_PairEqSame_D6D5_WARN  
Luts D6LUT and D5LUT in use in site SLICE_X38Y21 with different equations without A6 pin connected to Global Logic High.
Related violations: <none>

PDRC-146#3 Warning
SLICE_PairEqSame_D6D5_WARN  
Luts D6LUT and D5LUT in use in site SLICE_X42Y22 with different equations without A6 pin connected to Global Logic High.
Related violations: <none>

PDRC-146#4 Warning
SLICE_PairEqSame_D6D5_WARN  
Luts D6LUT and D5LUT in use in site SLICE_X52Y23 with different equations without A6 pin connected to Global Logic High.
Related violations: <none>

PDRC-146#5 Warning
SLICE_PairEqSame_D6D5_WARN  
Luts D6LUT and D5LUT in use in site SLICE_X56Y31 with different equations without A6 pin connected to Global Logic High.
Related violations: <none>

PDRC-146#6 Warning
SLICE_PairEqSame_D6D5_WARN  
Luts D6LUT and D5LUT in use in site SLICE_X60Y24 with different equations without A6 pin connected to Global Logic High.
Related violations: <none>

PDRC-146#7 Warning
SLICE_PairEqSame_D6D5_WARN  
Luts D6LUT and D5LUT in use in site SLICE_X6Y11 with different equations without A6 pin connected to Global Logic High.
Related violations: <none>

REQP-1839#1 Warning
RAMB36 async control check  
The RAMB36E1 localization_command_ctrl_instance/vertex_ram_dual_buffer_instance/vertex_memory_reg_0 has an input control pin localization_command_ctrl_instance/vertex_ram_dual_buffer_instance/vertex_memory_reg_0/ADDRARDADDR[11] (net: localization_command_ctrl_instance/vertex_ram_dual_buffer_instance/ram_port_1_address[7]) which is driven by a register (localization_command_ctrl_instance/polygon_clip_engine_instance/output_count_saved_reg[7]) that has an active asychronous set or reset. This may cause corruption of the memory contents and/or read values when the set/reset is asserted and is not analyzed by the default static timing analysis. It is suggested to eliminate the use of a set/reset to registers driving this RAMB pin or else use a synchronous reset in which the assertion of the reset is timed by default.
Related violations: <none>

REQP-1839#2 Warning
RAMB36 async control check  
The RAMB36E1 localization_command_ctrl_instance/vertex_ram_dual_buffer_instance/vertex_memory_reg_0 has an input control pin localization_command_ctrl_instance/vertex_ram_dual_buffer_instance/vertex_memory_reg_0/ADDRARDADDR[11] (net: localization_command_ctrl_instance/vertex_ram_dual_buffer_instance/ram_port_1_address[7]) which is driven by a register (localization_command_ctrl_instance/polygon_diameter_engine_instance/issue_second_index_saved_reg[7]) that has an active asychronous set or reset. This may cause corruption of the memory contents and/or read values when the set/reset is asserted and is not analyzed by the default static timing analysis. It is suggested to eliminate the use of a set/reset to registers driving this RAMB pin or else use a synchronous reset in which the assertion of the reset is timed by default.
Related violations: <none>

REQP-1839#3 Warning
RAMB36 async control check  
The RAMB36E1 localization_command_ctrl_instance/vertex_ram_dual_buffer_instance/vertex_memory_reg_0 has an input control pin localization_command_ctrl_instance/vertex_ram_dual_buffer_instance/vertex_memory_reg_0/ADDRARDADDR[12] (net: localization_command_ctrl_instance/vertex_ram_dual_buffer_instance/ram_port_1_address[8]) which is driven by a register (localization_command_ctrl_instance/FSM_sequential_state_current_reg[0]_rep__0) that has an active asychronous set or reset. This may cause corruption of the memory contents and/or read values when the set/reset is asserted and is not analyzed by the default static timing analysis. It is suggested to eliminate the use of a set/reset to registers driving this RAMB pin or else use a synchronous reset in which the assertion of the reset is timed by default.
Related violations: <none>

REQP-1839#4 Warning
RAMB36 async control check  
The RAMB36E1 localization_command_ctrl_instance/vertex_ram_dual_buffer_instance/vertex_memory_reg_0 has an input control pin localization_command_ctrl_instance/vertex_ram_dual_buffer_instance/vertex_memory_reg_0/ADDRARDADDR[12] (net: localization_command_ctrl_instance/vertex_ram_dual_buffer_instance/ram_port_1_address[8]) which is driven by a register (localization_command_ctrl_instance/FSM_sequential_state_current_reg[1]_rep__1) that has an active asychronous set or reset. This may cause corruption of the memory contents and/or read values when the set/reset is asserted and is not analyzed by the default static timing analysis. It is suggested to eliminate the use of a set/reset to registers driving this RAMB pin or else use a synchronous reset in which the assertion of the reset is timed by default.
Related violations: <none>

REQP-1839#5 Warning
RAMB36 async control check  
The RAMB36E1 localization_command_ctrl_instance/vertex_ram_dual_buffer_instance/vertex_memory_reg_0 has an input control pin localization_command_ctrl_instance/vertex_ram_dual_buffer_instance/vertex_memory_reg_0/ADDRARDADDR[12] (net: localization_command_ctrl_instance/vertex_ram_dual_buffer_instance/ram_port_1_address[8]) which is driven by a register (localization_command_ctrl_instance/FSM_sequential_state_current_reg[2]_rep__1) that has an active asychronous set or reset. This may cause corruption of the memory contents and/or read values when the set/reset is asserted and is not analyzed by the default static timing analysis. It is suggested to eliminate the use of a set/reset to registers driving this RAMB pin or else use a synchronous reset in which the assertion of the reset is timed by default.
Related violations: <none>

REQP-1839#6 Warning
RAMB36 async control check  
The RAMB36E1 localization_command_ctrl_instance/vertex_ram_dual_buffer_instance/vertex_memory_reg_0 has an input control pin localization_command_ctrl_instance/vertex_ram_dual_buffer_instance/vertex_memory_reg_0/ADDRARDADDR[12] (net: localization_command_ctrl_instance/vertex_ram_dual_buffer_instance/ram_port_1_address[8]) which is driven by a register (localization_command_ctrl_instance/FSM_sequential_state_current_reg[3]_rep__1) that has an active asychronous set or reset. This may cause corruption of the memory contents and/or read values when the set/reset is asserted and is not analyzed by the default static timing analysis. It is suggested to eliminate the use of a set/reset to registers driving this RAMB pin or else use a synchronous reset in which the assertion of the reset is timed by default.
Related violations: <none>

REQP-1839#7 Warning
RAMB36 async control check  
The RAMB36E1 localization_command_ctrl_instance/vertex_ram_dual_buffer_instance/vertex_memory_reg_0 has an input control pin localization_command_ctrl_instance/vertex_ram_dual_buffer_instance/vertex_memory_reg_0/ADDRARDADDR[12] (net: localization_command_ctrl_instance/vertex_ram_dual_buffer_instance/ram_port_1_address[8]) which is driven by a register (localization_command_ctrl_instance/polygon_clip_engine_instance/output_count_saved_reg[8]) that has an active asychronous set or reset. This may cause corruption of the memory contents and/or read values when the set/reset is asserted and is not analyzed by the default static timing analysis. It is suggested to eliminate the use of a set/reset to registers driving this RAMB pin or else use a synchronous reset in which the assertion of the reset is timed by default.
Related violations: <none>

REQP-1839#8 Warning
RAMB36 async control check  
The RAMB36E1 localization_command_ctrl_instance/vertex_ram_dual_buffer_instance/vertex_memory_reg_0 has an input control pin localization_command_ctrl_instance/vertex_ram_dual_buffer_instance/vertex_memory_reg_0/ADDRARDADDR[12] (net: localization_command_ctrl_instance/vertex_ram_dual_buffer_instance/ram_port_1_address[8]) which is driven by a register (localization_command_ctrl_instance/polygon_diameter_engine_instance/issue_second_index_saved_reg[8]) that has an active asychronous set or reset. This may cause corruption of the memory contents and/or read values when the set/reset is asserted and is not analyzed by the default static timing analysis. It is suggested to eliminate the use of a set/reset to registers driving this RAMB pin or else use a synchronous reset in which the assertion of the reset is timed by default.
Related violations: <none>

REQP-1839#9 Warning
RAMB36 async control check  
The RAMB36E1 localization_command_ctrl_instance/vertex_ram_dual_buffer_instance/vertex_memory_reg_0 has an input control pin localization_command_ctrl_instance/vertex_ram_dual_buffer_instance/vertex_memory_reg_0/ADDRARDADDR[13] (net: localization_command_ctrl_instance/vertex_ram_dual_buffer_instance/ram_port_1_address[9]) which is driven by a register (localization_command_ctrl_instance/FSM_sequential_state_current_reg[0]_rep__0) that has an active asychronous set or reset. This may cause corruption of the memory contents and/or read values when the set/reset is asserted and is not analyzed by the default static timing analysis. It is suggested to eliminate the use of a set/reset to registers driving this RAMB pin or else use a synchronous reset in which the assertion of the reset is timed by default.
Related violations: <none>

REQP-1839#10 Warning
RAMB36 async control check  
The RAMB36E1 localization_command_ctrl_instance/vertex_ram_dual_buffer_instance/vertex_memory_reg_0 has an input control pin localization_command_ctrl_instance/vertex_ram_dual_buffer_instance/vertex_memory_reg_0/ADDRARDADDR[13] (net: localization_command_ctrl_instance/vertex_ram_dual_buffer_instance/ram_port_1_address[9]) which is driven by a register (localization_command_ctrl_instance/FSM_sequential_state_current_reg[1]_rep__1) that has an active asychronous set or reset. This may cause corruption of the memory contents and/or read values when the set/reset is asserted and is not analyzed by the default static timing analysis. It is suggested to eliminate the use of a set/reset to registers driving this RAMB pin or else use a synchronous reset in which the assertion of the reset is timed by default.
Related violations: <none>

REQP-1839#11 Warning
RAMB36 async control check  
The RAMB36E1 localization_command_ctrl_instance/vertex_ram_dual_buffer_instance/vertex_memory_reg_0 has an input control pin localization_command_ctrl_instance/vertex_ram_dual_buffer_instance/vertex_memory_reg_0/ADDRARDADDR[13] (net: localization_command_ctrl_instance/vertex_ram_dual_buffer_instance/ram_port_1_address[9]) which is driven by a register (localization_command_ctrl_instance/FSM_sequential_state_current_reg[2]_rep__1) that has an active asychronous set or reset. This may cause corruption of the memory contents and/or read values when the set/reset is asserted and is not analyzed by the default static timing analysis. It is suggested to eliminate the use of a set/reset to registers driving this RAMB pin or else use a synchronous reset in which the assertion of the reset is timed by default.
Related violations: <none>

REQP-1839#12 Warning
RAMB36 async control check  
The RAMB36E1 localization_command_ctrl_instance/vertex_ram_dual_buffer_instance/vertex_memory_reg_0 has an input control pin localization_command_ctrl_instance/vertex_ram_dual_buffer_instance/vertex_memory_reg_0/ADDRARDADDR[13] (net: localization_command_ctrl_instance/vertex_ram_dual_buffer_instance/ram_port_1_address[9]) which is driven by a register (localization_command_ctrl_instance/FSM_sequential_state_current_reg[3]_rep__1) that has an active asychronous set or reset. This may cause corruption of the memory contents and/or read values when the set/reset is asserted and is not analyzed by the default static timing analysis. It is suggested to eliminate the use of a set/reset to registers driving this RAMB pin or else use a synchronous reset in which the assertion of the reset is timed by default.
Related violations: <none>

REQP-1839#13 Warning
RAMB36 async control check  
The RAMB36E1 localization_command_ctrl_instance/vertex_ram_dual_buffer_instance/vertex_memory_reg_0 has an input control pin localization_command_ctrl_instance/vertex_ram_dual_buffer_instance/vertex_memory_reg_0/ADDRARDADDR[13] (net: localization_command_ctrl_instance/vertex_ram_dual_buffer_instance/ram_port_1_address[9]) which is driven by a register (localization_command_ctrl_instance/polygon_clip_engine_instance/output_count_saved_reg[9]) that has an active asychronous set or reset. This may cause corruption of the memory contents and/or read values when the set/reset is asserted and is not analyzed by the default static timing analysis. It is suggested to eliminate the use of a set/reset to registers driving this RAMB pin or else use a synchronous reset in which the assertion of the reset is timed by default.
Related violations: <none>

REQP-1839#14 Warning
RAMB36 async control check  
The RAMB36E1 localization_command_ctrl_instance/vertex_ram_dual_buffer_instance/vertex_memory_reg_0 has an input control pin localization_command_ctrl_instance/vertex_ram_dual_buffer_instance/vertex_memory_reg_0/ADDRARDADDR[13] (net: localization_command_ctrl_instance/vertex_ram_dual_buffer_instance/ram_port_1_address[9]) which is driven by a register (localization_command_ctrl_instance/polygon_diameter_engine_instance/issue_second_index_saved_reg[9]) that has an active asychronous set or reset. This may cause corruption of the memory contents and/or read values when the set/reset is asserted and is not analyzed by the default static timing analysis. It is suggested to eliminate the use of a set/reset to registers driving this RAMB pin or else use a synchronous reset in which the assertion of the reset is timed by default.
Related violations: <none>

REQP-1839#15 Warning
RAMB36 async control check  
The RAMB36E1 localization_command_ctrl_instance/vertex_ram_dual_buffer_instance/vertex_memory_reg_0 has an input control pin localization_command_ctrl_instance/vertex_ram_dual_buffer_instance/vertex_memory_reg_0/ADDRARDADDR[14] (net: localization_command_ctrl_instance/vertex_ram_dual_buffer_instance/ram_port_1_buffer13_out) which is driven by a register (localization_command_ctrl_instance/FSM_sequential_state_current_reg[0]_rep__0) that has an active asychronous set or reset. This may cause corruption of the memory contents and/or read values when the set/reset is asserted and is not analyzed by the default static timing analysis. It is suggested to eliminate the use of a set/reset to registers driving this RAMB pin or else use a synchronous reset in which the assertion of the reset is timed by default.
Related violations: <none>

REQP-1839#16 Warning
RAMB36 async control check  
The RAMB36E1 localization_command_ctrl_instance/vertex_ram_dual_buffer_instance/vertex_memory_reg_0 has an input control pin localization_command_ctrl_instance/vertex_ram_dual_buffer_instance/vertex_memory_reg_0/ADDRARDADDR[14] (net: localization_command_ctrl_instance/vertex_ram_dual_buffer_instance/ram_port_1_buffer13_out) which is driven by a register (localization_command_ctrl_instance/FSM_sequential_state_current_reg[1]_rep__1) that has an active asychronous set or reset. This may cause corruption of the memory contents and/or read values when the set/reset is asserted and is not analyzed by the default static timing analysis. It is suggested to eliminate the use of a set/reset to registers driving this RAMB pin or else use a synchronous reset in which the assertion of the reset is timed by default.
Related violations: <none>

REQP-1839#17 Warning
RAMB36 async control check  
The RAMB36E1 localization_command_ctrl_instance/vertex_ram_dual_buffer_instance/vertex_memory_reg_0 has an input control pin localization_command_ctrl_instance/vertex_ram_dual_buffer_instance/vertex_memory_reg_0/ADDRARDADDR[14] (net: localization_command_ctrl_instance/vertex_ram_dual_buffer_instance/ram_port_1_buffer13_out) which is driven by a register (localization_command_ctrl_instance/FSM_sequential_state_current_reg[2]_rep__1) that has an active asychronous set or reset. This may cause corruption of the memory contents and/or read values when the set/reset is asserted and is not analyzed by the default static timing analysis. It is suggested to eliminate the use of a set/reset to registers driving this RAMB pin or else use a synchronous reset in which the assertion of the reset is timed by default.
Related violations: <none>

REQP-1839#18 Warning
RAMB36 async control check  
The RAMB36E1 localization_command_ctrl_instance/vertex_ram_dual_buffer_instance/vertex_memory_reg_0 has an input control pin localization_command_ctrl_instance/vertex_ram_dual_buffer_instance/vertex_memory_reg_0/ADDRARDADDR[14] (net: localization_command_ctrl_instance/vertex_ram_dual_buffer_instance/ram_port_1_buffer13_out) which is driven by a register (localization_command_ctrl_instance/FSM_sequential_state_current_reg[3]_rep__1) that has an active asychronous set or reset. This may cause corruption of the memory contents and/or read values when the set/reset is asserted and is not analyzed by the default static timing analysis. It is suggested to eliminate the use of a set/reset to registers driving this RAMB pin or else use a synchronous reset in which the assertion of the reset is timed by default.
Related violations: <none>

REQP-1839#19 Warning
RAMB36 async control check  
The RAMB36E1 localization_command_ctrl_instance/vertex_ram_dual_buffer_instance/vertex_memory_reg_0 has an input control pin localization_command_ctrl_instance/vertex_ram_dual_buffer_instance/vertex_memory_reg_0/ADDRARDADDR[14] (net: localization_command_ctrl_instance/vertex_ram_dual_buffer_instance/ram_port_1_buffer13_out) which is driven by a register (localization_command_ctrl_instance/polygon_clip_engine_instance/input_buffer_saved_reg) that has an active asychronous set or reset. This may cause corruption of the memory contents and/or read values when the set/reset is asserted and is not analyzed by the default static timing analysis. It is suggested to eliminate the use of a set/reset to registers driving this RAMB pin or else use a synchronous reset in which the assertion of the reset is timed by default.
Related violations: <none>

REQP-1839#20 Warning
RAMB36 async control check  
The RAMB36E1 localization_command_ctrl_instance/vertex_ram_dual_buffer_instance/vertex_memory_reg_0 has an input control pin localization_command_ctrl_instance/vertex_ram_dual_buffer_instance/vertex_memory_reg_0/ADDRARDADDR[14] (net: localization_command_ctrl_instance/vertex_ram_dual_buffer_instance/ram_port_1_buffer13_out) which is driven by a register (localization_command_ctrl_instance/polygon_diameter_engine_instance/vertex_buffer_saved_reg) that has an active asychronous set or reset. This may cause corruption of the memory contents and/or read values when the set/reset is asserted and is not analyzed by the default static timing analysis. It is suggested to eliminate the use of a set/reset to registers driving this RAMB pin or else use a synchronous reset in which the assertion of the reset is timed by default.
Related violations: <none>

RTSTAT-10#1 Warning
No routable loads  
25 net(s) have no routable loads. The problem bus(es) and/or net(s) are dbg_hub/inst/BSCANID.u_xsdbm_id/CORE_XSDB.UUT_MASTER/U_ICON_INTERFACE/U_CMD1/ctl_reg_en_2[1],
dbg_hub/inst/BSCANID.u_xsdbm_id/CORE_XSDB.UUT_MASTER/U_ICON_INTERFACE/U_CMD6_RD/U_RD_FIFO/SUBCORE_FIFO.xsdbm_v3_0_3_rdfifo_inst/inst_fifo_gen/gconvfifo.rf/grf.rf/gntv_or_sync_fifo.gl0.rd/gr1.gr1_int.rfwft/aempty_fwft_i,
dbg_hub/inst/BSCANID.u_xsdbm_id/CORE_XSDB.UUT_MASTER/U_ICON_INTERFACE/U_CMD6_RD/U_RD_FIFO/SUBCORE_FIFO.xsdbm_v3_0_3_rdfifo_inst/inst_fifo_gen/gconvfifo.rf/grf.rf/gntv_or_sync_fifo.gl0.rd/gras.rsts/ram_empty_i,
dbg_hub/inst/BSCANID.u_xsdbm_id/CORE_XSDB.UUT_MASTER/U_ICON_INTERFACE/U_CMD6_RD/U_RD_FIFO/SUBCORE_FIFO.xsdbm_v3_0_3_rdfifo_inst/inst_fifo_gen/gconvfifo.rf/grf.rf/gntv_or_sync_fifo.gl0.wr/gwhf.whf/overflow,
dbg_hub/inst/BSCANID.u_xsdbm_id/CORE_XSDB.UUT_MASTER/U_ICON_INTERFACE/U_CMD6_RD/U_RD_FIFO/SUBCORE_FIFO.xsdbm_v3_0_3_rdfifo_inst/inst_fifo_gen/gconvfifo.rf/grf.rf/rstblk/ngwrdrst.grst.wr_rst_reg[2],
dbg_hub/inst/BSCANID.u_xsdbm_id/CORE_XSDB.UUT_MASTER/U_ICON_INTERFACE/U_CMD6_WR/U_WR_FIFO/SUBCORE_FIFO.xsdbm_v3_0_3_wrfifo_inst/inst_fifo_gen/gconvfifo.rf/grf.rf/gntv_or_sync_fifo.gl0.wr/gwas.wsts/ram_full_i,
dbg_hub/inst/BSCANID.u_xsdbm_id/CORE_XSDB.UUT_MASTER/U_ICON_INTERFACE/U_CMD6_WR/U_WR_FIFO/SUBCORE_FIFO.xsdbm_v3_0_3_wrfifo_inst/inst_fifo_gen/gconvfifo.rf/grf.rf/gntv_or_sync_fifo.gl0.wr/gwhf.whf/overflow,
dbg_hub/inst/BSCANID.u_xsdbm_id/CORE_XSDB.UUT_MASTER/U_ICON_INTERFACE/U_CMD6_WR/U_WR_FIFO/SUBCORE_FIFO.xsdbm_v3_0_3_wrfifo_inst/inst_fifo_gen/gconvfifo.rf/grf.rf/rstblk/ngwrdrst.grst.rd_rst_reg[0],
dbg_hub/inst/BSCANID.u_xsdbm_id/CORE_XSDB.UUT_MASTER/U_ICON_INTERFACE/U_CMD6_WR/U_WR_FIFO/SUBCORE_FIFO.xsdbm_v3_0_3_wrfifo_inst/inst_fifo_gen/gconvfifo.rf/grf.rf/rstblk/ngwrdrst.grst.wr_rst_reg[2],
dbg_hub/inst/BSCANID.u_xsdbm_id/CORE_XSDB.UUT_MASTER/U_ICON_INTERFACE/U_CMD7_CTL/ctl_reg[2:0],
dbg_hub/inst/BSCANID.u_xsdbm_id/CORE_XSDB.UUT_MASTER/U_ICON_INTERFACE/U_CMD7_CTL/ctl_reg_en_2[1],
dbg_hub/inst/BSCANID.u_xsdbm_id/SWITCH_N_EXT_BSCAN.bscan_inst/TMS,
dbg_hub/inst/BSCANID.u_xsdbm_id/SWITCH_N_EXT_BSCAN.bscan_switch/m_bscan_capture[0],
dbg_hub/inst/BSCANID.u_xsdbm_id/SWITCH_N_EXT_BSCAN.bscan_switch/m_bscan_drck[0],
dbg_hub/inst/BSCANID.u_xsdbm_id/SWITCH_N_EXT_BSCAN.bscan_switch/m_bscan_runtest[0]
 (the first 15 of 23 listed nets/buses).
Related violations: <none>


