Copyright 1986-2022 Xilinx, Inc. All Rights Reserved. Copyright 2022-2024 Advanced Micro Devices, Inc. All Rights Reserved.
------------------------------------------------------------------------------------------------------------------------------------------------------------------------------------------------------------------------------------------------------------------------------
| Tool Version : Vivado v.2024.2 (win64) Build 5239630 Fri Nov 08 22:35:27 MST 2024
| Date         : Wed Sep 23 18:26:53 2026
| Host         : XiaoB running 64-bit major release  (build 9200)
| Command      : report_timing_summary -max_paths 10 -report_unconstrained -file radio_localization_fpga_top_timing_summary_routed.rpt -pb radio_localization_fpga_top_timing_summary_routed.pb -rpx radio_localization_fpga_top_timing_summary_routed.rpx -warn_on_violation
| Design       : radio_localization_fpga_top
| Device       : 7a35t-cpg236
| Speed File   : -1  PRODUCTION 1.23 2018-06-13
| Design State : Routed
------------------------------------------------------------------------------------------------------------------------------------------------------------------------------------------------------------------------------------------------------------------------------

Timing Summary Report

------------------------------------------------------------------------------------------------
| Timer Settings
| --------------
------------------------------------------------------------------------------------------------

  Enable Multi Corner Analysis               :  Yes
  Enable Pessimism Removal                   :  Yes
  Pessimism Removal Resolution               :  Nearest Common Node
  Enable Input Delay Default Clock           :  No
  Enable Preset / Clear Arcs                 :  No
  Disable Flight Delays                      :  No
  Ignore I/O Paths                           :  No
  Timing Early Launch at Borrowing Latches   :  No
  Borrow Time for Max Delay Exceptions       :  Yes
  Merge Timing Exceptions                    :  Yes
  Inter-SLR Compensation                     :  Conservative

  Corner  Analyze    Analyze    
  Name    Max Paths  Min Paths  
  ------  ---------  ---------  
  Slow    Yes        Yes        
  Fast    Yes        Yes        


------------------------------------------------------------------------------------------------
| Report Methodology
| ------------------
------------------------------------------------------------------------------------------------

Rule       Severity  Description                                 Violations  
---------  --------  ------------------------------------------  ----------  
DPIR-1     Warning   Asynchronous driver check                   636         
LUTAR-1    Warning   LUT drives async reset alert                1           
SYNTH-6    Warning   Timing of a RAM block might be sub-optimal  6           
SYNTH-10   Warning   Wide multiplier                             24          
TIMING-18  Warning   Missing input or output delay               8           

Note: This report is based on the most recent report_methodology run and may not be up-to-date. Run report_methodology on the current design for the latest report.



check_timing report

Table of Contents
-----------------
1. checking no_clock (0)
2. checking constant_clock (0)
3. checking pulse_width_clock (0)
4. checking unconstrained_internal_endpoints (0)
5. checking no_input_delay (2)
6. checking no_output_delay (6)
7. checking multiple_clock (0)
8. checking generated_clocks (0)
9. checking loops (0)
10. checking partial_input_delay (0)
11. checking partial_output_delay (0)
12. checking latch_loops (0)

1. checking no_clock (0)
------------------------
 There are 0 register/latch pins with no clock.


2. checking constant_clock (0)
------------------------------
 There are 0 register/latch pins with constant_clock.


3. checking pulse_width_clock (0)
---------------------------------
 There are 0 register/latch pins which need pulse_width check


4. checking unconstrained_internal_endpoints (0)
------------------------------------------------
 There are 0 pins that are not constrained for maximum delay.

 There are 0 pins that are not constrained for maximum delay due to constant clock.


5. checking no_input_delay (2)
------------------------------
 There are 2 input ports with no input delay specified. (HIGH)

 There are 0 input ports with no input delay but user has a false path constraint.


6. checking no_output_delay (6)
-------------------------------
 There are 6 ports with no output delay specified. (HIGH)

 There are 0 ports with no output delay but user has a false path constraint

 There are 0 ports with no output delay but with a timing clock defined on it or propagating through it


7. checking multiple_clock (0)
------------------------------
 There are 0 register/latch pins with multiple clocks.


8. checking generated_clocks (0)
--------------------------------
 There are 0 generated clocks that are not connected to a clock source.


9. checking loops (0)
---------------------
 There are 0 combinational loops in the design.


10. checking partial_input_delay (0)
------------------------------------
 There are 0 input ports with partial input delay specified.


11. checking partial_output_delay (0)
-------------------------------------
 There are 0 ports with partial output delay specified.


12. checking latch_loops (0)
----------------------------
 There are 0 combinational latch loops in the design through latch input



------------------------------------------------------------------------------------------------
| Design Timing Summary
| ---------------------
------------------------------------------------------------------------------------------------

    WNS(ns)      TNS(ns)  TNS Failing Endpoints  TNS Total Endpoints      WHS(ns)      THS(ns)  THS Failing Endpoints  THS Total Endpoints     WPWS(ns)     TPWS(ns)  TPWS Failing Endpoints  TPWS Total Endpoints  
    -------      -------  ---------------------  -------------------      -------      -------  ---------------------  -------------------     --------     --------  ----------------------  --------------------  
      0.511        0.000                      0                25029        0.018        0.000                      0                25029        4.500        0.000                       0                  9760  


All user specified timing constraints are met.


------------------------------------------------------------------------------------------------
| Clock Summary
| -------------
------------------------------------------------------------------------------------------------

Clock       Waveform(ns)       Period(ns)      Frequency(MHz)
-----       ------------       ----------      --------------
clk_100mhz  {0.000 5.000}      10.000          100.000         


------------------------------------------------------------------------------------------------
| Intra Clock Table
| -----------------
------------------------------------------------------------------------------------------------

Clock             WNS(ns)      TNS(ns)  TNS Failing Endpoints  TNS Total Endpoints      WHS(ns)      THS(ns)  THS Failing Endpoints  THS Total Endpoints     WPWS(ns)     TPWS(ns)  TPWS Failing Endpoints  TPWS Total Endpoints  
-----             -------      -------  ---------------------  -------------------      -------      -------  ---------------------  -------------------     --------     --------  ----------------------  --------------------  
clk_100mhz          0.511        0.000                      0                21128        0.018        0.000                      0                21128        4.500        0.000                       0                  9760  


------------------------------------------------------------------------------------------------
| Inter Clock Table
| -----------------
------------------------------------------------------------------------------------------------

From Clock    To Clock          WNS(ns)      TNS(ns)  TNS Failing Endpoints  TNS Total Endpoints      WHS(ns)      THS(ns)  THS Failing Endpoints  THS Total Endpoints  
----------    --------          -------      -------  ---------------------  -------------------      -------      -------  ---------------------  -------------------  


------------------------------------------------------------------------------------------------
| Other Path Groups Table
| -----------------------
------------------------------------------------------------------------------------------------

Path Group         From Clock         To Clock               WNS(ns)      TNS(ns)  TNS Failing Endpoints  TNS Total Endpoints      WHS(ns)      THS(ns)  THS Failing Endpoints  THS Total Endpoints  
----------         ----------         --------               -------      -------  ---------------------  -------------------      -------      -------  ---------------------  -------------------  
**async_default**  clk_100mhz         clk_100mhz               2.123        0.000                      0                 3901        0.623        0.000                      0                 3901  


------------------------------------------------------------------------------------------------
| User Ignored Path Table
| -----------------------
------------------------------------------------------------------------------------------------

Path Group    From Clock    To Clock    
----------    ----------    --------    


------------------------------------------------------------------------------------------------
| Unconstrained Path Table
| ------------------------
------------------------------------------------------------------------------------------------

Path Group    From Clock    To Clock    
----------    ----------    --------    
(none)        clk_100mhz                  
(none)                      clk_100mhz    


------------------------------------------------------------------------------------------------
| Timing Details
| --------------
------------------------------------------------------------------------------------------------


---------------------------------------------------------------------------------------------------
From Clock:  clk_100mhz
  To Clock:  clk_100mhz

Setup :            0  Failing Endpoints,  Worst Slack        0.511ns,  Total Violation        0.000ns
Hold  :            0  Failing Endpoints,  Worst Slack        0.018ns,  Total Violation        0.000ns
PW    :            0  Failing Endpoints,  Worst Slack        4.500ns,  Total Violation        0.000ns
---------------------------------------------------------------------------------------------------


Max Delay Paths
--------------------------------------------------------------------------------------
Slack (MET) :             0.511ns  (required time - arrival time)
  Source:                 localization_command_ctrl_instance/polygon_clip_engine_instance/intersection_instance/denominator_saved_reg[0]/C
                            (rising edge-triggered cell FDCE clocked by clk_100mhz  {rise@0.000ns fall@5.000ns period=10.000ns})
  Destination:            localization_command_ctrl_instance/polygon_clip_engine_instance/intersection_instance/ratio_result_reg[0]/CE
                            (rising edge-triggered cell FDCE clocked by clk_100mhz  {rise@0.000ns fall@5.000ns period=10.000ns})
  Path Group:             clk_100mhz
  Path Type:              Setup (Max at Slow Process Corner)
  Requirement:            10.000ns  (clk_100mhz rise@10.000ns - clk_100mhz rise@0.000ns)
  Data Path Delay:        8.937ns  (logic 4.631ns (51.817%)  route 4.306ns (48.183%))
  Logic Levels:           21  (CARRY4=16 LUT1=1 LUT3=1 LUT4=1 LUT5=1 LUT6=1)
  Clock Path Skew:        -0.109ns (DCD - SCD + CPR)
    Destination Clock Delay (DCD):    4.785ns = ( 14.785 - 10.000 ) 
    Source Clock Delay      (SCD):    5.082ns
    Clock Pessimism Removal (CPR):    0.188ns
  Clock Uncertainty:      0.035ns  ((TSJ^2 + TIJ^2)^1/2 + DJ) / 2 + PE
    Total System Jitter     (TSJ):    0.071ns
    Total Input Jitter      (TIJ):    0.000ns
    Discrete Jitter          (DJ):    0.000ns
    Phase Error              (PE):    0.000ns

    Location             Delay type                Incr(ns)  Path(ns)    Netlist Resource(s)
  -------------------------------------------------------------------    -------------------
                         (clock clk_100mhz rise edge)
                                                      0.000     0.000 r  
    W5                                                0.000     0.000 r  clk_100mhz_i (IN)
                         net (fo=0)                   0.000     0.000    clk_100mhz_i
    W5                   IBUF (Prop_ibuf_I_O)         1.458     1.458 r  clk_100mhz_i_IBUF_inst/O
                         net (fo=1, routed)           1.967     3.425    clk_100mhz_i_IBUF
    BUFGCTRL_X0Y0        BUFG (Prop_bufg_I_O)         0.096     3.521 r  clk_100mhz_i_IBUF_BUFG_inst/O
                         net (fo=9761, routed)        1.561     5.082    localization_command_ctrl_instance/polygon_clip_engine_instance/intersection_instance/clk_100mhz_i_IBUF_BUFG
    SLICE_X43Y36         FDCE                                         r  localization_command_ctrl_instance/polygon_clip_engine_instance/intersection_instance/denominator_saved_reg[0]/C
  -------------------------------------------------------------------    -------------------
    SLICE_X43Y36         FDCE (Prop_fdce_C_Q)         0.456     5.538 f  localization_command_ctrl_instance/polygon_clip_engine_instance/intersection_instance/denominator_saved_reg[0]/Q
                         net (fo=5, routed)           0.680     6.219    localization_command_ctrl_instance/polygon_clip_engine_instance/intersection_instance/denominator_saved_reg_n_0_[0]
    SLICE_X43Y36         LUT1 (Prop_lut1_I0_O)        0.152     6.371 r  localization_command_ctrl_instance/polygon_clip_engine_instance/intersection_instance/denominator_magnitude_saved[4]_i_3/O
                         net (fo=1, routed)           0.473     6.844    localization_command_ctrl_instance/polygon_clip_engine_instance/intersection_instance/denominator_magnitude_saved[4]_i_3_n_0
    SLICE_X43Y38         CARRY4 (Prop_carry4_CYINIT_CO[3])
                                                      0.782     7.626 r  localization_command_ctrl_instance/polygon_clip_engine_instance/intersection_instance/denominator_magnitude_saved_reg[4]_i_2/CO[3]
                         net (fo=1, routed)           0.000     7.626    localization_command_ctrl_instance/polygon_clip_engine_instance/intersection_instance/denominator_magnitude_saved_reg[4]_i_2_n_0
    SLICE_X43Y39         CARRY4 (Prop_carry4_CI_CO[3])
                                                      0.114     7.740 r  localization_command_ctrl_instance/polygon_clip_engine_instance/intersection_instance/denominator_magnitude_saved_reg[8]_i_2/CO[3]
                         net (fo=1, routed)           0.000     7.740    localization_command_ctrl_instance/polygon_clip_engine_instance/intersection_instance/denominator_magnitude_saved_reg[8]_i_2_n_0
    SLICE_X43Y40         CARRY4 (Prop_carry4_CI_CO[3])
                                                      0.114     7.854 r  localization_command_ctrl_instance/polygon_clip_engine_instance/intersection_instance/denominator_magnitude_saved_reg[12]_i_2/CO[3]
                         net (fo=1, routed)           0.000     7.854    localization_command_ctrl_instance/polygon_clip_engine_instance/intersection_instance/denominator_magnitude_saved_reg[12]_i_2_n_0
    SLICE_X43Y41         CARRY4 (Prop_carry4_CI_CO[3])
                                                      0.114     7.968 r  localization_command_ctrl_instance/polygon_clip_engine_instance/intersection_instance/denominator_magnitude_saved_reg[16]_i_2/CO[3]
                         net (fo=1, routed)           0.000     7.968    localization_command_ctrl_instance/polygon_clip_engine_instance/intersection_instance/denominator_magnitude_saved_reg[16]_i_2_n_0
    SLICE_X43Y42         CARRY4 (Prop_carry4_CI_CO[3])
                                                      0.114     8.082 r  localization_command_ctrl_instance/polygon_clip_engine_instance/intersection_instance/denominator_magnitude_saved_reg[20]_i_2/CO[3]
                         net (fo=1, routed)           0.000     8.082    localization_command_ctrl_instance/polygon_clip_engine_instance/intersection_instance/denominator_magnitude_saved_reg[20]_i_2_n_0
    SLICE_X43Y43         CARRY4 (Prop_carry4_CI_CO[3])
                                                      0.114     8.196 r  localization_command_ctrl_instance/polygon_clip_engine_instance/intersection_instance/denominator_magnitude_saved_reg[24]_i_2/CO[3]
                         net (fo=1, routed)           0.000     8.196    localization_command_ctrl_instance/polygon_clip_engine_instance/intersection_instance/denominator_magnitude_saved_reg[24]_i_2_n_0
    SLICE_X43Y44         CARRY4 (Prop_carry4_CI_CO[3])
                                                      0.114     8.310 r  localization_command_ctrl_instance/polygon_clip_engine_instance/intersection_instance/denominator_magnitude_saved_reg[28]_i_2/CO[3]
                         net (fo=1, routed)           0.000     8.310    localization_command_ctrl_instance/polygon_clip_engine_instance/intersection_instance/denominator_magnitude_saved_reg[28]_i_2_n_0
    SLICE_X43Y45         CARRY4 (Prop_carry4_CI_CO[3])
                                                      0.114     8.424 r  localization_command_ctrl_instance/polygon_clip_engine_instance/intersection_instance/denominator_magnitude_saved_reg[32]_i_2/CO[3]
                         net (fo=1, routed)           0.000     8.424    localization_command_ctrl_instance/polygon_clip_engine_instance/intersection_instance/denominator_magnitude_saved_reg[32]_i_2_n_0
    SLICE_X43Y46         CARRY4 (Prop_carry4_CI_CO[3])
                                                      0.114     8.538 r  localization_command_ctrl_instance/polygon_clip_engine_instance/intersection_instance/denominator_magnitude_saved_reg[36]_i_2/CO[3]
                         net (fo=1, routed)           0.000     8.538    localization_command_ctrl_instance/polygon_clip_engine_instance/intersection_instance/denominator_magnitude_saved_reg[36]_i_2_n_0
    SLICE_X43Y47         CARRY4 (Prop_carry4_CI_CO[3])
                                                      0.114     8.652 r  localization_command_ctrl_instance/polygon_clip_engine_instance/intersection_instance/denominator_magnitude_saved_reg[40]_i_2/CO[3]
                         net (fo=1, routed)           0.000     8.652    localization_command_ctrl_instance/polygon_clip_engine_instance/intersection_instance/denominator_magnitude_saved_reg[40]_i_2_n_0
    SLICE_X43Y48         CARRY4 (Prop_carry4_CI_CO[3])
                                                      0.114     8.766 r  localization_command_ctrl_instance/polygon_clip_engine_instance/intersection_instance/denominator_magnitude_saved_reg[44]_i_2/CO[3]
                         net (fo=1, routed)           0.000     8.766    localization_command_ctrl_instance/polygon_clip_engine_instance/intersection_instance/denominator_magnitude_saved_reg[44]_i_2_n_0
    SLICE_X43Y49         CARRY4 (Prop_carry4_CI_CO[3])
                                                      0.114     8.880 r  localization_command_ctrl_instance/polygon_clip_engine_instance/intersection_instance/denominator_magnitude_saved_reg[48]_i_2/CO[3]
                         net (fo=1, routed)           0.001     8.881    localization_command_ctrl_instance/polygon_clip_engine_instance/intersection_instance/denominator_magnitude_saved_reg[48]_i_2_n_0
    SLICE_X43Y50         CARRY4 (Prop_carry4_CI_CO[3])
                                                      0.114     8.995 r  localization_command_ctrl_instance/polygon_clip_engine_instance/intersection_instance/denominator_magnitude_saved_reg[52]_i_2/CO[3]
                         net (fo=1, routed)           0.000     8.995    localization_command_ctrl_instance/polygon_clip_engine_instance/intersection_instance/denominator_magnitude_saved_reg[52]_i_2_n_0
    SLICE_X43Y51         CARRY4 (Prop_carry4_CI_O[3])
                                                      0.313     9.308 f  localization_command_ctrl_instance/polygon_clip_engine_instance/intersection_instance/denominator_magnitude_saved_reg[56]_i_2/O[3]
                         net (fo=2, routed)           0.445     9.753    localization_command_ctrl_instance/polygon_clip_engine_instance/intersection_instance/denominator_magnitude0[56]
    SLICE_X42Y51         LUT3 (Prop_lut3_I0_O)        0.306    10.059 f  localization_command_ctrl_instance/polygon_clip_engine_instance/intersection_instance/denominator_magnitude_saved[56]_i_1/O
                         net (fo=3, routed)           0.691    10.750    localization_command_ctrl_instance/polygon_clip_engine_instance/intersection_instance/denominator_magnitude[56]
    SLICE_X42Y51         LUT6 (Prop_lut6_I3_O)        0.124    10.874 r  localization_command_ctrl_instance/polygon_clip_engine_instance/intersection_instance/state_current[2]_i_13/O
                         net (fo=1, routed)           0.540    11.414    localization_command_ctrl_instance/polygon_clip_engine_instance/intersection_instance/state_current[2]_i_13_n_0
    SLICE_X36Y46         CARRY4 (Prop_carry4_DI[0]_CO[3])
                                                      0.526    11.940 r  localization_command_ctrl_instance/polygon_clip_engine_instance/intersection_instance/state_current_reg[2]_i_4/CO[3]
                         net (fo=1, routed)           0.000    11.940    localization_command_ctrl_instance/polygon_clip_engine_instance/intersection_instance/state_current_reg[2]_i_4_n_0
    SLICE_X36Y47         CARRY4 (Prop_carry4_CI_CO[1])
                                                      0.157    12.097 r  localization_command_ctrl_instance/polygon_clip_engine_instance/intersection_instance/state_current_reg[2]_i_3/CO[1]
                         net (fo=1, routed)           0.434    12.531    localization_command_ctrl_instance/polygon_clip_engine_instance/intersection_instance/state_next20_in
    SLICE_X35Y47         LUT4 (Prop_lut4_I3_O)        0.329    12.860 r  localization_command_ctrl_instance/polygon_clip_engine_instance/intersection_instance/state_current[2]_i_2/O
                         net (fo=3, routed)           0.638    13.499    localization_command_ctrl_instance/polygon_clip_engine_instance/intersection_instance/state_next1
    SLICE_X33Y46         LUT5 (Prop_lut5_I2_O)        0.118    13.617 r  localization_command_ctrl_instance/polygon_clip_engine_instance/intersection_instance/ratio_result[30]_i_1/O
                         net (fo=31, routed)          0.403    14.019    localization_command_ctrl_instance/polygon_clip_engine_instance/intersection_instance/ratio_result[30]_i_1_n_0
    SLICE_X35Y46         FDCE                                         r  localization_command_ctrl_instance/polygon_clip_engine_instance/intersection_instance/ratio_result_reg[0]/CE
  -------------------------------------------------------------------    -------------------

                         (clock clk_100mhz rise edge)
                                                     10.000    10.000 r  
    W5                                                0.000    10.000 r  clk_100mhz_i (IN)
                         net (fo=0)                   0.000    10.000    clk_100mhz_i
    W5                   IBUF (Prop_ibuf_I_O)         1.388    11.388 r  clk_100mhz_i_IBUF_inst/O
                         net (fo=1, routed)           1.862    13.250    clk_100mhz_i_IBUF
    BUFGCTRL_X0Y0        BUFG (Prop_bufg_I_O)         0.091    13.341 r  clk_100mhz_i_IBUF_BUFG_inst/O
                         net (fo=9761, routed)        1.444    14.785    localization_command_ctrl_instance/polygon_clip_engine_instance/intersection_instance/clk_100mhz_i_IBUF_BUFG
    SLICE_X35Y46         FDCE                                         r  localization_command_ctrl_instance/polygon_clip_engine_instance/intersection_instance/ratio_result_reg[0]/C
                         clock pessimism              0.188    14.973    
                         clock uncertainty           -0.035    14.938    
    SLICE_X35Y46         FDCE (Setup_fdce_C_CE)      -0.407    14.531    localization_command_ctrl_instance/polygon_clip_engine_instance/intersection_instance/ratio_result_reg[0]
  -------------------------------------------------------------------
                         required time                         14.531    
                         arrival time                         -14.019    
  -------------------------------------------------------------------
                         slack                                  0.511    

Slack (MET) :             0.511ns  (required time - arrival time)
  Source:                 localization_command_ctrl_instance/polygon_clip_engine_instance/intersection_instance/denominator_saved_reg[0]/C
                            (rising edge-triggered cell FDCE clocked by clk_100mhz  {rise@0.000ns fall@5.000ns period=10.000ns})
  Destination:            localization_command_ctrl_instance/polygon_clip_engine_instance/intersection_instance/ratio_result_reg[11]/CE
                            (rising edge-triggered cell FDCE clocked by clk_100mhz  {rise@0.000ns fall@5.000ns period=10.000ns})
  Path Group:             clk_100mhz
  Path Type:              Setup (Max at Slow Process Corner)
  Requirement:            10.000ns  (clk_100mhz rise@10.000ns - clk_100mhz rise@0.000ns)
  Data Path Delay:        8.937ns  (logic 4.631ns (51.817%)  route 4.306ns (48.183%))
  Logic Levels:           21  (CARRY4=16 LUT1=1 LUT3=1 LUT4=1 LUT5=1 LUT6=1)
  Clock Path Skew:        -0.109ns (DCD - SCD + CPR)
    Destination Clock Delay (DCD):    4.785ns = ( 14.785 - 10.000 ) 
    Source Clock Delay      (SCD):    5.082ns
    Clock Pessimism Removal (CPR):    0.188ns
  Clock Uncertainty:      0.035ns  ((TSJ^2 + TIJ^2)^1/2 + DJ) / 2 + PE
    Total System Jitter     (TSJ):    0.071ns
    Total Input Jitter      (TIJ):    0.000ns
    Discrete Jitter          (DJ):    0.000ns
    Phase Error              (PE):    0.000ns

    Location             Delay type                Incr(ns)  Path(ns)    Netlist Resource(s)
  -------------------------------------------------------------------    -------------------
                         (clock clk_100mhz rise edge)
                                                      0.000     0.000 r  
    W5                                                0.000     0.000 r  clk_100mhz_i (IN)
                         net (fo=0)                   0.000     0.000    clk_100mhz_i
    W5                   IBUF (Prop_ibuf_I_O)         1.458     1.458 r  clk_100mhz_i_IBUF_inst/O
                         net (fo=1, routed)           1.967     3.425    clk_100mhz_i_IBUF
    BUFGCTRL_X0Y0        BUFG (Prop_bufg_I_O)         0.096     3.521 r  clk_100mhz_i_IBUF_BUFG_inst/O
                         net (fo=9761, routed)        1.561     5.082    localization_command_ctrl_instance/polygon_clip_engine_instance/intersection_instance/clk_100mhz_i_IBUF_BUFG
    SLICE_X43Y36         FDCE                                         r  localization_command_ctrl_instance/polygon_clip_engine_instance/intersection_instance/denominator_saved_reg[0]/C
  -------------------------------------------------------------------    -------------------
    SLICE_X43Y36         FDCE (Prop_fdce_C_Q)         0.456     5.538 f  localization_command_ctrl_instance/polygon_clip_engine_instance/intersection_instance/denominator_saved_reg[0]/Q
                         net (fo=5, routed)           0.680     6.219    localization_command_ctrl_instance/polygon_clip_engine_instance/intersection_instance/denominator_saved_reg_n_0_[0]
    SLICE_X43Y36         LUT1 (Prop_lut1_I0_O)        0.152     6.371 r  localization_command_ctrl_instance/polygon_clip_engine_instance/intersection_instance/denominator_magnitude_saved[4]_i_3/O
                         net (fo=1, routed)           0.473     6.844    localization_command_ctrl_instance/polygon_clip_engine_instance/intersection_instance/denominator_magnitude_saved[4]_i_3_n_0
    SLICE_X43Y38         CARRY4 (Prop_carry4_CYINIT_CO[3])
                                                      0.782     7.626 r  localization_command_ctrl_instance/polygon_clip_engine_instance/intersection_instance/denominator_magnitude_saved_reg[4]_i_2/CO[3]
                         net (fo=1, routed)           0.000     7.626    localization_command_ctrl_instance/polygon_clip_engine_instance/intersection_instance/denominator_magnitude_saved_reg[4]_i_2_n_0
    SLICE_X43Y39         CARRY4 (Prop_carry4_CI_CO[3])
                                                      0.114     7.740 r  localization_command_ctrl_instance/polygon_clip_engine_instance/intersection_instance/denominator_magnitude_saved_reg[8]_i_2/CO[3]
                         net (fo=1, routed)           0.000     7.740    localization_command_ctrl_instance/polygon_clip_engine_instance/intersection_instance/denominator_magnitude_saved_reg[8]_i_2_n_0
    SLICE_X43Y40         CARRY4 (Prop_carry4_CI_CO[3])
                                                      0.114     7.854 r  localization_command_ctrl_instance/polygon_clip_engine_instance/intersection_instance/denominator_magnitude_saved_reg[12]_i_2/CO[3]
                         net (fo=1, routed)           0.000     7.854    localization_command_ctrl_instance/polygon_clip_engine_instance/intersection_instance/denominator_magnitude_saved_reg[12]_i_2_n_0
    SLICE_X43Y41         CARRY4 (Prop_carry4_CI_CO[3])
                                                      0.114     7.968 r  localization_command_ctrl_instance/polygon_clip_engine_instance/intersection_instance/denominator_magnitude_saved_reg[16]_i_2/CO[3]
                         net (fo=1, routed)           0.000     7.968    localization_command_ctrl_instance/polygon_clip_engine_instance/intersection_instance/denominator_magnitude_saved_reg[16]_i_2_n_0
    SLICE_X43Y42         CARRY4 (Prop_carry4_CI_CO[3])
                                                      0.114     8.082 r  localization_command_ctrl_instance/polygon_clip_engine_instance/intersection_instance/denominator_magnitude_saved_reg[20]_i_2/CO[3]
                         net (fo=1, routed)           0.000     8.082    localization_command_ctrl_instance/polygon_clip_engine_instance/intersection_instance/denominator_magnitude_saved_reg[20]_i_2_n_0
    SLICE_X43Y43         CARRY4 (Prop_carry4_CI_CO[3])
                                                      0.114     8.196 r  localization_command_ctrl_instance/polygon_clip_engine_instance/intersection_instance/denominator_magnitude_saved_reg[24]_i_2/CO[3]
                         net (fo=1, routed)           0.000     8.196    localization_command_ctrl_instance/polygon_clip_engine_instance/intersection_instance/denominator_magnitude_saved_reg[24]_i_2_n_0
    SLICE_X43Y44         CARRY4 (Prop_carry4_CI_CO[3])
                                                      0.114     8.310 r  localization_command_ctrl_instance/polygon_clip_engine_instance/intersection_instance/denominator_magnitude_saved_reg[28]_i_2/CO[3]
                         net (fo=1, routed)           0.000     8.310    localization_command_ctrl_instance/polygon_clip_engine_instance/intersection_instance/denominator_magnitude_saved_reg[28]_i_2_n_0
    SLICE_X43Y45         CARRY4 (Prop_carry4_CI_CO[3])
                                                      0.114     8.424 r  localization_command_ctrl_instance/polygon_clip_engine_instance/intersection_instance/denominator_magnitude_saved_reg[32]_i_2/CO[3]
                         net (fo=1, routed)           0.000     8.424    localization_command_ctrl_instance/polygon_clip_engine_instance/intersection_instance/denominator_magnitude_saved_reg[32]_i_2_n_0
    SLICE_X43Y46         CARRY4 (Prop_carry4_CI_CO[3])
                                                      0.114     8.538 r  localization_command_ctrl_instance/polygon_clip_engine_instance/intersection_instance/denominator_magnitude_saved_reg[36]_i_2/CO[3]
                         net (fo=1, routed)           0.000     8.538    localization_command_ctrl_instance/polygon_clip_engine_instance/intersection_instance/denominator_magnitude_saved_reg[36]_i_2_n_0
    SLICE_X43Y47         CARRY4 (Prop_carry4_CI_CO[3])
                                                      0.114     8.652 r  localization_command_ctrl_instance/polygon_clip_engine_instance/intersection_instance/denominator_magnitude_saved_reg[40]_i_2/CO[3]
                         net (fo=1, routed)           0.000     8.652    localization_command_ctrl_instance/polygon_clip_engine_instance/intersection_instance/denominator_magnitude_saved_reg[40]_i_2_n_0
    SLICE_X43Y48         CARRY4 (Prop_carry4_CI_CO[3])
                                                      0.114     8.766 r  localization_command_ctrl_instance/polygon_clip_engine_instance/intersection_instance/denominator_magnitude_saved_reg[44]_i_2/CO[3]
                         net (fo=1, routed)           0.000     8.766    localization_command_ctrl_instance/polygon_clip_engine_instance/intersection_instance/denominator_magnitude_saved_reg[44]_i_2_n_0
    SLICE_X43Y49         CARRY4 (Prop_carry4_CI_CO[3])
                                                      0.114     8.880 r  localization_command_ctrl_instance/polygon_clip_engine_instance/intersection_instance/denominator_magnitude_saved_reg[48]_i_2/CO[3]
                         net (fo=1, routed)           0.001     8.881    localization_command_ctrl_instance/polygon_clip_engine_instance/intersection_instance/denominator_magnitude_saved_reg[48]_i_2_n_0
    SLICE_X43Y50         CARRY4 (Prop_carry4_CI_CO[3])
                                                      0.114     8.995 r  localization_command_ctrl_instance/polygon_clip_engine_instance/intersection_instance/denominator_magnitude_saved_reg[52]_i_2/CO[3]
                         net (fo=1, routed)           0.000     8.995    localization_command_ctrl_instance/polygon_clip_engine_instance/intersection_instance/denominator_magnitude_saved_reg[52]_i_2_n_0
    SLICE_X43Y51         CARRY4 (Prop_carry4_CI_O[3])
                                                      0.313     9.308 f  localization_command_ctrl_instance/polygon_clip_engine_instance/intersection_instance/denominator_magnitude_saved_reg[56]_i_2/O[3]
                         net (fo=2, routed)           0.445     9.753    localization_command_ctrl_instance/polygon_clip_engine_instance/intersection_instance/denominator_magnitude0[56]
    SLICE_X42Y51         LUT3 (Prop_lut3_I0_O)        0.306    10.059 f  localization_command_ctrl_instance/polygon_clip_engine_instance/intersection_instance/denominator_magnitude_saved[56]_i_1/O
                         net (fo=3, routed)           0.691    10.750    localization_command_ctrl_instance/polygon_clip_engine_instance/intersection_instance/denominator_magnitude[56]
    SLICE_X42Y51         LUT6 (Prop_lut6_I3_O)        0.124    10.874 r  localization_command_ctrl_instance/polygon_clip_engine_instance/intersection_instance/state_current[2]_i_13/O
                         net (fo=1, routed)           0.540    11.414    localization_command_ctrl_instance/polygon_clip_engine_instance/intersection_instance/state_current[2]_i_13_n_0
    SLICE_X36Y46         CARRY4 (Prop_carry4_DI[0]_CO[3])
                                                      0.526    11.940 r  localization_command_ctrl_instance/polygon_clip_engine_instance/intersection_instance/state_current_reg[2]_i_4/CO[3]
                         net (fo=1, routed)           0.000    11.940    localization_command_ctrl_instance/polygon_clip_engine_instance/intersection_instance/state_current_reg[2]_i_4_n_0
    SLICE_X36Y47         CARRY4 (Prop_carry4_CI_CO[1])
                                                      0.157    12.097 r  localization_command_ctrl_instance/polygon_clip_engine_instance/intersection_instance/state_current_reg[2]_i_3/CO[1]
                         net (fo=1, routed)           0.434    12.531    localization_command_ctrl_instance/polygon_clip_engine_instance/intersection_instance/state_next20_in
    SLICE_X35Y47         LUT4 (Prop_lut4_I3_O)        0.329    12.860 r  localization_command_ctrl_instance/polygon_clip_engine_instance/intersection_instance/state_current[2]_i_2/O
                         net (fo=3, routed)           0.638    13.499    localization_command_ctrl_instance/polygon_clip_engine_instance/intersection_instance/state_next1
    SLICE_X33Y46         LUT5 (Prop_lut5_I2_O)        0.118    13.617 r  localization_command_ctrl_instance/polygon_clip_engine_instance/intersection_instance/ratio_result[30]_i_1/O
                         net (fo=31, routed)          0.403    14.019    localization_command_ctrl_instance/polygon_clip_engine_instance/intersection_instance/ratio_result[30]_i_1_n_0
    SLICE_X35Y46         FDCE                                         r  localization_command_ctrl_instance/polygon_clip_engine_instance/intersection_instance/ratio_result_reg[11]/CE
  -------------------------------------------------------------------    -------------------

                         (clock clk_100mhz rise edge)
                                                     10.000    10.000 r  
    W5                                                0.000    10.000 r  clk_100mhz_i (IN)
                         net (fo=0)                   0.000    10.000    clk_100mhz_i
    W5                   IBUF (Prop_ibuf_I_O)         1.388    11.388 r  clk_100mhz_i_IBUF_inst/O
                         net (fo=1, routed)           1.862    13.250    clk_100mhz_i_IBUF
    BUFGCTRL_X0Y0        BUFG (Prop_bufg_I_O)         0.091    13.341 r  clk_100mhz_i_IBUF_BUFG_inst/O
                         net (fo=9761, routed)        1.444    14.785    localization_command_ctrl_instance/polygon_clip_engine_instance/intersection_instance/clk_100mhz_i_IBUF_BUFG
    SLICE_X35Y46         FDCE                                         r  localization_command_ctrl_instance/polygon_clip_engine_instance/intersection_instance/ratio_result_reg[11]/C
                         clock pessimism              0.188    14.973    
                         clock uncertainty           -0.035    14.938    
    SLICE_X35Y46         FDCE (Setup_fdce_C_CE)      -0.407    14.531    localization_command_ctrl_instance/polygon_clip_engine_instance/intersection_instance/ratio_result_reg[11]
  -------------------------------------------------------------------
                         required time                         14.531    
                         arrival time                         -14.019    
  -------------------------------------------------------------------
                         slack                                  0.511    

Slack (MET) :             0.511ns  (required time - arrival time)
  Source:                 localization_command_ctrl_instance/polygon_clip_engine_instance/intersection_instance/denominator_saved_reg[0]/C
                            (rising edge-triggered cell FDCE clocked by clk_100mhz  {rise@0.000ns fall@5.000ns period=10.000ns})
  Destination:            localization_command_ctrl_instance/polygon_clip_engine_instance/intersection_instance/ratio_result_reg[1]/CE
                            (rising edge-triggered cell FDCE clocked by clk_100mhz  {rise@0.000ns fall@5.000ns period=10.000ns})
  Path Group:             clk_100mhz
  Path Type:              Setup (Max at Slow Process Corner)
  Requirement:            10.000ns  (clk_100mhz rise@10.000ns - clk_100mhz rise@0.000ns)
  Data Path Delay:        8.937ns  (logic 4.631ns (51.817%)  route 4.306ns (48.183%))
  Logic Levels:           21  (CARRY4=16 LUT1=1 LUT3=1 LUT4=1 LUT5=1 LUT6=1)
  Clock Path Skew:        -0.109ns (DCD - SCD + CPR)
    Destination Clock Delay (DCD):    4.785ns = ( 14.785 - 10.000 ) 
    Source Clock Delay      (SCD):    5.082ns
    Clock Pessimism Removal (CPR):    0.188ns
  Clock Uncertainty:      0.035ns  ((TSJ^2 + TIJ^2)^1/2 + DJ) / 2 + PE
    Total System Jitter     (TSJ):    0.071ns
    Total Input Jitter      (TIJ):    0.000ns
    Discrete Jitter          (DJ):    0.000ns
    Phase Error              (PE):    0.000ns

    Location             Delay type                Incr(ns)  Path(ns)    Netlist Resource(s)
  -------------------------------------------------------------------    -------------------
                         (clock clk_100mhz rise edge)
                                                      0.000     0.000 r  
    W5                                                0.000     0.000 r  clk_100mhz_i (IN)
                         net (fo=0)                   0.000     0.000    clk_100mhz_i
    W5                   IBUF (Prop_ibuf_I_O)         1.458     1.458 r  clk_100mhz_i_IBUF_inst/O
                         net (fo=1, routed)           1.967     3.425    clk_100mhz_i_IBUF
    BUFGCTRL_X0Y0        BUFG (Prop_bufg_I_O)         0.096     3.521 r  clk_100mhz_i_IBUF_BUFG_inst/O
                         net (fo=9761, routed)        1.561     5.082    localization_command_ctrl_instance/polygon_clip_engine_instance/intersection_instance/clk_100mhz_i_IBUF_BUFG
    SLICE_X43Y36         FDCE                                         r  localization_command_ctrl_instance/polygon_clip_engine_instance/intersection_instance/denominator_saved_reg[0]/C
  -------------------------------------------------------------------    -------------------
    SLICE_X43Y36         FDCE (Prop_fdce_C_Q)         0.456     5.538 f  localization_command_ctrl_instance/polygon_clip_engine_instance/intersection_instance/denominator_saved_reg[0]/Q
                         net (fo=5, routed)           0.680     6.219    localization_command_ctrl_instance/polygon_clip_engine_instance/intersection_instance/denominator_saved_reg_n_0_[0]
    SLICE_X43Y36         LUT1 (Prop_lut1_I0_O)        0.152     6.371 r  localization_command_ctrl_instance/polygon_clip_engine_instance/intersection_instance/denominator_magnitude_saved[4]_i_3/O
                         net (fo=1, routed)           0.473     6.844    localization_command_ctrl_instance/polygon_clip_engine_instance/intersection_instance/denominator_magnitude_saved[4]_i_3_n_0
    SLICE_X43Y38         CARRY4 (Prop_carry4_CYINIT_CO[3])
                                                      0.782     7.626 r  localization_command_ctrl_instance/polygon_clip_engine_instance/intersection_instance/denominator_magnitude_saved_reg[4]_i_2/CO[3]
                         net (fo=1, routed)           0.000     7.626    localization_command_ctrl_instance/polygon_clip_engine_instance/intersection_instance/denominator_magnitude_saved_reg[4]_i_2_n_0
    SLICE_X43Y39         CARRY4 (Prop_carry4_CI_CO[3])
                                                      0.114     7.740 r  localization_command_ctrl_instance/polygon_clip_engine_instance/intersection_instance/denominator_magnitude_saved_reg[8]_i_2/CO[3]
                         net (fo=1, routed)           0.000     7.740    localization_command_ctrl_instance/polygon_clip_engine_instance/intersection_instance/denominator_magnitude_saved_reg[8]_i_2_n_0
    SLICE_X43Y40         CARRY4 (Prop_carry4_CI_CO[3])
                                                      0.114     7.854 r  localization_command_ctrl_instance/polygon_clip_engine_instance/intersection_instance/denominator_magnitude_saved_reg[12]_i_2/CO[3]
                         net (fo=1, routed)           0.000     7.854    localization_command_ctrl_instance/polygon_clip_engine_instance/intersection_instance/denominator_magnitude_saved_reg[12]_i_2_n_0
    SLICE_X43Y41         CARRY4 (Prop_carry4_CI_CO[3])
                                                      0.114     7.968 r  localization_command_ctrl_instance/polygon_clip_engine_instance/intersection_instance/denominator_magnitude_saved_reg[16]_i_2/CO[3]
                         net (fo=1, routed)           0.000     7.968    localization_command_ctrl_instance/polygon_clip_engine_instance/intersection_instance/denominator_magnitude_saved_reg[16]_i_2_n_0
    SLICE_X43Y42         CARRY4 (Prop_carry4_CI_CO[3])
                                                      0.114     8.082 r  localization_command_ctrl_instance/polygon_clip_engine_instance/intersection_instance/denominator_magnitude_saved_reg[20]_i_2/CO[3]
                         net (fo=1, routed)           0.000     8.082    localization_command_ctrl_instance/polygon_clip_engine_instance/intersection_instance/denominator_magnitude_saved_reg[20]_i_2_n_0
    SLICE_X43Y43         CARRY4 (Prop_carry4_CI_CO[3])
                                                      0.114     8.196 r  localization_command_ctrl_instance/polygon_clip_engine_instance/intersection_instance/denominator_magnitude_saved_reg[24]_i_2/CO[3]
                         net (fo=1, routed)           0.000     8.196    localization_command_ctrl_instance/polygon_clip_engine_instance/intersection_instance/denominator_magnitude_saved_reg[24]_i_2_n_0
    SLICE_X43Y44         CARRY4 (Prop_carry4_CI_CO[3])
                                                      0.114     8.310 r  localization_command_ctrl_instance/polygon_clip_engine_instance/intersection_instance/denominator_magnitude_saved_reg[28]_i_2/CO[3]
                         net (fo=1, routed)           0.000     8.310    localization_command_ctrl_instance/polygon_clip_engine_instance/intersection_instance/denominator_magnitude_saved_reg[28]_i_2_n_0
    SLICE_X43Y45         CARRY4 (Prop_carry4_CI_CO[3])
                                                      0.114     8.424 r  localization_command_ctrl_instance/polygon_clip_engine_instance/intersection_instance/denominator_magnitude_saved_reg[32]_i_2/CO[3]
                         net (fo=1, routed)           0.000     8.424    localization_command_ctrl_instance/polygon_clip_engine_instance/intersection_instance/denominator_magnitude_saved_reg[32]_i_2_n_0
    SLICE_X43Y46         CARRY4 (Prop_carry4_CI_CO[3])
                                                      0.114     8.538 r  localization_command_ctrl_instance/polygon_clip_engine_instance/intersection_instance/denominator_magnitude_saved_reg[36]_i_2/CO[3]
                         net (fo=1, routed)           0.000     8.538    localization_command_ctrl_instance/polygon_clip_engine_instance/intersection_instance/denominator_magnitude_saved_reg[36]_i_2_n_0
    SLICE_X43Y47         CARRY4 (Prop_carry4_CI_CO[3])
                                                      0.114     8.652 r  localization_command_ctrl_instance/polygon_clip_engine_instance/intersection_instance/denominator_magnitude_saved_reg[40]_i_2/CO[3]
                         net (fo=1, routed)           0.000     8.652    localization_command_ctrl_instance/polygon_clip_engine_instance/intersection_instance/denominator_magnitude_saved_reg[40]_i_2_n_0
    SLICE_X43Y48         CARRY4 (Prop_carry4_CI_CO[3])
                                                      0.114     8.766 r  localization_command_ctrl_instance/polygon_clip_engine_instance/intersection_instance/denominator_magnitude_saved_reg[44]_i_2/CO[3]
                         net (fo=1, routed)           0.000     8.766    localization_command_ctrl_instance/polygon_clip_engine_instance/intersection_instance/denominator_magnitude_saved_reg[44]_i_2_n_0
    SLICE_X43Y49         CARRY4 (Prop_carry4_CI_CO[3])
                                                      0.114     8.880 r  localization_command_ctrl_instance/polygon_clip_engine_instance/intersection_instance/denominator_magnitude_saved_reg[48]_i_2/CO[3]
                         net (fo=1, routed)           0.001     8.881    localization_command_ctrl_instance/polygon_clip_engine_instance/intersection_instance/denominator_magnitude_saved_reg[48]_i_2_n_0
    SLICE_X43Y50         CARRY4 (Prop_carry4_CI_CO[3])
                                                      0.114     8.995 r  localization_command_ctrl_instance/polygon_clip_engine_instance/intersection_instance/denominator_magnitude_saved_reg[52]_i_2/CO[3]
                         net (fo=1, routed)           0.000     8.995    localization_command_ctrl_instance/polygon_clip_engine_instance/intersection_instance/denominator_magnitude_saved_reg[52]_i_2_n_0
    SLICE_X43Y51         CARRY4 (Prop_carry4_CI_O[3])
                                                      0.313     9.308 f  localization_command_ctrl_instance/polygon_clip_engine_instance/intersection_instance/denominator_magnitude_saved_reg[56]_i_2/O[3]
                         net (fo=2, routed)           0.445     9.753    localization_command_ctrl_instance/polygon_clip_engine_instance/intersection_instance/denominator_magnitude0[56]
    SLICE_X42Y51         LUT3 (Prop_lut3_I0_O)        0.306    10.059 f  localization_command_ctrl_instance/polygon_clip_engine_instance/intersection_instance/denominator_magnitude_saved[56]_i_1/O
                         net (fo=3, routed)           0.691    10.750    localization_command_ctrl_instance/polygon_clip_engine_instance/intersection_instance/denominator_magnitude[56]
    SLICE_X42Y51         LUT6 (Prop_lut6_I3_O)        0.124    10.874 r  localization_command_ctrl_instance/polygon_clip_engine_instance/intersection_instance/state_current[2]_i_13/O
                         net (fo=1, routed)           0.540    11.414    localization_command_ctrl_instance/polygon_clip_engine_instance/intersection_instance/state_current[2]_i_13_n_0
    SLICE_X36Y46         CARRY4 (Prop_carry4_DI[0]_CO[3])
                                                      0.526    11.940 r  localization_command_ctrl_instance/polygon_clip_engine_instance/intersection_instance/state_current_reg[2]_i_4/CO[3]
                         net (fo=1, routed)           0.000    11.940    localization_command_ctrl_instance/polygon_clip_engine_instance/intersection_instance/state_current_reg[2]_i_4_n_0
    SLICE_X36Y47         CARRY4 (Prop_carry4_CI_CO[1])
                                                      0.157    12.097 r  localization_command_ctrl_instance/polygon_clip_engine_instance/intersection_instance/state_current_reg[2]_i_3/CO[1]
                         net (fo=1, routed)           0.434    12.531    localization_command_ctrl_instance/polygon_clip_engine_instance/intersection_instance/state_next20_in
    SLICE_X35Y47         LUT4 (Prop_lut4_I3_O)        0.329    12.860 r  localization_command_ctrl_instance/polygon_clip_engine_instance/intersection_instance/state_current[2]_i_2/O
                         net (fo=3, routed)           0.638    13.499    localization_command_ctrl_instance/polygon_clip_engine_instance/intersection_instance/state_next1
    SLICE_X33Y46         LUT5 (Prop_lut5_I2_O)        0.118    13.617 r  localization_command_ctrl_instance/polygon_clip_engine_instance/intersection_instance/ratio_result[30]_i_1/O
                         net (fo=31, routed)          0.403    14.019    localization_command_ctrl_instance/polygon_clip_engine_instance/intersection_instance/ratio_result[30]_i_1_n_0
    SLICE_X35Y46         FDCE                                         r  localization_command_ctrl_instance/polygon_clip_engine_instance/intersection_instance/ratio_result_reg[1]/CE
  -------------------------------------------------------------------    -------------------

                         (clock clk_100mhz rise edge)
                                                     10.000    10.000 r  
    W5                                                0.000    10.000 r  clk_100mhz_i (IN)
                         net (fo=0)                   0.000    10.000    clk_100mhz_i
    W5                   IBUF (Prop_ibuf_I_O)         1.388    11.388 r  clk_100mhz_i_IBUF_inst/O
                         net (fo=1, routed)           1.862    13.250    clk_100mhz_i_IBUF
    BUFGCTRL_X0Y0        BUFG (Prop_bufg_I_O)         0.091    13.341 r  clk_100mhz_i_IBUF_BUFG_inst/O
                         net (fo=9761, routed)        1.444    14.785    localization_command_ctrl_instance/polygon_clip_engine_instance/intersection_instance/clk_100mhz_i_IBUF_BUFG
    SLICE_X35Y46         FDCE                                         r  localization_command_ctrl_instance/polygon_clip_engine_instance/intersection_instance/ratio_result_reg[1]/C
                         clock pessimism              0.188    14.973    
                         clock uncertainty           -0.035    14.938    
    SLICE_X35Y46         FDCE (Setup_fdce_C_CE)      -0.407    14.531    localization_command_ctrl_instance/polygon_clip_engine_instance/intersection_instance/ratio_result_reg[1]
  -------------------------------------------------------------------
                         required time                         14.531    
                         arrival time                         -14.019    
  -------------------------------------------------------------------
                         slack                                  0.511    

Slack (MET) :             0.511ns  (required time - arrival time)
  Source:                 localization_command_ctrl_instance/polygon_clip_engine_instance/intersection_instance/denominator_saved_reg[0]/C
                            (rising edge-triggered cell FDCE clocked by clk_100mhz  {rise@0.000ns fall@5.000ns period=10.000ns})
  Destination:            localization_command_ctrl_instance/polygon_clip_engine_instance/intersection_instance/ratio_result_reg[2]/CE
                            (rising edge-triggered cell FDCE clocked by clk_100mhz  {rise@0.000ns fall@5.000ns period=10.000ns})
  Path Group:             clk_100mhz
  Path Type:              Setup (Max at Slow Process Corner)
  Requirement:            10.000ns  (clk_100mhz rise@10.000ns - clk_100mhz rise@0.000ns)
  Data Path Delay:        8.937ns  (logic 4.631ns (51.817%)  route 4.306ns (48.183%))
  Logic Levels:           21  (CARRY4=16 LUT1=1 LUT3=1 LUT4=1 LUT5=1 LUT6=1)
  Clock Path Skew:        -0.109ns (DCD - SCD + CPR)
    Destination Clock Delay (DCD):    4.785ns = ( 14.785 - 10.000 ) 
    Source Clock Delay      (SCD):    5.082ns
    Clock Pessimism Removal (CPR):    0.188ns
  Clock Uncertainty:      0.035ns  ((TSJ^2 + TIJ^2)^1/2 + DJ) / 2 + PE
    Total System Jitter     (TSJ):    0.071ns
    Total Input Jitter      (TIJ):    0.000ns
    Discrete Jitter          (DJ):    0.000ns
    Phase Error              (PE):    0.000ns

    Location             Delay type                Incr(ns)  Path(ns)    Netlist Resource(s)
  -------------------------------------------------------------------    -------------------
                         (clock clk_100mhz rise edge)
                                                      0.000     0.000 r  
    W5                                                0.000     0.000 r  clk_100mhz_i (IN)
                         net (fo=0)                   0.000     0.000    clk_100mhz_i
    W5                   IBUF (Prop_ibuf_I_O)         1.458     1.458 r  clk_100mhz_i_IBUF_inst/O
                         net (fo=1, routed)           1.967     3.425    clk_100mhz_i_IBUF
    BUFGCTRL_X0Y0        BUFG (Prop_bufg_I_O)         0.096     3.521 r  clk_100mhz_i_IBUF_BUFG_inst/O
                         net (fo=9761, routed)        1.561     5.082    localization_command_ctrl_instance/polygon_clip_engine_instance/intersection_instance/clk_100mhz_i_IBUF_BUFG
    SLICE_X43Y36         FDCE                                         r  localization_command_ctrl_instance/polygon_clip_engine_instance/intersection_instance/denominator_saved_reg[0]/C
  -------------------------------------------------------------------    -------------------
    SLICE_X43Y36         FDCE (Prop_fdce_C_Q)         0.456     5.538 f  localization_command_ctrl_instance/polygon_clip_engine_instance/intersection_instance/denominator_saved_reg[0]/Q
                         net (fo=5, routed)           0.680     6.219    localization_command_ctrl_instance/polygon_clip_engine_instance/intersection_instance/denominator_saved_reg_n_0_[0]
    SLICE_X43Y36         LUT1 (Prop_lut1_I0_O)        0.152     6.371 r  localization_command_ctrl_instance/polygon_clip_engine_instance/intersection_instance/denominator_magnitude_saved[4]_i_3/O
                         net (fo=1, routed)           0.473     6.844    localization_command_ctrl_instance/polygon_clip_engine_instance/intersection_instance/denominator_magnitude_saved[4]_i_3_n_0
    SLICE_X43Y38         CARRY4 (Prop_carry4_CYINIT_CO[3])
                                                      0.782     7.626 r  localization_command_ctrl_instance/polygon_clip_engine_instance/intersection_instance/denominator_magnitude_saved_reg[4]_i_2/CO[3]
                         net (fo=1, routed)           0.000     7.626    localization_command_ctrl_instance/polygon_clip_engine_instance/intersection_instance/denominator_magnitude_saved_reg[4]_i_2_n_0
    SLICE_X43Y39         CARRY4 (Prop_carry4_CI_CO[3])
                                                      0.114     7.740 r  localization_command_ctrl_instance/polygon_clip_engine_instance/intersection_instance/denominator_magnitude_saved_reg[8]_i_2/CO[3]
                         net (fo=1, routed)           0.000     7.740    localization_command_ctrl_instance/polygon_clip_engine_instance/intersection_instance/denominator_magnitude_saved_reg[8]_i_2_n_0
    SLICE_X43Y40         CARRY4 (Prop_carry4_CI_CO[3])
                                                      0.114     7.854 r  localization_command_ctrl_instance/polygon_clip_engine_instance/intersection_instance/denominator_magnitude_saved_reg[12]_i_2/CO[3]
                         net (fo=1, routed)           0.000     7.854    localization_command_ctrl_instance/polygon_clip_engine_instance/intersection_instance/denominator_magnitude_saved_reg[12]_i_2_n_0
    SLICE_X43Y41         CARRY4 (Prop_carry4_CI_CO[3])
                                                      0.114     7.968 r  localization_command_ctrl_instance/polygon_clip_engine_instance/intersection_instance/denominator_magnitude_saved_reg[16]_i_2/CO[3]
                         net (fo=1, routed)           0.000     7.968    localization_command_ctrl_instance/polygon_clip_engine_instance/intersection_instance/denominator_magnitude_saved_reg[16]_i_2_n_0
    SLICE_X43Y42         CARRY4 (Prop_carry4_CI_CO[3])
                                                      0.114     8.082 r  localization_command_ctrl_instance/polygon_clip_engine_instance/intersection_instance/denominator_magnitude_saved_reg[20]_i_2/CO[3]
                         net (fo=1, routed)           0.000     8.082    localization_command_ctrl_instance/polygon_clip_engine_instance/intersection_instance/denominator_magnitude_saved_reg[20]_i_2_n_0
    SLICE_X43Y43         CARRY4 (Prop_carry4_CI_CO[3])
                                                      0.114     8.196 r  localization_command_ctrl_instance/polygon_clip_engine_instance/intersection_instance/denominator_magnitude_saved_reg[24]_i_2/CO[3]
                         net (fo=1, routed)           0.000     8.196    localization_command_ctrl_instance/polygon_clip_engine_instance/intersection_instance/denominator_magnitude_saved_reg[24]_i_2_n_0
    SLICE_X43Y44         CARRY4 (Prop_carry4_CI_CO[3])
                                                      0.114     8.310 r  localization_command_ctrl_instance/polygon_clip_engine_instance/intersection_instance/denominator_magnitude_saved_reg[28]_i_2/CO[3]
                         net (fo=1, routed)           0.000     8.310    localization_command_ctrl_instance/polygon_clip_engine_instance/intersection_instance/denominator_magnitude_saved_reg[28]_i_2_n_0
    SLICE_X43Y45         CARRY4 (Prop_carry4_CI_CO[3])
                                                      0.114     8.424 r  localization_command_ctrl_instance/polygon_clip_engine_instance/intersection_instance/denominator_magnitude_saved_reg[32]_i_2/CO[3]
                         net (fo=1, routed)           0.000     8.424    localization_command_ctrl_instance/polygon_clip_engine_instance/intersection_instance/denominator_magnitude_saved_reg[32]_i_2_n_0
    SLICE_X43Y46         CARRY4 (Prop_carry4_CI_CO[3])
                                                      0.114     8.538 r  localization_command_ctrl_instance/polygon_clip_engine_instance/intersection_instance/denominator_magnitude_saved_reg[36]_i_2/CO[3]
                         net (fo=1, routed)           0.000     8.538    localization_command_ctrl_instance/polygon_clip_engine_instance/intersection_instance/denominator_magnitude_saved_reg[36]_i_2_n_0
    SLICE_X43Y47         CARRY4 (Prop_carry4_CI_CO[3])
                                                      0.114     8.652 r  localization_command_ctrl_instance/polygon_clip_engine_instance/intersection_instance/denominator_magnitude_saved_reg[40]_i_2/CO[3]
                         net (fo=1, routed)           0.000     8.652    localization_command_ctrl_instance/polygon_clip_engine_instance/intersection_instance/denominator_magnitude_saved_reg[40]_i_2_n_0
    SLICE_X43Y48         CARRY4 (Prop_carry4_CI_CO[3])
                                                      0.114     8.766 r  localization_command_ctrl_instance/polygon_clip_engine_instance/intersection_instance/denominator_magnitude_saved_reg[44]_i_2/CO[3]
                         net (fo=1, routed)           0.000     8.766    localization_command_ctrl_instance/polygon_clip_engine_instance/intersection_instance/denominator_magnitude_saved_reg[44]_i_2_n_0
    SLICE_X43Y49         CARRY4 (Prop_carry4_CI_CO[3])
                                                      0.114     8.880 r  localization_command_ctrl_instance/polygon_clip_engine_instance/intersection_instance/denominator_magnitude_saved_reg[48]_i_2/CO[3]
                         net (fo=1, routed)           0.001     8.881    localization_command_ctrl_instance/polygon_clip_engine_instance/intersection_instance/denominator_magnitude_saved_reg[48]_i_2_n_0
    SLICE_X43Y50         CARRY4 (Prop_carry4_CI_CO[3])
                                                      0.114     8.995 r  localization_command_ctrl_instance/polygon_clip_engine_instance/intersection_instance/denominator_magnitude_saved_reg[52]_i_2/CO[3]
                         net (fo=1, routed)           0.000     8.995    localization_command_ctrl_instance/polygon_clip_engine_instance/intersection_instance/denominator_magnitude_saved_reg[52]_i_2_n_0
    SLICE_X43Y51         CARRY4 (Prop_carry4_CI_O[3])
                                                      0.313     9.308 f  localization_command_ctrl_instance/polygon_clip_engine_instance/intersection_instance/denominator_magnitude_saved_reg[56]_i_2/O[3]
                         net (fo=2, routed)           0.445     9.753    localization_command_ctrl_instance/polygon_clip_engine_instance/intersection_instance/denominator_magnitude0[56]
    SLICE_X42Y51         LUT3 (Prop_lut3_I0_O)        0.306    10.059 f  localization_command_ctrl_instance/polygon_clip_engine_instance/intersection_instance/denominator_magnitude_saved[56]_i_1/O
                         net (fo=3, routed)           0.691    10.750    localization_command_ctrl_instance/polygon_clip_engine_instance/intersection_instance/denominator_magnitude[56]
    SLICE_X42Y51         LUT6 (Prop_lut6_I3_O)        0.124    10.874 r  localization_command_ctrl_instance/polygon_clip_engine_instance/intersection_instance/state_current[2]_i_13/O
                         net (fo=1, routed)           0.540    11.414    localization_command_ctrl_instance/polygon_clip_engine_instance/intersection_instance/state_current[2]_i_13_n_0
    SLICE_X36Y46         CARRY4 (Prop_carry4_DI[0]_CO[3])
                                                      0.526    11.940 r  localization_command_ctrl_instance/polygon_clip_engine_instance/intersection_instance/state_current_reg[2]_i_4/CO[3]
                         net (fo=1, routed)           0.000    11.940    localization_command_ctrl_instance/polygon_clip_engine_instance/intersection_instance/state_current_reg[2]_i_4_n_0
    SLICE_X36Y47         CARRY4 (Prop_carry4_CI_CO[1])
                                                      0.157    12.097 r  localization_command_ctrl_instance/polygon_clip_engine_instance/intersection_instance/state_current_reg[2]_i_3/CO[1]
                         net (fo=1, routed)           0.434    12.531    localization_command_ctrl_instance/polygon_clip_engine_instance/intersection_instance/state_next20_in
    SLICE_X35Y47         LUT4 (Prop_lut4_I3_O)        0.329    12.860 r  localization_command_ctrl_instance/polygon_clip_engine_instance/intersection_instance/state_current[2]_i_2/O
                         net (fo=3, routed)           0.638    13.499    localization_command_ctrl_instance/polygon_clip_engine_instance/intersection_instance/state_next1
    SLICE_X33Y46         LUT5 (Prop_lut5_I2_O)        0.118    13.617 r  localization_command_ctrl_instance/polygon_clip_engine_instance/intersection_instance/ratio_result[30]_i_1/O
                         net (fo=31, routed)          0.403    14.019    localization_command_ctrl_instance/polygon_clip_engine_instance/intersection_instance/ratio_result[30]_i_1_n_0
    SLICE_X35Y46         FDCE                                         r  localization_command_ctrl_instance/polygon_clip_engine_instance/intersection_instance/ratio_result_reg[2]/CE
  -------------------------------------------------------------------    -------------------

                         (clock clk_100mhz rise edge)
                                                     10.000    10.000 r  
    W5                                                0.000    10.000 r  clk_100mhz_i (IN)
                         net (fo=0)                   0.000    10.000    clk_100mhz_i
    W5                   IBUF (Prop_ibuf_I_O)         1.388    11.388 r  clk_100mhz_i_IBUF_inst/O
                         net (fo=1, routed)           1.862    13.250    clk_100mhz_i_IBUF
    BUFGCTRL_X0Y0        BUFG (Prop_bufg_I_O)         0.091    13.341 r  clk_100mhz_i_IBUF_BUFG_inst/O
                         net (fo=9761, routed)        1.444    14.785    localization_command_ctrl_instance/polygon_clip_engine_instance/intersection_instance/clk_100mhz_i_IBUF_BUFG
    SLICE_X35Y46         FDCE                                         r  localization_command_ctrl_instance/polygon_clip_engine_instance/intersection_instance/ratio_result_reg[2]/C
                         clock pessimism              0.188    14.973    
                         clock uncertainty           -0.035    14.938    
    SLICE_X35Y46         FDCE (Setup_fdce_C_CE)      -0.407    14.531    localization_command_ctrl_instance/polygon_clip_engine_instance/intersection_instance/ratio_result_reg[2]
  -------------------------------------------------------------------
                         required time                         14.531    
                         arrival time                         -14.019    
  -------------------------------------------------------------------
                         slack                                  0.511    

Slack (MET) :             0.511ns  (required time - arrival time)
  Source:                 localization_command_ctrl_instance/polygon_clip_engine_instance/intersection_instance/denominator_saved_reg[0]/C
                            (rising edge-triggered cell FDCE clocked by clk_100mhz  {rise@0.000ns fall@5.000ns period=10.000ns})
  Destination:            localization_command_ctrl_instance/polygon_clip_engine_instance/intersection_instance/ratio_result_reg[3]/CE
                            (rising edge-triggered cell FDCE clocked by clk_100mhz  {rise@0.000ns fall@5.000ns period=10.000ns})
  Path Group:             clk_100mhz
  Path Type:              Setup (Max at Slow Process Corner)
  Requirement:            10.000ns  (clk_100mhz rise@10.000ns - clk_100mhz rise@0.000ns)
  Data Path Delay:        8.937ns  (logic 4.631ns (51.817%)  route 4.306ns (48.183%))
  Logic Levels:           21  (CARRY4=16 LUT1=1 LUT3=1 LUT4=1 LUT5=1 LUT6=1)
  Clock Path Skew:        -0.109ns (DCD - SCD + CPR)
    Destination Clock Delay (DCD):    4.785ns = ( 14.785 - 10.000 ) 
    Source Clock Delay      (SCD):    5.082ns
    Clock Pessimism Removal (CPR):    0.188ns
  Clock Uncertainty:      0.035ns  ((TSJ^2 + TIJ^2)^1/2 + DJ) / 2 + PE
    Total System Jitter     (TSJ):    0.071ns
    Total Input Jitter      (TIJ):    0.000ns
    Discrete Jitter          (DJ):    0.000ns
    Phase Error              (PE):    0.000ns

    Location             Delay type                Incr(ns)  Path(ns)    Netlist Resource(s)
  -------------------------------------------------------------------    -------------------
                         (clock clk_100mhz rise edge)
                                                      0.000     0.000 r  
    W5                                                0.000     0.000 r  clk_100mhz_i (IN)
                         net (fo=0)                   0.000     0.000    clk_100mhz_i
    W5                   IBUF (Prop_ibuf_I_O)         1.458     1.458 r  clk_100mhz_i_IBUF_inst/O
                         net (fo=1, routed)           1.967     3.425    clk_100mhz_i_IBUF
    BUFGCTRL_X0Y0        BUFG (Prop_bufg_I_O)         0.096     3.521 r  clk_100mhz_i_IBUF_BUFG_inst/O
                         net (fo=9761, routed)        1.561     5.082    localization_command_ctrl_instance/polygon_clip_engine_instance/intersection_instance/clk_100mhz_i_IBUF_BUFG
    SLICE_X43Y36         FDCE                                         r  localization_command_ctrl_instance/polygon_clip_engine_instance/intersection_instance/denominator_saved_reg[0]/C
  -------------------------------------------------------------------    -------------------
    SLICE_X43Y36         FDCE (Prop_fdce_C_Q)         0.456     5.538 f  localization_command_ctrl_instance/polygon_clip_engine_instance/intersection_instance/denominator_saved_reg[0]/Q
                         net (fo=5, routed)           0.680     6.219    localization_command_ctrl_instance/polygon_clip_engine_instance/intersection_instance/denominator_saved_reg_n_0_[0]
    SLICE_X43Y36         LUT1 (Prop_lut1_I0_O)        0.152     6.371 r  localization_command_ctrl_instance/polygon_clip_engine_instance/intersection_instance/denominator_magnitude_saved[4]_i_3/O
                         net (fo=1, routed)           0.473     6.844    localization_command_ctrl_instance/polygon_clip_engine_instance/intersection_instance/denominator_magnitude_saved[4]_i_3_n_0
    SLICE_X43Y38         CARRY4 (Prop_carry4_CYINIT_CO[3])
                                                      0.782     7.626 r  localization_command_ctrl_instance/polygon_clip_engine_instance/intersection_instance/denominator_magnitude_saved_reg[4]_i_2/CO[3]
                         net (fo=1, routed)           0.000     7.626    localization_command_ctrl_instance/polygon_clip_engine_instance/intersection_instance/denominator_magnitude_saved_reg[4]_i_2_n_0
    SLICE_X43Y39         CARRY4 (Prop_carry4_CI_CO[3])
                                                      0.114     7.740 r  localization_command_ctrl_instance/polygon_clip_engine_instance/intersection_instance/denominator_magnitude_saved_reg[8]_i_2/CO[3]
                         net (fo=1, routed)           0.000     7.740    localization_command_ctrl_instance/polygon_clip_engine_instance/intersection_instance/denominator_magnitude_saved_reg[8]_i_2_n_0
    SLICE_X43Y40         CARRY4 (Prop_carry4_CI_CO[3])
                                                      0.114     7.854 r  localization_command_ctrl_instance/polygon_clip_engine_instance/intersection_instance/denominator_magnitude_saved_reg[12]_i_2/CO[3]
                         net (fo=1, routed)           0.000     7.854    localization_command_ctrl_instance/polygon_clip_engine_instance/intersection_instance/denominator_magnitude_saved_reg[12]_i_2_n_0
    SLICE_X43Y41         CARRY4 (Prop_carry4_CI_CO[3])
                                                      0.114     7.968 r  localization_command_ctrl_instance/polygon_clip_engine_instance/intersection_instance/denominator_magnitude_saved_reg[16]_i_2/CO[3]
                         net (fo=1, routed)           0.000     7.968    localization_command_ctrl_instance/polygon_clip_engine_instance/intersection_instance/denominator_magnitude_saved_reg[16]_i_2_n_0
    SLICE_X43Y42         CARRY4 (Prop_carry4_CI_CO[3])
                                                      0.114     8.082 r  localization_command_ctrl_instance/polygon_clip_engine_instance/intersection_instance/denominator_magnitude_saved_reg[20]_i_2/CO[3]
                         net (fo=1, routed)           0.000     8.082    localization_command_ctrl_instance/polygon_clip_engine_instance/intersection_instance/denominator_magnitude_saved_reg[20]_i_2_n_0
    SLICE_X43Y43         CARRY4 (Prop_carry4_CI_CO[3])
                                                      0.114     8.196 r  localization_command_ctrl_instance/polygon_clip_engine_instance/intersection_instance/denominator_magnitude_saved_reg[24]_i_2/CO[3]
                         net (fo=1, routed)           0.000     8.196    localization_command_ctrl_instance/polygon_clip_engine_instance/intersection_instance/denominator_magnitude_saved_reg[24]_i_2_n_0
    SLICE_X43Y44         CARRY4 (Prop_carry4_CI_CO[3])
                                                      0.114     8.310 r  localization_command_ctrl_instance/polygon_clip_engine_instance/intersection_instance/denominator_magnitude_saved_reg[28]_i_2/CO[3]
                         net (fo=1, routed)           0.000     8.310    localization_command_ctrl_instance/polygon_clip_engine_instance/intersection_instance/denominator_magnitude_saved_reg[28]_i_2_n_0
    SLICE_X43Y45         CARRY4 (Prop_carry4_CI_CO[3])
                                                      0.114     8.424 r  localization_command_ctrl_instance/polygon_clip_engine_instance/intersection_instance/denominator_magnitude_saved_reg[32]_i_2/CO[3]
                         net (fo=1, routed)           0.000     8.424    localization_command_ctrl_instance/polygon_clip_engine_instance/intersection_instance/denominator_magnitude_saved_reg[32]_i_2_n_0
    SLICE_X43Y46         CARRY4 (Prop_carry4_CI_CO[3])
                                                      0.114     8.538 r  localization_command_ctrl_instance/polygon_clip_engine_instance/intersection_instance/denominator_magnitude_saved_reg[36]_i_2/CO[3]
                         net (fo=1, routed)           0.000     8.538    localization_command_ctrl_instance/polygon_clip_engine_instance/intersection_instance/denominator_magnitude_saved_reg[36]_i_2_n_0
    SLICE_X43Y47         CARRY4 (Prop_carry4_CI_CO[3])
                                                      0.114     8.652 r  localization_command_ctrl_instance/polygon_clip_engine_instance/intersection_instance/denominator_magnitude_saved_reg[40]_i_2/CO[3]
                         net (fo=1, routed)           0.000     8.652    localization_command_ctrl_instance/polygon_clip_engine_instance/intersection_instance/denominator_magnitude_saved_reg[40]_i_2_n_0
    SLICE_X43Y48         CARRY4 (Prop_carry4_CI_CO[3])
                                                      0.114     8.766 r  localization_command_ctrl_instance/polygon_clip_engine_instance/intersection_instance/denominator_magnitude_saved_reg[44]_i_2/CO[3]
                         net (fo=1, routed)           0.000     8.766    localization_command_ctrl_instance/polygon_clip_engine_instance/intersection_instance/denominator_magnitude_saved_reg[44]_i_2_n_0
    SLICE_X43Y49         CARRY4 (Prop_carry4_CI_CO[3])
                                                      0.114     8.880 r  localization_command_ctrl_instance/polygon_clip_engine_instance/intersection_instance/denominator_magnitude_saved_reg[48]_i_2/CO[3]
                         net (fo=1, routed)           0.001     8.881    localization_command_ctrl_instance/polygon_clip_engine_instance/intersection_instance/denominator_magnitude_saved_reg[48]_i_2_n_0
    SLICE_X43Y50         CARRY4 (Prop_carry4_CI_CO[3])
                                                      0.114     8.995 r  localization_command_ctrl_instance/polygon_clip_engine_instance/intersection_instance/denominator_magnitude_saved_reg[52]_i_2/CO[3]
                         net (fo=1, routed)           0.000     8.995    localization_command_ctrl_instance/polygon_clip_engine_instance/intersection_instance/denominator_magnitude_saved_reg[52]_i_2_n_0
    SLICE_X43Y51         CARRY4 (Prop_carry4_CI_O[3])
                                                      0.313     9.308 f  localization_command_ctrl_instance/polygon_clip_engine_instance/intersection_instance/denominator_magnitude_saved_reg[56]_i_2/O[3]
                         net (fo=2, routed)           0.445     9.753    localization_command_ctrl_instance/polygon_clip_engine_instance/intersection_instance/denominator_magnitude0[56]
    SLICE_X42Y51         LUT3 (Prop_lut3_I0_O)        0.306    10.059 f  localization_command_ctrl_instance/polygon_clip_engine_instance/intersection_instance/denominator_magnitude_saved[56]_i_1/O
                         net (fo=3, routed)           0.691    10.750    localization_command_ctrl_instance/polygon_clip_engine_instance/intersection_instance/denominator_magnitude[56]
    SLICE_X42Y51         LUT6 (Prop_lut6_I3_O)        0.124    10.874 r  localization_command_ctrl_instance/polygon_clip_engine_instance/intersection_instance/state_current[2]_i_13/O
                         net (fo=1, routed)           0.540    11.414    localization_command_ctrl_instance/polygon_clip_engine_instance/intersection_instance/state_current[2]_i_13_n_0
    SLICE_X36Y46         CARRY4 (Prop_carry4_DI[0]_CO[3])
                                                      0.526    11.940 r  localization_command_ctrl_instance/polygon_clip_engine_instance/intersection_instance/state_current_reg[2]_i_4/CO[3]
                         net (fo=1, routed)           0.000    11.940    localization_command_ctrl_instance/polygon_clip_engine_instance/intersection_instance/state_current_reg[2]_i_4_n_0
    SLICE_X36Y47         CARRY4 (Prop_carry4_CI_CO[1])
                                                      0.157    12.097 r  localization_command_ctrl_instance/polygon_clip_engine_instance/intersection_instance/state_current_reg[2]_i_3/CO[1]
                         net (fo=1, routed)           0.434    12.531    localization_command_ctrl_instance/polygon_clip_engine_instance/intersection_instance/state_next20_in
    SLICE_X35Y47         LUT4 (Prop_lut4_I3_O)        0.329    12.860 r  localization_command_ctrl_instance/polygon_clip_engine_instance/intersection_instance/state_current[2]_i_2/O
                         net (fo=3, routed)           0.638    13.499    localization_command_ctrl_instance/polygon_clip_engine_instance/intersection_instance/state_next1
    SLICE_X33Y46         LUT5 (Prop_lut5_I2_O)        0.118    13.617 r  localization_command_ctrl_instance/polygon_clip_engine_instance/intersection_instance/ratio_result[30]_i_1/O
                         net (fo=31, routed)          0.403    14.019    localization_command_ctrl_instance/polygon_clip_engine_instance/intersection_instance/ratio_result[30]_i_1_n_0
    SLICE_X35Y46         FDCE                                         r  localization_command_ctrl_instance/polygon_clip_engine_instance/intersection_instance/ratio_result_reg[3]/CE
  -------------------------------------------------------------------    -------------------

                         (clock clk_100mhz rise edge)
                                                     10.000    10.000 r  
    W5                                                0.000    10.000 r  clk_100mhz_i (IN)
                         net (fo=0)                   0.000    10.000    clk_100mhz_i
    W5                   IBUF (Prop_ibuf_I_O)         1.388    11.388 r  clk_100mhz_i_IBUF_inst/O
                         net (fo=1, routed)           1.862    13.250    clk_100mhz_i_IBUF
    BUFGCTRL_X0Y0        BUFG (Prop_bufg_I_O)         0.091    13.341 r  clk_100mhz_i_IBUF_BUFG_inst/O
                         net (fo=9761, routed)        1.444    14.785    localization_command_ctrl_instance/polygon_clip_engine_instance/intersection_instance/clk_100mhz_i_IBUF_BUFG
    SLICE_X35Y46         FDCE                                         r  localization_command_ctrl_instance/polygon_clip_engine_instance/intersection_instance/ratio_result_reg[3]/C
                         clock pessimism              0.188    14.973    
                         clock uncertainty           -0.035    14.938    
    SLICE_X35Y46         FDCE (Setup_fdce_C_CE)      -0.407    14.531    localization_command_ctrl_instance/polygon_clip_engine_instance/intersection_instance/ratio_result_reg[3]
  -------------------------------------------------------------------
                         required time                         14.531    
                         arrival time                         -14.019    
  -------------------------------------------------------------------
                         slack                                  0.511    

Slack (MET) :             0.511ns  (required time - arrival time)
  Source:                 localization_command_ctrl_instance/polygon_clip_engine_instance/intersection_instance/denominator_saved_reg[0]/C
                            (rising edge-triggered cell FDCE clocked by clk_100mhz  {rise@0.000ns fall@5.000ns period=10.000ns})
  Destination:            localization_command_ctrl_instance/polygon_clip_engine_instance/intersection_instance/ratio_result_reg[4]/CE
                            (rising edge-triggered cell FDCE clocked by clk_100mhz  {rise@0.000ns fall@5.000ns period=10.000ns})
  Path Group:             clk_100mhz
  Path Type:              Setup (Max at Slow Process Corner)
  Requirement:            10.000ns  (clk_100mhz rise@10.000ns - clk_100mhz rise@0.000ns)
  Data Path Delay:        8.937ns  (logic 4.631ns (51.817%)  route 4.306ns (48.183%))
  Logic Levels:           21  (CARRY4=16 LUT1=1 LUT3=1 LUT4=1 LUT5=1 LUT6=1)
  Clock Path Skew:        -0.109ns (DCD - SCD + CPR)
    Destination Clock Delay (DCD):    4.785ns = ( 14.785 - 10.000 ) 
    Source Clock Delay      (SCD):    5.082ns
    Clock Pessimism Removal (CPR):    0.188ns
  Clock Uncertainty:      0.035ns  ((TSJ^2 + TIJ^2)^1/2 + DJ) / 2 + PE
    Total System Jitter     (TSJ):    0.071ns
    Total Input Jitter      (TIJ):    0.000ns
    Discrete Jitter          (DJ):    0.000ns
    Phase Error              (PE):    0.000ns

    Location             Delay type                Incr(ns)  Path(ns)    Netlist Resource(s)
  -------------------------------------------------------------------    -------------------
                         (clock clk_100mhz rise edge)
                                                      0.000     0.000 r  
    W5                                                0.000     0.000 r  clk_100mhz_i (IN)
                         net (fo=0)                   0.000     0.000    clk_100mhz_i
    W5                   IBUF (Prop_ibuf_I_O)         1.458     1.458 r  clk_100mhz_i_IBUF_inst/O
                         net (fo=1, routed)           1.967     3.425    clk_100mhz_i_IBUF
    BUFGCTRL_X0Y0        BUFG (Prop_bufg_I_O)         0.096     3.521 r  clk_100mhz_i_IBUF_BUFG_inst/O
                         net (fo=9761, routed)        1.561     5.082    localization_command_ctrl_instance/polygon_clip_engine_instance/intersection_instance/clk_100mhz_i_IBUF_BUFG
    SLICE_X43Y36         FDCE                                         r  localization_command_ctrl_instance/polygon_clip_engine_instance/intersection_instance/denominator_saved_reg[0]/C
  -------------------------------------------------------------------    -------------------
    SLICE_X43Y36         FDCE (Prop_fdce_C_Q)         0.456     5.538 f  localization_command_ctrl_instance/polygon_clip_engine_instance/intersection_instance/denominator_saved_reg[0]/Q
                         net (fo=5, routed)           0.680     6.219    localization_command_ctrl_instance/polygon_clip_engine_instance/intersection_instance/denominator_saved_reg_n_0_[0]
    SLICE_X43Y36         LUT1 (Prop_lut1_I0_O)        0.152     6.371 r  localization_command_ctrl_instance/polygon_clip_engine_instance/intersection_instance/denominator_magnitude_saved[4]_i_3/O
                         net (fo=1, routed)           0.473     6.844    localization_command_ctrl_instance/polygon_clip_engine_instance/intersection_instance/denominator_magnitude_saved[4]_i_3_n_0
    SLICE_X43Y38         CARRY4 (Prop_carry4_CYINIT_CO[3])
                                                      0.782     7.626 r  localization_command_ctrl_instance/polygon_clip_engine_instance/intersection_instance/denominator_magnitude_saved_reg[4]_i_2/CO[3]
                         net (fo=1, routed)           0.000     7.626    localization_command_ctrl_instance/polygon_clip_engine_instance/intersection_instance/denominator_magnitude_saved_reg[4]_i_2_n_0
    SLICE_X43Y39         CARRY4 (Prop_carry4_CI_CO[3])
                                                      0.114     7.740 r  localization_command_ctrl_instance/polygon_clip_engine_instance/intersection_instance/denominator_magnitude_saved_reg[8]_i_2/CO[3]
                         net (fo=1, routed)           0.000     7.740    localization_command_ctrl_instance/polygon_clip_engine_instance/intersection_instance/denominator_magnitude_saved_reg[8]_i_2_n_0
    SLICE_X43Y40         CARRY4 (Prop_carry4_CI_CO[3])
                                                      0.114     7.854 r  localization_command_ctrl_instance/polygon_clip_engine_instance/intersection_instance/denominator_magnitude_saved_reg[12]_i_2/CO[3]
                         net (fo=1, routed)           0.000     7.854    localization_command_ctrl_instance/polygon_clip_engine_instance/intersection_instance/denominator_magnitude_saved_reg[12]_i_2_n_0
    SLICE_X43Y41         CARRY4 (Prop_carry4_CI_CO[3])
                                                      0.114     7.968 r  localization_command_ctrl_instance/polygon_clip_engine_instance/intersection_instance/denominator_magnitude_saved_reg[16]_i_2/CO[3]
                         net (fo=1, routed)           0.000     7.968    localization_command_ctrl_instance/polygon_clip_engine_instance/intersection_instance/denominator_magnitude_saved_reg[16]_i_2_n_0
    SLICE_X43Y42         CARRY4 (Prop_carry4_CI_CO[3])
                                                      0.114     8.082 r  localization_command_ctrl_instance/polygon_clip_engine_instance/intersection_instance/denominator_magnitude_saved_reg[20]_i_2/CO[3]
                         net (fo=1, routed)           0.000     8.082    localization_command_ctrl_instance/polygon_clip_engine_instance/intersection_instance/denominator_magnitude_saved_reg[20]_i_2_n_0
    SLICE_X43Y43         CARRY4 (Prop_carry4_CI_CO[3])
                                                      0.114     8.196 r  localization_command_ctrl_instance/polygon_clip_engine_instance/intersection_instance/denominator_magnitude_saved_reg[24]_i_2/CO[3]
                         net (fo=1, routed)           0.000     8.196    localization_command_ctrl_instance/polygon_clip_engine_instance/intersection_instance/denominator_magnitude_saved_reg[24]_i_2_n_0
    SLICE_X43Y44         CARRY4 (Prop_carry4_CI_CO[3])
                                                      0.114     8.310 r  localization_command_ctrl_instance/polygon_clip_engine_instance/intersection_instance/denominator_magnitude_saved_reg[28]_i_2/CO[3]
                         net (fo=1, routed)           0.000     8.310    localization_command_ctrl_instance/polygon_clip_engine_instance/intersection_instance/denominator_magnitude_saved_reg[28]_i_2_n_0
    SLICE_X43Y45         CARRY4 (Prop_carry4_CI_CO[3])
                                                      0.114     8.424 r  localization_command_ctrl_instance/polygon_clip_engine_instance/intersection_instance/denominator_magnitude_saved_reg[32]_i_2/CO[3]
                         net (fo=1, routed)           0.000     8.424    localization_command_ctrl_instance/polygon_clip_engine_instance/intersection_instance/denominator_magnitude_saved_reg[32]_i_2_n_0
    SLICE_X43Y46         CARRY4 (Prop_carry4_CI_CO[3])
                                                      0.114     8.538 r  localization_command_ctrl_instance/polygon_clip_engine_instance/intersection_instance/denominator_magnitude_saved_reg[36]_i_2/CO[3]
                         net (fo=1, routed)           0.000     8.538    localization_command_ctrl_instance/polygon_clip_engine_instance/intersection_instance/denominator_magnitude_saved_reg[36]_i_2_n_0
    SLICE_X43Y47         CARRY4 (Prop_carry4_CI_CO[3])
                                                      0.114     8.652 r  localization_command_ctrl_instance/polygon_clip_engine_instance/intersection_instance/denominator_magnitude_saved_reg[40]_i_2/CO[3]
                         net (fo=1, routed)           0.000     8.652    localization_command_ctrl_instance/polygon_clip_engine_instance/intersection_instance/denominator_magnitude_saved_reg[40]_i_2_n_0
    SLICE_X43Y48         CARRY4 (Prop_carry4_CI_CO[3])
                                                      0.114     8.766 r  localization_command_ctrl_instance/polygon_clip_engine_instance/intersection_instance/denominator_magnitude_saved_reg[44]_i_2/CO[3]
                         net (fo=1, routed)           0.000     8.766    localization_command_ctrl_instance/polygon_clip_engine_instance/intersection_instance/denominator_magnitude_saved_reg[44]_i_2_n_0
    SLICE_X43Y49         CARRY4 (Prop_carry4_CI_CO[3])
                                                      0.114     8.880 r  localization_command_ctrl_instance/polygon_clip_engine_instance/intersection_instance/denominator_magnitude_saved_reg[48]_i_2/CO[3]
                         net (fo=1, routed)           0.001     8.881    localization_command_ctrl_instance/polygon_clip_engine_instance/intersection_instance/denominator_magnitude_saved_reg[48]_i_2_n_0
    SLICE_X43Y50         CARRY4 (Prop_carry4_CI_CO[3])
                                                      0.114     8.995 r  localization_command_ctrl_instance/polygon_clip_engine_instance/intersection_instance/denominator_magnitude_saved_reg[52]_i_2/CO[3]
                         net (fo=1, routed)           0.000     8.995    localization_command_ctrl_instance/polygon_clip_engine_instance/intersection_instance/denominator_magnitude_saved_reg[52]_i_2_n_0
    SLICE_X43Y51         CARRY4 (Prop_carry4_CI_O[3])
                                                      0.313     9.308 f  localization_command_ctrl_instance/polygon_clip_engine_instance/intersection_instance/denominator_magnitude_saved_reg[56]_i_2/O[3]
                         net (fo=2, routed)           0.445     9.753    localization_command_ctrl_instance/polygon_clip_engine_instance/intersection_instance/denominator_magnitude0[56]
    SLICE_X42Y51         LUT3 (Prop_lut3_I0_O)        0.306    10.059 f  localization_command_ctrl_instance/polygon_clip_engine_instance/intersection_instance/denominator_magnitude_saved[56]_i_1/O
                         net (fo=3, routed)           0.691    10.750    localization_command_ctrl_instance/polygon_clip_engine_instance/intersection_instance/denominator_magnitude[56]
    SLICE_X42Y51         LUT6 (Prop_lut6_I3_O)        0.124    10.874 r  localization_command_ctrl_instance/polygon_clip_engine_instance/intersection_instance/state_current[2]_i_13/O
                         net (fo=1, routed)           0.540    11.414    localization_command_ctrl_instance/polygon_clip_engine_instance/intersection_instance/state_current[2]_i_13_n_0
    SLICE_X36Y46         CARRY4 (Prop_carry4_DI[0]_CO[3])
                                                      0.526    11.940 r  localization_command_ctrl_instance/polygon_clip_engine_instance/intersection_instance/state_current_reg[2]_i_4/CO[3]
                         net (fo=1, routed)           0.000    11.940    localization_command_ctrl_instance/polygon_clip_engine_instance/intersection_instance/state_current_reg[2]_i_4_n_0
    SLICE_X36Y47         CARRY4 (Prop_carry4_CI_CO[1])
                                                      0.157    12.097 r  localization_command_ctrl_instance/polygon_clip_engine_instance/intersection_instance/state_current_reg[2]_i_3/CO[1]
                         net (fo=1, routed)           0.434    12.531    localization_command_ctrl_instance/polygon_clip_engine_instance/intersection_instance/state_next20_in
    SLICE_X35Y47         LUT4 (Prop_lut4_I3_O)        0.329    12.860 r  localization_command_ctrl_instance/polygon_clip_engine_instance/intersection_instance/state_current[2]_i_2/O
                         net (fo=3, routed)           0.638    13.499    localization_command_ctrl_instance/polygon_clip_engine_instance/intersection_instance/state_next1
    SLICE_X33Y46         LUT5 (Prop_lut5_I2_O)        0.118    13.617 r  localization_command_ctrl_instance/polygon_clip_engine_instance/intersection_instance/ratio_result[30]_i_1/O
                         net (fo=31, routed)          0.403    14.019    localization_command_ctrl_instance/polygon_clip_engine_instance/intersection_instance/ratio_result[30]_i_1_n_0
    SLICE_X35Y46         FDCE                                         r  localization_command_ctrl_instance/polygon_clip_engine_instance/intersection_instance/ratio_result_reg[4]/CE
  -------------------------------------------------------------------    -------------------

                         (clock clk_100mhz rise edge)
                                                     10.000    10.000 r  
    W5                                                0.000    10.000 r  clk_100mhz_i (IN)
                         net (fo=0)                   0.000    10.000    clk_100mhz_i
    W5                   IBUF (Prop_ibuf_I_O)         1.388    11.388 r  clk_100mhz_i_IBUF_inst/O
                         net (fo=1, routed)           1.862    13.250    clk_100mhz_i_IBUF
    BUFGCTRL_X0Y0        BUFG (Prop_bufg_I_O)         0.091    13.341 r  clk_100mhz_i_IBUF_BUFG_inst/O
                         net (fo=9761, routed)        1.444    14.785    localization_command_ctrl_instance/polygon_clip_engine_instance/intersection_instance/clk_100mhz_i_IBUF_BUFG
    SLICE_X35Y46         FDCE                                         r  localization_command_ctrl_instance/polygon_clip_engine_instance/intersection_instance/ratio_result_reg[4]/C
                         clock pessimism              0.188    14.973    
                         clock uncertainty           -0.035    14.938    
    SLICE_X35Y46         FDCE (Setup_fdce_C_CE)      -0.407    14.531    localization_command_ctrl_instance/polygon_clip_engine_instance/intersection_instance/ratio_result_reg[4]
  -------------------------------------------------------------------
                         required time                         14.531    
                         arrival time                         -14.019    
  -------------------------------------------------------------------
                         slack                                  0.511    

Slack (MET) :             0.511ns  (required time - arrival time)
  Source:                 localization_command_ctrl_instance/polygon_clip_engine_instance/intersection_instance/denominator_saved_reg[0]/C
                            (rising edge-triggered cell FDCE clocked by clk_100mhz  {rise@0.000ns fall@5.000ns period=10.000ns})
  Destination:            localization_command_ctrl_instance/polygon_clip_engine_instance/intersection_instance/ratio_result_reg[6]/CE
                            (rising edge-triggered cell FDCE clocked by clk_100mhz  {rise@0.000ns fall@5.000ns period=10.000ns})
  Path Group:             clk_100mhz
  Path Type:              Setup (Max at Slow Process Corner)
  Requirement:            10.000ns  (clk_100mhz rise@10.000ns - clk_100mhz rise@0.000ns)
  Data Path Delay:        8.937ns  (logic 4.631ns (51.817%)  route 4.306ns (48.183%))
  Logic Levels:           21  (CARRY4=16 LUT1=1 LUT3=1 LUT4=1 LUT5=1 LUT6=1)
  Clock Path Skew:        -0.109ns (DCD - SCD + CPR)
    Destination Clock Delay (DCD):    4.785ns = ( 14.785 - 10.000 ) 
    Source Clock Delay      (SCD):    5.082ns
    Clock Pessimism Removal (CPR):    0.188ns
  Clock Uncertainty:      0.035ns  ((TSJ^2 + TIJ^2)^1/2 + DJ) / 2 + PE
    Total System Jitter     (TSJ):    0.071ns
    Total Input Jitter      (TIJ):    0.000ns
    Discrete Jitter          (DJ):    0.000ns
    Phase Error              (PE):    0.000ns

    Location             Delay type                Incr(ns)  Path(ns)    Netlist Resource(s)
  -------------------------------------------------------------------    -------------------
                         (clock clk_100mhz rise edge)
                                                      0.000     0.000 r  
    W5                                                0.000     0.000 r  clk_100mhz_i (IN)
                         net (fo=0)                   0.000     0.000    clk_100mhz_i
    W5                   IBUF (Prop_ibuf_I_O)         1.458     1.458 r  clk_100mhz_i_IBUF_inst/O
                         net (fo=1, routed)           1.967     3.425    clk_100mhz_i_IBUF
    BUFGCTRL_X0Y0        BUFG (Prop_bufg_I_O)         0.096     3.521 r  clk_100mhz_i_IBUF_BUFG_inst/O
                         net (fo=9761, routed)        1.561     5.082    localization_command_ctrl_instance/polygon_clip_engine_instance/intersection_instance/clk_100mhz_i_IBUF_BUFG
    SLICE_X43Y36         FDCE                                         r  localization_command_ctrl_instance/polygon_clip_engine_instance/intersection_instance/denominator_saved_reg[0]/C
  -------------------------------------------------------------------    -------------------
    SLICE_X43Y36         FDCE (Prop_fdce_C_Q)         0.456     5.538 f  localization_command_ctrl_instance/polygon_clip_engine_instance/intersection_instance/denominator_saved_reg[0]/Q
                         net (fo=5, routed)           0.680     6.219    localization_command_ctrl_instance/polygon_clip_engine_instance/intersection_instance/denominator_saved_reg_n_0_[0]
    SLICE_X43Y36         LUT1 (Prop_lut1_I0_O)        0.152     6.371 r  localization_command_ctrl_instance/polygon_clip_engine_instance/intersection_instance/denominator_magnitude_saved[4]_i_3/O
                         net (fo=1, routed)           0.473     6.844    localization_command_ctrl_instance/polygon_clip_engine_instance/intersection_instance/denominator_magnitude_saved[4]_i_3_n_0
    SLICE_X43Y38         CARRY4 (Prop_carry4_CYINIT_CO[3])
                                                      0.782     7.626 r  localization_command_ctrl_instance/polygon_clip_engine_instance/intersection_instance/denominator_magnitude_saved_reg[4]_i_2/CO[3]
                         net (fo=1, routed)           0.000     7.626    localization_command_ctrl_instance/polygon_clip_engine_instance/intersection_instance/denominator_magnitude_saved_reg[4]_i_2_n_0
    SLICE_X43Y39         CARRY4 (Prop_carry4_CI_CO[3])
                                                      0.114     7.740 r  localization_command_ctrl_instance/polygon_clip_engine_instance/intersection_instance/denominator_magnitude_saved_reg[8]_i_2/CO[3]
                         net (fo=1, routed)           0.000     7.740    localization_command_ctrl_instance/polygon_clip_engine_instance/intersection_instance/denominator_magnitude_saved_reg[8]_i_2_n_0
    SLICE_X43Y40         CARRY4 (Prop_carry4_CI_CO[3])
                                                      0.114     7.854 r  localization_command_ctrl_instance/polygon_clip_engine_instance/intersection_instance/denominator_magnitude_saved_reg[12]_i_2/CO[3]
                         net (fo=1, routed)           0.000     7.854    localization_command_ctrl_instance/polygon_clip_engine_instance/intersection_instance/denominator_magnitude_saved_reg[12]_i_2_n_0
    SLICE_X43Y41         CARRY4 (Prop_carry4_CI_CO[3])
                                                      0.114     7.968 r  localization_command_ctrl_instance/polygon_clip_engine_instance/intersection_instance/denominator_magnitude_saved_reg[16]_i_2/CO[3]
                         net (fo=1, routed)           0.000     7.968    localization_command_ctrl_instance/polygon_clip_engine_instance/intersection_instance/denominator_magnitude_saved_reg[16]_i_2_n_0
    SLICE_X43Y42         CARRY4 (Prop_carry4_CI_CO[3])
                                                      0.114     8.082 r  localization_command_ctrl_instance/polygon_clip_engine_instance/intersection_instance/denominator_magnitude_saved_reg[20]_i_2/CO[3]
                         net (fo=1, routed)           0.000     8.082    localization_command_ctrl_instance/polygon_clip_engine_instance/intersection_instance/denominator_magnitude_saved_reg[20]_i_2_n_0
    SLICE_X43Y43         CARRY4 (Prop_carry4_CI_CO[3])
                                                      0.114     8.196 r  localization_command_ctrl_instance/polygon_clip_engine_instance/intersection_instance/denominator_magnitude_saved_reg[24]_i_2/CO[3]
                         net (fo=1, routed)           0.000     8.196    localization_command_ctrl_instance/polygon_clip_engine_instance/intersection_instance/denominator_magnitude_saved_reg[24]_i_2_n_0
    SLICE_X43Y44         CARRY4 (Prop_carry4_CI_CO[3])
                                                      0.114     8.310 r  localization_command_ctrl_instance/polygon_clip_engine_instance/intersection_instance/denominator_magnitude_saved_reg[28]_i_2/CO[3]
                         net (fo=1, routed)           0.000     8.310    localization_command_ctrl_instance/polygon_clip_engine_instance/intersection_instance/denominator_magnitude_saved_reg[28]_i_2_n_0
    SLICE_X43Y45         CARRY4 (Prop_carry4_CI_CO[3])
                                                      0.114     8.424 r  localization_command_ctrl_instance/polygon_clip_engine_instance/intersection_instance/denominator_magnitude_saved_reg[32]_i_2/CO[3]
                         net (fo=1, routed)           0.000     8.424    localization_command_ctrl_instance/polygon_clip_engine_instance/intersection_instance/denominator_magnitude_saved_reg[32]_i_2_n_0
    SLICE_X43Y46         CARRY4 (Prop_carry4_CI_CO[3])
                                                      0.114     8.538 r  localization_command_ctrl_instance/polygon_clip_engine_instance/intersection_instance/denominator_magnitude_saved_reg[36]_i_2/CO[3]
                         net (fo=1, routed)           0.000     8.538    localization_command_ctrl_instance/polygon_clip_engine_instance/intersection_instance/denominator_magnitude_saved_reg[36]_i_2_n_0
    SLICE_X43Y47         CARRY4 (Prop_carry4_CI_CO[3])
                                                      0.114     8.652 r  localization_command_ctrl_instance/polygon_clip_engine_instance/intersection_instance/denominator_magnitude_saved_reg[40]_i_2/CO[3]
                         net (fo=1, routed)           0.000     8.652    localization_command_ctrl_instance/polygon_clip_engine_instance/intersection_instance/denominator_magnitude_saved_reg[40]_i_2_n_0
    SLICE_X43Y48         CARRY4 (Prop_carry4_CI_CO[3])
                                                      0.114     8.766 r  localization_command_ctrl_instance/polygon_clip_engine_instance/intersection_instance/denominator_magnitude_saved_reg[44]_i_2/CO[3]
                         net (fo=1, routed)           0.000     8.766    localization_command_ctrl_instance/polygon_clip_engine_instance/intersection_instance/denominator_magnitude_saved_reg[44]_i_2_n_0
    SLICE_X43Y49         CARRY4 (Prop_carry4_CI_CO[3])
                                                      0.114     8.880 r  localization_command_ctrl_instance/polygon_clip_engine_instance/intersection_instance/denominator_magnitude_saved_reg[48]_i_2/CO[3]
                         net (fo=1, routed)           0.001     8.881    localization_command_ctrl_instance/polygon_clip_engine_instance/intersection_instance/denominator_magnitude_saved_reg[48]_i_2_n_0
    SLICE_X43Y50         CARRY4 (Prop_carry4_CI_CO[3])
                                                      0.114     8.995 r  localization_command_ctrl_instance/polygon_clip_engine_instance/intersection_instance/denominator_magnitude_saved_reg[52]_i_2/CO[3]
                         net (fo=1, routed)           0.000     8.995    localization_command_ctrl_instance/polygon_clip_engine_instance/intersection_instance/denominator_magnitude_saved_reg[52]_i_2_n_0
    SLICE_X43Y51         CARRY4 (Prop_carry4_CI_O[3])
                                                      0.313     9.308 f  localization_command_ctrl_instance/polygon_clip_engine_instance/intersection_instance/denominator_magnitude_saved_reg[56]_i_2/O[3]
                         net (fo=2, routed)           0.445     9.753    localization_command_ctrl_instance/polygon_clip_engine_instance/intersection_instance/denominator_magnitude0[56]
    SLICE_X42Y51         LUT3 (Prop_lut3_I0_O)        0.306    10.059 f  localization_command_ctrl_instance/polygon_clip_engine_instance/intersection_instance/denominator_magnitude_saved[56]_i_1/O
                         net (fo=3, routed)           0.691    10.750    localization_command_ctrl_instance/polygon_clip_engine_instance/intersection_instance/denominator_magnitude[56]
    SLICE_X42Y51         LUT6 (Prop_lut6_I3_O)        0.124    10.874 r  localization_command_ctrl_instance/polygon_clip_engine_instance/intersection_instance/state_current[2]_i_13/O
                         net (fo=1, routed)           0.540    11.414    localization_command_ctrl_instance/polygon_clip_engine_instance/intersection_instance/state_current[2]_i_13_n_0
    SLICE_X36Y46         CARRY4 (Prop_carry4_DI[0]_CO[3])
                                                      0.526    11.940 r  localization_command_ctrl_instance/polygon_clip_engine_instance/intersection_instance/state_current_reg[2]_i_4/CO[3]
                         net (fo=1, routed)           0.000    11.940    localization_command_ctrl_instance/polygon_clip_engine_instance/intersection_instance/state_current_reg[2]_i_4_n_0
    SLICE_X36Y47         CARRY4 (Prop_carry4_CI_CO[1])
                                                      0.157    12.097 r  localization_command_ctrl_instance/polygon_clip_engine_instance/intersection_instance/state_current_reg[2]_i_3/CO[1]
                         net (fo=1, routed)           0.434    12.531    localization_command_ctrl_instance/polygon_clip_engine_instance/intersection_instance/state_next20_in
    SLICE_X35Y47         LUT4 (Prop_lut4_I3_O)        0.329    12.860 r  localization_command_ctrl_instance/polygon_clip_engine_instance/intersection_instance/state_current[2]_i_2/O
                         net (fo=3, routed)           0.638    13.499    localization_command_ctrl_instance/polygon_clip_engine_instance/intersection_instance/state_next1
    SLICE_X33Y46         LUT5 (Prop_lut5_I2_O)        0.118    13.617 r  localization_command_ctrl_instance/polygon_clip_engine_instance/intersection_instance/ratio_result[30]_i_1/O
                         net (fo=31, routed)          0.403    14.019    localization_command_ctrl_instance/polygon_clip_engine_instance/intersection_instance/ratio_result[30]_i_1_n_0
    SLICE_X35Y46         FDCE                                         r  localization_command_ctrl_instance/polygon_clip_engine_instance/intersection_instance/ratio_result_reg[6]/CE
  -------------------------------------------------------------------    -------------------

                         (clock clk_100mhz rise edge)
                                                     10.000    10.000 r  
    W5                                                0.000    10.000 r  clk_100mhz_i (IN)
                         net (fo=0)                   0.000    10.000    clk_100mhz_i
    W5                   IBUF (Prop_ibuf_I_O)         1.388    11.388 r  clk_100mhz_i_IBUF_inst/O
                         net (fo=1, routed)           1.862    13.250    clk_100mhz_i_IBUF
    BUFGCTRL_X0Y0        BUFG (Prop_bufg_I_O)         0.091    13.341 r  clk_100mhz_i_IBUF_BUFG_inst/O
                         net (fo=9761, routed)        1.444    14.785    localization_command_ctrl_instance/polygon_clip_engine_instance/intersection_instance/clk_100mhz_i_IBUF_BUFG
    SLICE_X35Y46         FDCE                                         r  localization_command_ctrl_instance/polygon_clip_engine_instance/intersection_instance/ratio_result_reg[6]/C
                         clock pessimism              0.188    14.973    
                         clock uncertainty           -0.035    14.938    
    SLICE_X35Y46         FDCE (Setup_fdce_C_CE)      -0.407    14.531    localization_command_ctrl_instance/polygon_clip_engine_instance/intersection_instance/ratio_result_reg[6]
  -------------------------------------------------------------------
                         required time                         14.531    
                         arrival time                         -14.019    
  -------------------------------------------------------------------
                         slack                                  0.511    

Slack (MET) :             0.511ns  (required time - arrival time)
  Source:                 localization_command_ctrl_instance/polygon_clip_engine_instance/intersection_instance/denominator_saved_reg[0]/C
                            (rising edge-triggered cell FDCE clocked by clk_100mhz  {rise@0.000ns fall@5.000ns period=10.000ns})
  Destination:            localization_command_ctrl_instance/polygon_clip_engine_instance/intersection_instance/ratio_result_reg[9]/CE
                            (rising edge-triggered cell FDCE clocked by clk_100mhz  {rise@0.000ns fall@5.000ns period=10.000ns})
  Path Group:             clk_100mhz
  Path Type:              Setup (Max at Slow Process Corner)
  Requirement:            10.000ns  (clk_100mhz rise@10.000ns - clk_100mhz rise@0.000ns)
  Data Path Delay:        8.937ns  (logic 4.631ns (51.817%)  route 4.306ns (48.183%))
  Logic Levels:           21  (CARRY4=16 LUT1=1 LUT3=1 LUT4=1 LUT5=1 LUT6=1)
  Clock Path Skew:        -0.109ns (DCD - SCD + CPR)
    Destination Clock Delay (DCD):    4.785ns = ( 14.785 - 10.000 ) 
    Source Clock Delay      (SCD):    5.082ns
    Clock Pessimism Removal (CPR):    0.188ns
  Clock Uncertainty:      0.035ns  ((TSJ^2 + TIJ^2)^1/2 + DJ) / 2 + PE
    Total System Jitter     (TSJ):    0.071ns
    Total Input Jitter      (TIJ):    0.000ns
    Discrete Jitter          (DJ):    0.000ns
    Phase Error              (PE):    0.000ns

    Location             Delay type                Incr(ns)  Path(ns)    Netlist Resource(s)
  -------------------------------------------------------------------    -------------------
                         (clock clk_100mhz rise edge)
                                                      0.000     0.000 r  
    W5                                                0.000     0.000 r  clk_100mhz_i (IN)
                         net (fo=0)                   0.000     0.000    clk_100mhz_i
    W5                   IBUF (Prop_ibuf_I_O)         1.458     1.458 r  clk_100mhz_i_IBUF_inst/O
                         net (fo=1, routed)           1.967     3.425    clk_100mhz_i_IBUF
    BUFGCTRL_X0Y0        BUFG (Prop_bufg_I_O)         0.096     3.521 r  clk_100mhz_i_IBUF_BUFG_inst/O
                         net (fo=9761, routed)        1.561     5.082    localization_command_ctrl_instance/polygon_clip_engine_instance/intersection_instance/clk_100mhz_i_IBUF_BUFG
    SLICE_X43Y36         FDCE                                         r  localization_command_ctrl_instance/polygon_clip_engine_instance/intersection_instance/denominator_saved_reg[0]/C
  -------------------------------------------------------------------    -------------------
    SLICE_X43Y36         FDCE (Prop_fdce_C_Q)         0.456     5.538 f  localization_command_ctrl_instance/polygon_clip_engine_instance/intersection_instance/denominator_saved_reg[0]/Q
                         net (fo=5, routed)           0.680     6.219    localization_command_ctrl_instance/polygon_clip_engine_instance/intersection_instance/denominator_saved_reg_n_0_[0]
    SLICE_X43Y36         LUT1 (Prop_lut1_I0_O)        0.152     6.371 r  localization_command_ctrl_instance/polygon_clip_engine_instance/intersection_instance/denominator_magnitude_saved[4]_i_3/O
                         net (fo=1, routed)           0.473     6.844    localization_command_ctrl_instance/polygon_clip_engine_instance/intersection_instance/denominator_magnitude_saved[4]_i_3_n_0
    SLICE_X43Y38         CARRY4 (Prop_carry4_CYINIT_CO[3])
                                                      0.782     7.626 r  localization_command_ctrl_instance/polygon_clip_engine_instance/intersection_instance/denominator_magnitude_saved_reg[4]_i_2/CO[3]
                         net (fo=1, routed)           0.000     7.626    localization_command_ctrl_instance/polygon_clip_engine_instance/intersection_instance/denominator_magnitude_saved_reg[4]_i_2_n_0
    SLICE_X43Y39         CARRY4 (Prop_carry4_CI_CO[3])
                                                      0.114     7.740 r  localization_command_ctrl_instance/polygon_clip_engine_instance/intersection_instance/denominator_magnitude_saved_reg[8]_i_2/CO[3]
                         net (fo=1, routed)           0.000     7.740    localization_command_ctrl_instance/polygon_clip_engine_instance/intersection_instance/denominator_magnitude_saved_reg[8]_i_2_n_0
    SLICE_X43Y40         CARRY4 (Prop_carry4_CI_CO[3])
                                                      0.114     7.854 r  localization_command_ctrl_instance/polygon_clip_engine_instance/intersection_instance/denominator_magnitude_saved_reg[12]_i_2/CO[3]
                         net (fo=1, routed)           0.000     7.854    localization_command_ctrl_instance/polygon_clip_engine_instance/intersection_instance/denominator_magnitude_saved_reg[12]_i_2_n_0
    SLICE_X43Y41         CARRY4 (Prop_carry4_CI_CO[3])
                                                      0.114     7.968 r  localization_command_ctrl_instance/polygon_clip_engine_instance/intersection_instance/denominator_magnitude_saved_reg[16]_i_2/CO[3]
                         net (fo=1, routed)           0.000     7.968    localization_command_ctrl_instance/polygon_clip_engine_instance/intersection_instance/denominator_magnitude_saved_reg[16]_i_2_n_0
    SLICE_X43Y42         CARRY4 (Prop_carry4_CI_CO[3])
                                                      0.114     8.082 r  localization_command_ctrl_instance/polygon_clip_engine_instance/intersection_instance/denominator_magnitude_saved_reg[20]_i_2/CO[3]
                         net (fo=1, routed)           0.000     8.082    localization_command_ctrl_instance/polygon_clip_engine_instance/intersection_instance/denominator_magnitude_saved_reg[20]_i_2_n_0
    SLICE_X43Y43         CARRY4 (Prop_carry4_CI_CO[3])
                                                      0.114     8.196 r  localization_command_ctrl_instance/polygon_clip_engine_instance/intersection_instance/denominator_magnitude_saved_reg[24]_i_2/CO[3]
                         net (fo=1, routed)           0.000     8.196    localization_command_ctrl_instance/polygon_clip_engine_instance/intersection_instance/denominator_magnitude_saved_reg[24]_i_2_n_0
    SLICE_X43Y44         CARRY4 (Prop_carry4_CI_CO[3])
                                                      0.114     8.310 r  localization_command_ctrl_instance/polygon_clip_engine_instance/intersection_instance/denominator_magnitude_saved_reg[28]_i_2/CO[3]
                         net (fo=1, routed)           0.000     8.310    localization_command_ctrl_instance/polygon_clip_engine_instance/intersection_instance/denominator_magnitude_saved_reg[28]_i_2_n_0
    SLICE_X43Y45         CARRY4 (Prop_carry4_CI_CO[3])
                                                      0.114     8.424 r  localization_command_ctrl_instance/polygon_clip_engine_instance/intersection_instance/denominator_magnitude_saved_reg[32]_i_2/CO[3]
                         net (fo=1, routed)           0.000     8.424    localization_command_ctrl_instance/polygon_clip_engine_instance/intersection_instance/denominator_magnitude_saved_reg[32]_i_2_n_0
    SLICE_X43Y46         CARRY4 (Prop_carry4_CI_CO[3])
                                                      0.114     8.538 r  localization_command_ctrl_instance/polygon_clip_engine_instance/intersection_instance/denominator_magnitude_saved_reg[36]_i_2/CO[3]
                         net (fo=1, routed)           0.000     8.538    localization_command_ctrl_instance/polygon_clip_engine_instance/intersection_instance/denominator_magnitude_saved_reg[36]_i_2_n_0
    SLICE_X43Y47         CARRY4 (Prop_carry4_CI_CO[3])
                                                      0.114     8.652 r  localization_command_ctrl_instance/polygon_clip_engine_instance/intersection_instance/denominator_magnitude_saved_reg[40]_i_2/CO[3]
                         net (fo=1, routed)           0.000     8.652    localization_command_ctrl_instance/polygon_clip_engine_instance/intersection_instance/denominator_magnitude_saved_reg[40]_i_2_n_0
    SLICE_X43Y48         CARRY4 (Prop_carry4_CI_CO[3])
                                                      0.114     8.766 r  localization_command_ctrl_instance/polygon_clip_engine_instance/intersection_instance/denominator_magnitude_saved_reg[44]_i_2/CO[3]
                         net (fo=1, routed)           0.000     8.766    localization_command_ctrl_instance/polygon_clip_engine_instance/intersection_instance/denominator_magnitude_saved_reg[44]_i_2_n_0
    SLICE_X43Y49         CARRY4 (Prop_carry4_CI_CO[3])
                                                      0.114     8.880 r  localization_command_ctrl_instance/polygon_clip_engine_instance/intersection_instance/denominator_magnitude_saved_reg[48]_i_2/CO[3]
                         net (fo=1, routed)           0.001     8.881    localization_command_ctrl_instance/polygon_clip_engine_instance/intersection_instance/denominator_magnitude_saved_reg[48]_i_2_n_0
    SLICE_X43Y50         CARRY4 (Prop_carry4_CI_CO[3])
                                                      0.114     8.995 r  localization_command_ctrl_instance/polygon_clip_engine_instance/intersection_instance/denominator_magnitude_saved_reg[52]_i_2/CO[3]
                         net (fo=1, routed)           0.000     8.995    localization_command_ctrl_instance/polygon_clip_engine_instance/intersection_instance/denominator_magnitude_saved_reg[52]_i_2_n_0
    SLICE_X43Y51         CARRY4 (Prop_carry4_CI_O[3])
                                                      0.313     9.308 f  localization_command_ctrl_instance/polygon_clip_engine_instance/intersection_instance/denominator_magnitude_saved_reg[56]_i_2/O[3]
                         net (fo=2, routed)           0.445     9.753    localization_command_ctrl_instance/polygon_clip_engine_instance/intersection_instance/denominator_magnitude0[56]
    SLICE_X42Y51         LUT3 (Prop_lut3_I0_O)        0.306    10.059 f  localization_command_ctrl_instance/polygon_clip_engine_instance/intersection_instance/denominator_magnitude_saved[56]_i_1/O
                         net (fo=3, routed)           0.691    10.750    localization_command_ctrl_instance/polygon_clip_engine_instance/intersection_instance/denominator_magnitude[56]
    SLICE_X42Y51         LUT6 (Prop_lut6_I3_O)        0.124    10.874 r  localization_command_ctrl_instance/polygon_clip_engine_instance/intersection_instance/state_current[2]_i_13/O
                         net (fo=1, routed)           0.540    11.414    localization_command_ctrl_instance/polygon_clip_engine_instance/intersection_instance/state_current[2]_i_13_n_0
    SLICE_X36Y46         CARRY4 (Prop_carry4_DI[0]_CO[3])
                                                      0.526    11.940 r  localization_command_ctrl_instance/polygon_clip_engine_instance/intersection_instance/state_current_reg[2]_i_4/CO[3]
                         net (fo=1, routed)           0.000    11.940    localization_command_ctrl_instance/polygon_clip_engine_instance/intersection_instance/state_current_reg[2]_i_4_n_0
    SLICE_X36Y47         CARRY4 (Prop_carry4_CI_CO[1])
                                                      0.157    12.097 r  localization_command_ctrl_instance/polygon_clip_engine_instance/intersection_instance/state_current_reg[2]_i_3/CO[1]
                         net (fo=1, routed)           0.434    12.531    localization_command_ctrl_instance/polygon_clip_engine_instance/intersection_instance/state_next20_in
    SLICE_X35Y47         LUT4 (Prop_lut4_I3_O)        0.329    12.860 r  localization_command_ctrl_instance/polygon_clip_engine_instance/intersection_instance/state_current[2]_i_2/O
                         net (fo=3, routed)           0.638    13.499    localization_command_ctrl_instance/polygon_clip_engine_instance/intersection_instance/state_next1
    SLICE_X33Y46         LUT5 (Prop_lut5_I2_O)        0.118    13.617 r  localization_command_ctrl_instance/polygon_clip_engine_instance/intersection_instance/ratio_result[30]_i_1/O
                         net (fo=31, routed)          0.403    14.019    localization_command_ctrl_instance/polygon_clip_engine_instance/intersection_instance/ratio_result[30]_i_1_n_0
    SLICE_X35Y46         FDCE                                         r  localization_command_ctrl_instance/polygon_clip_engine_instance/intersection_instance/ratio_result_reg[9]/CE
  -------------------------------------------------------------------    -------------------

                         (clock clk_100mhz rise edge)
                                                     10.000    10.000 r  
    W5                                                0.000    10.000 r  clk_100mhz_i (IN)
                         net (fo=0)                   0.000    10.000    clk_100mhz_i
    W5                   IBUF (Prop_ibuf_I_O)         1.388    11.388 r  clk_100mhz_i_IBUF_inst/O
                         net (fo=1, routed)           1.862    13.250    clk_100mhz_i_IBUF
    BUFGCTRL_X0Y0        BUFG (Prop_bufg_I_O)         0.091    13.341 r  clk_100mhz_i_IBUF_BUFG_inst/O
                         net (fo=9761, routed)        1.444    14.785    localization_command_ctrl_instance/polygon_clip_engine_instance/intersection_instance/clk_100mhz_i_IBUF_BUFG
    SLICE_X35Y46         FDCE                                         r  localization_command_ctrl_instance/polygon_clip_engine_instance/intersection_instance/ratio_result_reg[9]/C
                         clock pessimism              0.188    14.973    
                         clock uncertainty           -0.035    14.938    
    SLICE_X35Y46         FDCE (Setup_fdce_C_CE)      -0.407    14.531    localization_command_ctrl_instance/polygon_clip_engine_instance/intersection_instance/ratio_result_reg[9]
  -------------------------------------------------------------------
                         required time                         14.531    
                         arrival time                         -14.019    
  -------------------------------------------------------------------
                         slack                                  0.511    

Slack (MET) :             0.516ns  (required time - arrival time)
  Source:                 localization_command_ctrl_instance/polygon_clip_engine_instance/intersection_instance/denominator_saved_reg[0]/C
                            (rising edge-triggered cell FDCE clocked by clk_100mhz  {rise@0.000ns fall@5.000ns period=10.000ns})
  Destination:            localization_command_ctrl_instance/polygon_clip_engine_instance/intersection_instance/ratio_result_reg[13]/CE
                            (rising edge-triggered cell FDCE clocked by clk_100mhz  {rise@0.000ns fall@5.000ns period=10.000ns})
  Path Group:             clk_100mhz
  Path Type:              Setup (Max at Slow Process Corner)
  Requirement:            10.000ns  (clk_100mhz rise@10.000ns - clk_100mhz rise@0.000ns)
  Data Path Delay:        8.934ns  (logic 4.631ns (51.833%)  route 4.303ns (48.167%))
  Logic Levels:           21  (CARRY4=16 LUT1=1 LUT3=1 LUT4=1 LUT5=1 LUT6=1)
  Clock Path Skew:        -0.107ns (DCD - SCD + CPR)
    Destination Clock Delay (DCD):    4.787ns = ( 14.787 - 10.000 ) 
    Source Clock Delay      (SCD):    5.082ns
    Clock Pessimism Removal (CPR):    0.188ns
  Clock Uncertainty:      0.035ns  ((TSJ^2 + TIJ^2)^1/2 + DJ) / 2 + PE
    Total System Jitter     (TSJ):    0.071ns
    Total Input Jitter      (TIJ):    0.000ns
    Discrete Jitter          (DJ):    0.000ns
    Phase Error              (PE):    0.000ns

    Location             Delay type                Incr(ns)  Path(ns)    Netlist Resource(s)
  -------------------------------------------------------------------    -------------------
                         (clock clk_100mhz rise edge)
                                                      0.000     0.000 r  
    W5                                                0.000     0.000 r  clk_100mhz_i (IN)
                         net (fo=0)                   0.000     0.000    clk_100mhz_i
    W5                   IBUF (Prop_ibuf_I_O)         1.458     1.458 r  clk_100mhz_i_IBUF_inst/O
                         net (fo=1, routed)           1.967     3.425    clk_100mhz_i_IBUF
    BUFGCTRL_X0Y0        BUFG (Prop_bufg_I_O)         0.096     3.521 r  clk_100mhz_i_IBUF_BUFG_inst/O
                         net (fo=9761, routed)        1.561     5.082    localization_command_ctrl_instance/polygon_clip_engine_instance/intersection_instance/clk_100mhz_i_IBUF_BUFG
    SLICE_X43Y36         FDCE                                         r  localization_command_ctrl_instance/polygon_clip_engine_instance/intersection_instance/denominator_saved_reg[0]/C
  -------------------------------------------------------------------    -------------------
    SLICE_X43Y36         FDCE (Prop_fdce_C_Q)         0.456     5.538 f  localization_command_ctrl_instance/polygon_clip_engine_instance/intersection_instance/denominator_saved_reg[0]/Q
                         net (fo=5, routed)           0.680     6.219    localization_command_ctrl_instance/polygon_clip_engine_instance/intersection_instance/denominator_saved_reg_n_0_[0]
    SLICE_X43Y36         LUT1 (Prop_lut1_I0_O)        0.152     6.371 r  localization_command_ctrl_instance/polygon_clip_engine_instance/intersection_instance/denominator_magnitude_saved[4]_i_3/O
                         net (fo=1, routed)           0.473     6.844    localization_command_ctrl_instance/polygon_clip_engine_instance/intersection_instance/denominator_magnitude_saved[4]_i_3_n_0
    SLICE_X43Y38         CARRY4 (Prop_carry4_CYINIT_CO[3])
                                                      0.782     7.626 r  localization_command_ctrl_instance/polygon_clip_engine_instance/intersection_instance/denominator_magnitude_saved_reg[4]_i_2/CO[3]
                         net (fo=1, routed)           0.000     7.626    localization_command_ctrl_instance/polygon_clip_engine_instance/intersection_instance/denominator_magnitude_saved_reg[4]_i_2_n_0
    SLICE_X43Y39         CARRY4 (Prop_carry4_CI_CO[3])
                                                      0.114     7.740 r  localization_command_ctrl_instance/polygon_clip_engine_instance/intersection_instance/denominator_magnitude_saved_reg[8]_i_2/CO[3]
                         net (fo=1, routed)           0.000     7.740    localization_command_ctrl_instance/polygon_clip_engine_instance/intersection_instance/denominator_magnitude_saved_reg[8]_i_2_n_0
    SLICE_X43Y40         CARRY4 (Prop_carry4_CI_CO[3])
                                                      0.114     7.854 r  localization_command_ctrl_instance/polygon_clip_engine_instance/intersection_instance/denominator_magnitude_saved_reg[12]_i_2/CO[3]
                         net (fo=1, routed)           0.000     7.854    localization_command_ctrl_instance/polygon_clip_engine_instance/intersection_instance/denominator_magnitude_saved_reg[12]_i_2_n_0
    SLICE_X43Y41         CARRY4 (Prop_carry4_CI_CO[3])
                                                      0.114     7.968 r  localization_command_ctrl_instance/polygon_clip_engine_instance/intersection_instance/denominator_magnitude_saved_reg[16]_i_2/CO[3]
                         net (fo=1, routed)           0.000     7.968    localization_command_ctrl_instance/polygon_clip_engine_instance/intersection_instance/denominator_magnitude_saved_reg[16]_i_2_n_0
    SLICE_X43Y42         CARRY4 (Prop_carry4_CI_CO[3])
                                                      0.114     8.082 r  localization_command_ctrl_instance/polygon_clip_engine_instance/intersection_instance/denominator_magnitude_saved_reg[20]_i_2/CO[3]
                         net (fo=1, routed)           0.000     8.082    localization_command_ctrl_instance/polygon_clip_engine_instance/intersection_instance/denominator_magnitude_saved_reg[20]_i_2_n_0
    SLICE_X43Y43         CARRY4 (Prop_carry4_CI_CO[3])
                                                      0.114     8.196 r  localization_command_ctrl_instance/polygon_clip_engine_instance/intersection_instance/denominator_magnitude_saved_reg[24]_i_2/CO[3]
                         net (fo=1, routed)           0.000     8.196    localization_command_ctrl_instance/polygon_clip_engine_instance/intersection_instance/denominator_magnitude_saved_reg[24]_i_2_n_0
    SLICE_X43Y44         CARRY4 (Prop_carry4_CI_CO[3])
                                                      0.114     8.310 r  localization_command_ctrl_instance/polygon_clip_engine_instance/intersection_instance/denominator_magnitude_saved_reg[28]_i_2/CO[3]
                         net (fo=1, routed)           0.000     8.310    localization_command_ctrl_instance/polygon_clip_engine_instance/intersection_instance/denominator_magnitude_saved_reg[28]_i_2_n_0
    SLICE_X43Y45         CARRY4 (Prop_carry4_CI_CO[3])
                                                      0.114     8.424 r  localization_command_ctrl_instance/polygon_clip_engine_instance/intersection_instance/denominator_magnitude_saved_reg[32]_i_2/CO[3]
                         net (fo=1, routed)           0.000     8.424    localization_command_ctrl_instance/polygon_clip_engine_instance/intersection_instance/denominator_magnitude_saved_reg[32]_i_2_n_0
    SLICE_X43Y46         CARRY4 (Prop_carry4_CI_CO[3])
                                                      0.114     8.538 r  localization_command_ctrl_instance/polygon_clip_engine_instance/intersection_instance/denominator_magnitude_saved_reg[36]_i_2/CO[3]
                         net (fo=1, routed)           0.000     8.538    localization_command_ctrl_instance/polygon_clip_engine_instance/intersection_instance/denominator_magnitude_saved_reg[36]_i_2_n_0
    SLICE_X43Y47         CARRY4 (Prop_carry4_CI_CO[3])
                                                      0.114     8.652 r  localization_command_ctrl_instance/polygon_clip_engine_instance/intersection_instance/denominator_magnitude_saved_reg[40]_i_2/CO[3]
                         net (fo=1, routed)           0.000     8.652    localization_command_ctrl_instance/polygon_clip_engine_instance/intersection_instance/denominator_magnitude_saved_reg[40]_i_2_n_0
    SLICE_X43Y48         CARRY4 (Prop_carry4_CI_CO[3])
                                                      0.114     8.766 r  localization_command_ctrl_instance/polygon_clip_engine_instance/intersection_instance/denominator_magnitude_saved_reg[44]_i_2/CO[3]
                         net (fo=1, routed)           0.000     8.766    localization_command_ctrl_instance/polygon_clip_engine_instance/intersection_instance/denominator_magnitude_saved_reg[44]_i_2_n_0
    SLICE_X43Y49         CARRY4 (Prop_carry4_CI_CO[3])
                                                      0.114     8.880 r  localization_command_ctrl_instance/polygon_clip_engine_instance/intersection_instance/denominator_magnitude_saved_reg[48]_i_2/CO[3]
                         net (fo=1, routed)           0.001     8.881    localization_command_ctrl_instance/polygon_clip_engine_instance/intersection_instance/denominator_magnitude_saved_reg[48]_i_2_n_0
    SLICE_X43Y50         CARRY4 (Prop_carry4_CI_CO[3])
                                                      0.114     8.995 r  localization_command_ctrl_instance/polygon_clip_engine_instance/intersection_instance/denominator_magnitude_saved_reg[52]_i_2/CO[3]
                         net (fo=1, routed)           0.000     8.995    localization_command_ctrl_instance/polygon_clip_engine_instance/intersection_instance/denominator_magnitude_saved_reg[52]_i_2_n_0
    SLICE_X43Y51         CARRY4 (Prop_carry4_CI_O[3])
                                                      0.313     9.308 f  localization_command_ctrl_instance/polygon_clip_engine_instance/intersection_instance/denominator_magnitude_saved_reg[56]_i_2/O[3]
                         net (fo=2, routed)           0.445     9.753    localization_command_ctrl_instance/polygon_clip_engine_instance/intersection_instance/denominator_magnitude0[56]
    SLICE_X42Y51         LUT3 (Prop_lut3_I0_O)        0.306    10.059 f  localization_command_ctrl_instance/polygon_clip_engine_instance/intersection_instance/denominator_magnitude_saved[56]_i_1/O
                         net (fo=3, routed)           0.691    10.750    localization_command_ctrl_instance/polygon_clip_engine_instance/intersection_instance/denominator_magnitude[56]
    SLICE_X42Y51         LUT6 (Prop_lut6_I3_O)        0.124    10.874 r  localization_command_ctrl_instance/polygon_clip_engine_instance/intersection_instance/state_current[2]_i_13/O
                         net (fo=1, routed)           0.540    11.414    localization_command_ctrl_instance/polygon_clip_engine_instance/intersection_instance/state_current[2]_i_13_n_0
    SLICE_X36Y46         CARRY4 (Prop_carry4_DI[0]_CO[3])
                                                      0.526    11.940 r  localization_command_ctrl_instance/polygon_clip_engine_instance/intersection_instance/state_current_reg[2]_i_4/CO[3]
                         net (fo=1, routed)           0.000    11.940    localization_command_ctrl_instance/polygon_clip_engine_instance/intersection_instance/state_current_reg[2]_i_4_n_0
    SLICE_X36Y47         CARRY4 (Prop_carry4_CI_CO[1])
                                                      0.157    12.097 r  localization_command_ctrl_instance/polygon_clip_engine_instance/intersection_instance/state_current_reg[2]_i_3/CO[1]
                         net (fo=1, routed)           0.434    12.531    localization_command_ctrl_instance/polygon_clip_engine_instance/intersection_instance/state_next20_in
    SLICE_X35Y47         LUT4 (Prop_lut4_I3_O)        0.329    12.860 r  localization_command_ctrl_instance/polygon_clip_engine_instance/intersection_instance/state_current[2]_i_2/O
                         net (fo=3, routed)           0.638    13.499    localization_command_ctrl_instance/polygon_clip_engine_instance/intersection_instance/state_next1
    SLICE_X33Y46         LUT5 (Prop_lut5_I2_O)        0.118    13.617 r  localization_command_ctrl_instance/polygon_clip_engine_instance/intersection_instance/ratio_result[30]_i_1/O
                         net (fo=31, routed)          0.400    14.017    localization_command_ctrl_instance/polygon_clip_engine_instance/intersection_instance/ratio_result[30]_i_1_n_0
    SLICE_X32Y48         FDCE                                         r  localization_command_ctrl_instance/polygon_clip_engine_instance/intersection_instance/ratio_result_reg[13]/CE
  -------------------------------------------------------------------    -------------------

                         (clock clk_100mhz rise edge)
                                                     10.000    10.000 r  
    W5                                                0.000    10.000 r  clk_100mhz_i (IN)
                         net (fo=0)                   0.000    10.000    clk_100mhz_i
    W5                   IBUF (Prop_ibuf_I_O)         1.388    11.388 r  clk_100mhz_i_IBUF_inst/O
                         net (fo=1, routed)           1.862    13.250    clk_100mhz_i_IBUF
    BUFGCTRL_X0Y0        BUFG (Prop_bufg_I_O)         0.091    13.341 r  clk_100mhz_i_IBUF_BUFG_inst/O
                         net (fo=9761, routed)        1.446    14.787    localization_command_ctrl_instance/polygon_clip_engine_instance/intersection_instance/clk_100mhz_i_IBUF_BUFG
    SLICE_X32Y48         FDCE                                         r  localization_command_ctrl_instance/polygon_clip_engine_instance/intersection_instance/ratio_result_reg[13]/C
                         clock pessimism              0.188    14.975    
                         clock uncertainty           -0.035    14.940    
    SLICE_X32Y48         FDCE (Setup_fdce_C_CE)      -0.407    14.533    localization_command_ctrl_instance/polygon_clip_engine_instance/intersection_instance/ratio_result_reg[13]
  -------------------------------------------------------------------
                         required time                         14.533    
                         arrival time                         -14.017    
  -------------------------------------------------------------------
                         slack                                  0.516    

Slack (MET) :             0.516ns  (required time - arrival time)
  Source:                 localization_command_ctrl_instance/polygon_clip_engine_instance/intersection_instance/denominator_saved_reg[0]/C
                            (rising edge-triggered cell FDCE clocked by clk_100mhz  {rise@0.000ns fall@5.000ns period=10.000ns})
  Destination:            localization_command_ctrl_instance/polygon_clip_engine_instance/intersection_instance/ratio_result_reg[15]/CE
                            (rising edge-triggered cell FDCE clocked by clk_100mhz  {rise@0.000ns fall@5.000ns period=10.000ns})
  Path Group:             clk_100mhz
  Path Type:              Setup (Max at Slow Process Corner)
  Requirement:            10.000ns  (clk_100mhz rise@10.000ns - clk_100mhz rise@0.000ns)
  Data Path Delay:        8.934ns  (logic 4.631ns (51.833%)  route 4.303ns (48.167%))
  Logic Levels:           21  (CARRY4=16 LUT1=1 LUT3=1 LUT4=1 LUT5=1 LUT6=1)
  Clock Path Skew:        -0.107ns (DCD - SCD + CPR)
    Destination Clock Delay (DCD):    4.787ns = ( 14.787 - 10.000 ) 
    Source Clock Delay      (SCD):    5.082ns
    Clock Pessimism Removal (CPR):    0.188ns
  Clock Uncertainty:      0.035ns  ((TSJ^2 + TIJ^2)^1/2 + DJ) / 2 + PE
    Total System Jitter     (TSJ):    0.071ns
    Total Input Jitter      (TIJ):    0.000ns
    Discrete Jitter          (DJ):    0.000ns
    Phase Error              (PE):    0.000ns

    Location             Delay type                Incr(ns)  Path(ns)    Netlist Resource(s)
  -------------------------------------------------------------------    -------------------
                         (clock clk_100mhz rise edge)
                                                      0.000     0.000 r  
    W5                                                0.000     0.000 r  clk_100mhz_i (IN)
                         net (fo=0)                   0.000     0.000    clk_100mhz_i
    W5                   IBUF (Prop_ibuf_I_O)         1.458     1.458 r  clk_100mhz_i_IBUF_inst/O
                         net (fo=1, routed)           1.967     3.425    clk_100mhz_i_IBUF
    BUFGCTRL_X0Y0        BUFG (Prop_bufg_I_O)         0.096     3.521 r  clk_100mhz_i_IBUF_BUFG_inst/O
                         net (fo=9761, routed)        1.561     5.082    localization_command_ctrl_instance/polygon_clip_engine_instance/intersection_instance/clk_100mhz_i_IBUF_BUFG
    SLICE_X43Y36         FDCE                                         r  localization_command_ctrl_instance/polygon_clip_engine_instance/intersection_instance/denominator_saved_reg[0]/C
  -------------------------------------------------------------------    -------------------
    SLICE_X43Y36         FDCE (Prop_fdce_C_Q)         0.456     5.538 f  localization_command_ctrl_instance/polygon_clip_engine_instance/intersection_instance/denominator_saved_reg[0]/Q
                         net (fo=5, routed)           0.680     6.219    localization_command_ctrl_instance/polygon_clip_engine_instance/intersection_instance/denominator_saved_reg_n_0_[0]
    SLICE_X43Y36         LUT1 (Prop_lut1_I0_O)        0.152     6.371 r  localization_command_ctrl_instance/polygon_clip_engine_instance/intersection_instance/denominator_magnitude_saved[4]_i_3/O
                         net (fo=1, routed)           0.473     6.844    localization_command_ctrl_instance/polygon_clip_engine_instance/intersection_instance/denominator_magnitude_saved[4]_i_3_n_0
    SLICE_X43Y38         CARRY4 (Prop_carry4_CYINIT_CO[3])
                                                      0.782     7.626 r  localization_command_ctrl_instance/polygon_clip_engine_instance/intersection_instance/denominator_magnitude_saved_reg[4]_i_2/CO[3]
                         net (fo=1, routed)           0.000     7.626    localization_command_ctrl_instance/polygon_clip_engine_instance/intersection_instance/denominator_magnitude_saved_reg[4]_i_2_n_0
    SLICE_X43Y39         CARRY4 (Prop_carry4_CI_CO[3])
                                                      0.114     7.740 r  localization_command_ctrl_instance/polygon_clip_engine_instance/intersection_instance/denominator_magnitude_saved_reg[8]_i_2/CO[3]
                         net (fo=1, routed)           0.000     7.740    localization_command_ctrl_instance/polygon_clip_engine_instance/intersection_instance/denominator_magnitude_saved_reg[8]_i_2_n_0
    SLICE_X43Y40         CARRY4 (Prop_carry4_CI_CO[3])
                                                      0.114     7.854 r  localization_command_ctrl_instance/polygon_clip_engine_instance/intersection_instance/denominator_magnitude_saved_reg[12]_i_2/CO[3]
                         net (fo=1, routed)           0.000     7.854    localization_command_ctrl_instance/polygon_clip_engine_instance/intersection_instance/denominator_magnitude_saved_reg[12]_i_2_n_0
    SLICE_X43Y41         CARRY4 (Prop_carry4_CI_CO[3])
                                                      0.114     7.968 r  localization_command_ctrl_instance/polygon_clip_engine_instance/intersection_instance/denominator_magnitude_saved_reg[16]_i_2/CO[3]
                         net (fo=1, routed)           0.000     7.968    localization_command_ctrl_instance/polygon_clip_engine_instance/intersection_instance/denominator_magnitude_saved_reg[16]_i_2_n_0
    SLICE_X43Y42         CARRY4 (Prop_carry4_CI_CO[3])
                                                      0.114     8.082 r  localization_command_ctrl_instance/polygon_clip_engine_instance/intersection_instance/denominator_magnitude_saved_reg[20]_i_2/CO[3]
                         net (fo=1, routed)           0.000     8.082    localization_command_ctrl_instance/polygon_clip_engine_instance/intersection_instance/denominator_magnitude_saved_reg[20]_i_2_n_0
    SLICE_X43Y43         CARRY4 (Prop_carry4_CI_CO[3])
                                                      0.114     8.196 r  localization_command_ctrl_instance/polygon_clip_engine_instance/intersection_instance/denominator_magnitude_saved_reg[24]_i_2/CO[3]
                         net (fo=1, routed)           0.000     8.196    localization_command_ctrl_instance/polygon_clip_engine_instance/intersection_instance/denominator_magnitude_saved_reg[24]_i_2_n_0
    SLICE_X43Y44         CARRY4 (Prop_carry4_CI_CO[3])
                                                      0.114     8.310 r  localization_command_ctrl_instance/polygon_clip_engine_instance/intersection_instance/denominator_magnitude_saved_reg[28]_i_2/CO[3]
                         net (fo=1, routed)           0.000     8.310    localization_command_ctrl_instance/polygon_clip_engine_instance/intersection_instance/denominator_magnitude_saved_reg[28]_i_2_n_0
    SLICE_X43Y45         CARRY4 (Prop_carry4_CI_CO[3])
                                                      0.114     8.424 r  localization_command_ctrl_instance/polygon_clip_engine_instance/intersection_instance/denominator_magnitude_saved_reg[32]_i_2/CO[3]
                         net (fo=1, routed)           0.000     8.424    localization_command_ctrl_instance/polygon_clip_engine_instance/intersection_instance/denominator_magnitude_saved_reg[32]_i_2_n_0
    SLICE_X43Y46         CARRY4 (Prop_carry4_CI_CO[3])
                                                      0.114     8.538 r  localization_command_ctrl_instance/polygon_clip_engine_instance/intersection_instance/denominator_magnitude_saved_reg[36]_i_2/CO[3]
                         net (fo=1, routed)           0.000     8.538    localization_command_ctrl_instance/polygon_clip_engine_instance/intersection_instance/denominator_magnitude_saved_reg[36]_i_2_n_0
    SLICE_X43Y47         CARRY4 (Prop_carry4_CI_CO[3])
                                                      0.114     8.652 r  localization_command_ctrl_instance/polygon_clip_engine_instance/intersection_instance/denominator_magnitude_saved_reg[40]_i_2/CO[3]
                         net (fo=1, routed)           0.000     8.652    localization_command_ctrl_instance/polygon_clip_engine_instance/intersection_instance/denominator_magnitude_saved_reg[40]_i_2_n_0
    SLICE_X43Y48         CARRY4 (Prop_carry4_CI_CO[3])
                                                      0.114     8.766 r  localization_command_ctrl_instance/polygon_clip_engine_instance/intersection_instance/denominator_magnitude_saved_reg[44]_i_2/CO[3]
                         net (fo=1, routed)           0.000     8.766    localization_command_ctrl_instance/polygon_clip_engine_instance/intersection_instance/denominator_magnitude_saved_reg[44]_i_2_n_0
    SLICE_X43Y49         CARRY4 (Prop_carry4_CI_CO[3])
                                                      0.114     8.880 r  localization_command_ctrl_instance/polygon_clip_engine_instance/intersection_instance/denominator_magnitude_saved_reg[48]_i_2/CO[3]
                         net (fo=1, routed)           0.001     8.881    localization_command_ctrl_instance/polygon_clip_engine_instance/intersection_instance/denominator_magnitude_saved_reg[48]_i_2_n_0
    SLICE_X43Y50         CARRY4 (Prop_carry4_CI_CO[3])
                                                      0.114     8.995 r  localization_command_ctrl_instance/polygon_clip_engine_instance/intersection_instance/denominator_magnitude_saved_reg[52]_i_2/CO[3]
                         net (fo=1, routed)           0.000     8.995    localization_command_ctrl_instance/polygon_clip_engine_instance/intersection_instance/denominator_magnitude_saved_reg[52]_i_2_n_0
    SLICE_X43Y51         CARRY4 (Prop_carry4_CI_O[3])
                                                      0.313     9.308 f  localization_command_ctrl_instance/polygon_clip_engine_instance/intersection_instance/denominator_magnitude_saved_reg[56]_i_2/O[3]
                         net (fo=2, routed)           0.445     9.753    localization_command_ctrl_instance/polygon_clip_engine_instance/intersection_instance/denominator_magnitude0[56]
    SLICE_X42Y51         LUT3 (Prop_lut3_I0_O)        0.306    10.059 f  localization_command_ctrl_instance/polygon_clip_engine_instance/intersection_instance/denominator_magnitude_saved[56]_i_1/O
                         net (fo=3, routed)           0.691    10.750    localization_command_ctrl_instance/polygon_clip_engine_instance/intersection_instance/denominator_magnitude[56]
    SLICE_X42Y51         LUT6 (Prop_lut6_I3_O)        0.124    10.874 r  localization_command_ctrl_instance/polygon_clip_engine_instance/intersection_instance/state_current[2]_i_13/O
                         net (fo=1, routed)           0.540    11.414    localization_command_ctrl_instance/polygon_clip_engine_instance/intersection_instance/state_current[2]_i_13_n_0
    SLICE_X36Y46         CARRY4 (Prop_carry4_DI[0]_CO[3])
                                                      0.526    11.940 r  localization_command_ctrl_instance/polygon_clip_engine_instance/intersection_instance/state_current_reg[2]_i_4/CO[3]
                         net (fo=1, routed)           0.000    11.940    localization_command_ctrl_instance/polygon_clip_engine_instance/intersection_instance/state_current_reg[2]_i_4_n_0
    SLICE_X36Y47         CARRY4 (Prop_carry4_CI_CO[1])
                                                      0.157    12.097 r  localization_command_ctrl_instance/polygon_clip_engine_instance/intersection_instance/state_current_reg[2]_i_3/CO[1]
                         net (fo=1, routed)           0.434    12.531    localization_command_ctrl_instance/polygon_clip_engine_instance/intersection_instance/state_next20_in
    SLICE_X35Y47         LUT4 (Prop_lut4_I3_O)        0.329    12.860 r  localization_command_ctrl_instance/polygon_clip_engine_instance/intersection_instance/state_current[2]_i_2/O
                         net (fo=3, routed)           0.638    13.499    localization_command_ctrl_instance/polygon_clip_engine_instance/intersection_instance/state_next1
    SLICE_X33Y46         LUT5 (Prop_lut5_I2_O)        0.118    13.617 r  localization_command_ctrl_instance/polygon_clip_engine_instance/intersection_instance/ratio_result[30]_i_1/O
                         net (fo=31, routed)          0.400    14.017    localization_command_ctrl_instance/polygon_clip_engine_instance/intersection_instance/ratio_result[30]_i_1_n_0
    SLICE_X32Y48         FDCE                                         r  localization_command_ctrl_instance/polygon_clip_engine_instance/intersection_instance/ratio_result_reg[15]/CE
  -------------------------------------------------------------------    -------------------

                         (clock clk_100mhz rise edge)
                                                     10.000    10.000 r  
    W5                                                0.000    10.000 r  clk_100mhz_i (IN)
                         net (fo=0)                   0.000    10.000    clk_100mhz_i
    W5                   IBUF (Prop_ibuf_I_O)         1.388    11.388 r  clk_100mhz_i_IBUF_inst/O
                         net (fo=1, routed)           1.862    13.250    clk_100mhz_i_IBUF
    BUFGCTRL_X0Y0        BUFG (Prop_bufg_I_O)         0.091    13.341 r  clk_100mhz_i_IBUF_BUFG_inst/O
                         net (fo=9761, routed)        1.446    14.787    localization_command_ctrl_instance/polygon_clip_engine_instance/intersection_instance/clk_100mhz_i_IBUF_BUFG
    SLICE_X32Y48         FDCE                                         r  localization_command_ctrl_instance/polygon_clip_engine_instance/intersection_instance/ratio_result_reg[15]/C
                         clock pessimism              0.188    14.975    
                         clock uncertainty           -0.035    14.940    
    SLICE_X32Y48         FDCE (Setup_fdce_C_CE)      -0.407    14.533    localization_command_ctrl_instance/polygon_clip_engine_instance/intersection_instance/ratio_result_reg[15]
  -------------------------------------------------------------------
                         required time                         14.533    
                         arrival time                         -14.017    
  -------------------------------------------------------------------
                         slack                                  0.516    





Min Delay Paths
--------------------------------------------------------------------------------------
Slack (MET) :             0.018ns  (arrival time - required time)
  Source:                 localization_command_ctrl_instance/upper_constant_c_reg[30]/C
                            (rising edge-triggered cell FDCE clocked by clk_100mhz  {rise@0.000ns fall@5.000ns period=10.000ns})
  Destination:            localization_command_ctrl_instance/polygon_clip_engine_instance/constant_c_saved_reg[30]/D
                            (rising edge-triggered cell FDCE clocked by clk_100mhz  {rise@0.000ns fall@5.000ns period=10.000ns})
  Path Group:             clk_100mhz
  Path Type:              Hold (Min at Fast Process Corner)
  Requirement:            0.000ns  (clk_100mhz rise@0.000ns - clk_100mhz rise@0.000ns)
  Data Path Delay:        0.384ns  (logic 0.226ns (58.834%)  route 0.158ns (41.166%))
  Logic Levels:           1  (LUT6=1)
  Clock Path Skew:        0.274ns (DCD - SCD - CPR)
    Destination Clock Delay (DCD):    1.994ns
    Source Clock Delay      (SCD):    1.476ns
    Clock Pessimism Removal (CPR):    0.244ns

    Location             Delay type                Incr(ns)  Path(ns)    Netlist Resource(s)
  -------------------------------------------------------------------    -------------------
                         (clock clk_100mhz rise edge)
                                                      0.000     0.000 r  
    W5                                                0.000     0.000 r  clk_100mhz_i (IN)
                         net (fo=0)                   0.000     0.000    clk_100mhz_i
    W5                   IBUF (Prop_ibuf_I_O)         0.226     0.226 r  clk_100mhz_i_IBUF_inst/O
                         net (fo=1, routed)           0.631     0.858    clk_100mhz_i_IBUF
    BUFGCTRL_X0Y0        BUFG (Prop_bufg_I_O)         0.026     0.884 r  clk_100mhz_i_IBUF_BUFG_inst/O
                         net (fo=9761, routed)        0.593     1.476    localization_command_ctrl_instance/clk_100mhz_i_IBUF_BUFG
    SLICE_X61Y50         FDCE                                         r  localization_command_ctrl_instance/upper_constant_c_reg[30]/C
  -------------------------------------------------------------------    -------------------
    SLICE_X61Y50         FDCE (Prop_fdce_C_Q)         0.128     1.604 r  localization_command_ctrl_instance/upper_constant_c_reg[30]/Q
                         net (fo=1, routed)           0.158     1.762    localization_command_ctrl_instance/polygon_clip_engine_instance/constant_c_saved_reg[65]_1[30]
    SLICE_X62Y49         LUT6 (Prop_lut6_I5_O)        0.098     1.860 r  localization_command_ctrl_instance/polygon_clip_engine_instance/constant_c_saved[30]_i_1/O
                         net (fo=1, routed)           0.000     1.860    localization_command_ctrl_instance/polygon_clip_engine_instance/selected_clip_c[30]
    SLICE_X62Y49         FDCE                                         r  localization_command_ctrl_instance/polygon_clip_engine_instance/constant_c_saved_reg[30]/D
  -------------------------------------------------------------------    -------------------

                         (clock clk_100mhz rise edge)
                                                      0.000     0.000 r  
    W5                                                0.000     0.000 r  clk_100mhz_i (IN)
                         net (fo=0)                   0.000     0.000    clk_100mhz_i
    W5                   IBUF (Prop_ibuf_I_O)         0.414     0.414 r  clk_100mhz_i_IBUF_inst/O
                         net (fo=1, routed)           0.685     1.099    clk_100mhz_i_IBUF
    BUFGCTRL_X0Y0        BUFG (Prop_bufg_I_O)         0.029     1.128 r  clk_100mhz_i_IBUF_BUFG_inst/O
                         net (fo=9761, routed)        0.867     1.994    localization_command_ctrl_instance/polygon_clip_engine_instance/clk_100mhz_i_IBUF_BUFG
    SLICE_X62Y49         FDCE                                         r  localization_command_ctrl_instance/polygon_clip_engine_instance/constant_c_saved_reg[30]/C
                         clock pessimism             -0.244     1.750    
    SLICE_X62Y49         FDCE (Hold_fdce_C_D)         0.092     1.842    localization_command_ctrl_instance/polygon_clip_engine_instance/constant_c_saved_reg[30]
  -------------------------------------------------------------------
                         required time                         -1.842    
                         arrival time                           1.860    
  -------------------------------------------------------------------
                         slack                                  0.018    

Slack (MET) :             0.034ns  (arrival time - required time)
  Source:                 localization_command_ctrl_instance/polygon_clip_engine_instance/constant_c_saved_reg[38]/C
                            (rising edge-triggered cell FDCE clocked by clk_100mhz  {rise@0.000ns fall@5.000ns period=10.000ns})
  Destination:            localization_command_ctrl_instance/polygon_clip_engine_instance/classifier_instance/constant_c_saved_reg[38]/D
                            (rising edge-triggered cell FDCE clocked by clk_100mhz  {rise@0.000ns fall@5.000ns period=10.000ns})
  Path Group:             clk_100mhz
  Path Type:              Hold (Min at Fast Process Corner)
  Requirement:            0.000ns  (clk_100mhz rise@0.000ns - clk_100mhz rise@0.000ns)
  Data Path Delay:        0.365ns  (logic 0.164ns (44.877%)  route 0.201ns (55.123%))
  Logic Levels:           0  
  Clock Path Skew:        0.272ns (DCD - SCD - CPR)
    Destination Clock Delay (DCD):    1.992ns
    Source Clock Delay      (SCD):    1.476ns
    Clock Pessimism Removal (CPR):    0.244ns

    Location             Delay type                Incr(ns)  Path(ns)    Netlist Resource(s)
  -------------------------------------------------------------------    -------------------
                         (clock clk_100mhz rise edge)
                                                      0.000     0.000 r  
    W5                                                0.000     0.000 r  clk_100mhz_i (IN)
                         net (fo=0)                   0.000     0.000    clk_100mhz_i
    W5                   IBUF (Prop_ibuf_I_O)         0.226     0.226 r  clk_100mhz_i_IBUF_inst/O
                         net (fo=1, routed)           0.631     0.858    clk_100mhz_i_IBUF
    BUFGCTRL_X0Y0        BUFG (Prop_bufg_I_O)         0.026     0.884 r  clk_100mhz_i_IBUF_BUFG_inst/O
                         net (fo=9761, routed)        0.593     1.476    localization_command_ctrl_instance/polygon_clip_engine_instance/clk_100mhz_i_IBUF_BUFG
    SLICE_X60Y50         FDCE                                         r  localization_command_ctrl_instance/polygon_clip_engine_instance/constant_c_saved_reg[38]/C
  -------------------------------------------------------------------    -------------------
    SLICE_X60Y50         FDCE (Prop_fdce_C_Q)         0.164     1.640 r  localization_command_ctrl_instance/polygon_clip_engine_instance/constant_c_saved_reg[38]/Q
                         net (fo=1, routed)           0.201     1.842    localization_command_ctrl_instance/polygon_clip_engine_instance/classifier_instance/constant_c_saved_reg[65]_0[38]
    SLICE_X60Y49         FDCE                                         r  localization_command_ctrl_instance/polygon_clip_engine_instance/classifier_instance/constant_c_saved_reg[38]/D
  -------------------------------------------------------------------    -------------------

                         (clock clk_100mhz rise edge)
                                                      0.000     0.000 r  
    W5                                                0.000     0.000 r  clk_100mhz_i (IN)
                         net (fo=0)                   0.000     0.000    clk_100mhz_i
    W5                   IBUF (Prop_ibuf_I_O)         0.414     0.414 r  clk_100mhz_i_IBUF_inst/O
                         net (fo=1, routed)           0.685     1.099    clk_100mhz_i_IBUF
    BUFGCTRL_X0Y0        BUFG (Prop_bufg_I_O)         0.029     1.128 r  clk_100mhz_i_IBUF_BUFG_inst/O
                         net (fo=9761, routed)        0.865     1.992    localization_command_ctrl_instance/polygon_clip_engine_instance/classifier_instance/clk_100mhz_i_IBUF_BUFG
    SLICE_X60Y49         FDCE                                         r  localization_command_ctrl_instance/polygon_clip_engine_instance/classifier_instance/constant_c_saved_reg[38]/C
                         clock pessimism             -0.244     1.748    
    SLICE_X60Y49         FDCE (Hold_fdce_C_D)         0.060     1.808    localization_command_ctrl_instance/polygon_clip_engine_instance/classifier_instance/constant_c_saved_reg[38]
  -------------------------------------------------------------------
                         required time                         -1.808    
                         arrival time                           1.842    
  -------------------------------------------------------------------
                         slack                                  0.034    

Slack (MET) :             0.034ns  (arrival time - required time)
  Source:                 localization_command_ctrl_instance/polygon_clip_engine_instance/constant_c_saved_reg[31]/C
                            (rising edge-triggered cell FDCE clocked by clk_100mhz  {rise@0.000ns fall@5.000ns period=10.000ns})
  Destination:            localization_command_ctrl_instance/polygon_clip_engine_instance/classifier_instance/constant_c_saved_reg[31]/D
                            (rising edge-triggered cell FDCE clocked by clk_100mhz  {rise@0.000ns fall@5.000ns period=10.000ns})
  Path Group:             clk_100mhz
  Path Type:              Hold (Min at Fast Process Corner)
  Requirement:            0.000ns  (clk_100mhz rise@0.000ns - clk_100mhz rise@0.000ns)
  Data Path Delay:        0.363ns  (logic 0.164ns (45.138%)  route 0.199ns (54.862%))
  Logic Levels:           0  
  Clock Path Skew:        0.270ns (DCD - SCD - CPR)
    Destination Clock Delay (DCD):    1.964ns
    Source Clock Delay      (SCD):    1.450ns
    Clock Pessimism Removal (CPR):    0.244ns

    Location             Delay type                Incr(ns)  Path(ns)    Netlist Resource(s)
  -------------------------------------------------------------------    -------------------
                         (clock clk_100mhz rise edge)
                                                      0.000     0.000 r  
    W5                                                0.000     0.000 r  clk_100mhz_i (IN)
                         net (fo=0)                   0.000     0.000    clk_100mhz_i
    W5                   IBUF (Prop_ibuf_I_O)         0.226     0.226 r  clk_100mhz_i_IBUF_inst/O
                         net (fo=1, routed)           0.631     0.858    clk_100mhz_i_IBUF
    BUFGCTRL_X0Y0        BUFG (Prop_bufg_I_O)         0.026     0.884 r  clk_100mhz_i_IBUF_BUFG_inst/O
                         net (fo=9761, routed)        0.567     1.450    localization_command_ctrl_instance/polygon_clip_engine_instance/clk_100mhz_i_IBUF_BUFG
    SLICE_X56Y50         FDCE                                         r  localization_command_ctrl_instance/polygon_clip_engine_instance/constant_c_saved_reg[31]/C
  -------------------------------------------------------------------    -------------------
    SLICE_X56Y50         FDCE (Prop_fdce_C_Q)         0.164     1.614 r  localization_command_ctrl_instance/polygon_clip_engine_instance/constant_c_saved_reg[31]/Q
                         net (fo=1, routed)           0.199     1.814    localization_command_ctrl_instance/polygon_clip_engine_instance/classifier_instance/constant_c_saved_reg[65]_0[31]
    SLICE_X56Y45         FDCE                                         r  localization_command_ctrl_instance/polygon_clip_engine_instance/classifier_instance/constant_c_saved_reg[31]/D
  -------------------------------------------------------------------    -------------------

                         (clock clk_100mhz rise edge)
                                                      0.000     0.000 r  
    W5                                                0.000     0.000 r  clk_100mhz_i (IN)
                         net (fo=0)                   0.000     0.000    clk_100mhz_i
    W5                   IBUF (Prop_ibuf_I_O)         0.414     0.414 r  clk_100mhz_i_IBUF_inst/O
                         net (fo=1, routed)           0.685     1.099    clk_100mhz_i_IBUF
    BUFGCTRL_X0Y0        BUFG (Prop_bufg_I_O)         0.029     1.128 r  clk_100mhz_i_IBUF_BUFG_inst/O
                         net (fo=9761, routed)        0.837     1.964    localization_command_ctrl_instance/polygon_clip_engine_instance/classifier_instance/clk_100mhz_i_IBUF_BUFG
    SLICE_X56Y45         FDCE                                         r  localization_command_ctrl_instance/polygon_clip_engine_instance/classifier_instance/constant_c_saved_reg[31]/C
                         clock pessimism             -0.244     1.720    
    SLICE_X56Y45         FDCE (Hold_fdce_C_D)         0.059     1.779    localization_command_ctrl_instance/polygon_clip_engine_instance/classifier_instance/constant_c_saved_reg[31]
  -------------------------------------------------------------------
                         required time                         -1.779    
                         arrival time                           1.814    
  -------------------------------------------------------------------
                         slack                                  0.034    

Slack (MET) :             0.039ns  (arrival time - required time)
  Source:                 localization_command_ctrl_instance/current_vertex_count_reg[10]/C
                            (rising edge-triggered cell FDCE clocked by clk_100mhz  {rise@0.000ns fall@5.000ns period=10.000ns})
  Destination:            localization_command_ctrl_instance/polygon_clip_engine_instance/FSM_onehot_state_current_reg[11]/D
                            (rising edge-triggered cell FDCE clocked by clk_100mhz  {rise@0.000ns fall@5.000ns period=10.000ns})
  Path Group:             clk_100mhz
  Path Type:              Hold (Min at Fast Process Corner)
  Requirement:            0.000ns  (clk_100mhz rise@0.000ns - clk_100mhz rise@0.000ns)
  Data Path Delay:        0.427ns  (logic 0.209ns (48.904%)  route 0.218ns (51.096%))
  Logic Levels:           1  (LUT3=1)
  Clock Path Skew:        0.268ns (DCD - SCD - CPR)
    Destination Clock Delay (DCD):    1.958ns
    Source Clock Delay      (SCD):    1.446ns
    Clock Pessimism Removal (CPR):    0.244ns

    Location             Delay type                Incr(ns)  Path(ns)    Netlist Resource(s)
  -------------------------------------------------------------------    -------------------
                         (clock clk_100mhz rise edge)
                                                      0.000     0.000 r  
    W5                                                0.000     0.000 r  clk_100mhz_i (IN)
                         net (fo=0)                   0.000     0.000    clk_100mhz_i
    W5                   IBUF (Prop_ibuf_I_O)         0.226     0.226 r  clk_100mhz_i_IBUF_inst/O
                         net (fo=1, routed)           0.631     0.858    clk_100mhz_i_IBUF
    BUFGCTRL_X0Y0        BUFG (Prop_bufg_I_O)         0.026     0.884 r  clk_100mhz_i_IBUF_BUFG_inst/O
                         net (fo=9761, routed)        0.563     1.446    localization_command_ctrl_instance/clk_100mhz_i_IBUF_BUFG
    SLICE_X34Y49         FDCE                                         r  localization_command_ctrl_instance/current_vertex_count_reg[10]/C
  -------------------------------------------------------------------    -------------------
    SLICE_X34Y49         FDCE (Prop_fdce_C_Q)         0.164     1.610 r  localization_command_ctrl_instance/current_vertex_count_reg[10]/Q
                         net (fo=14, routed)          0.218     1.828    localization_command_ctrl_instance/polygon_clip_engine_instance/input_vertex_count_saved_reg[10]_0[10]
    SLICE_X30Y51         LUT3 (Prop_lut3_I1_O)        0.045     1.873 r  localization_command_ctrl_instance/polygon_clip_engine_instance/FSM_onehot_state_current[11]_i_1/O
                         net (fo=1, routed)           0.000     1.873    localization_command_ctrl_instance/polygon_clip_engine_instance/FSM_onehot_state_current[11]_i_1_n_0
    SLICE_X30Y51         FDCE                                         r  localization_command_ctrl_instance/polygon_clip_engine_instance/FSM_onehot_state_current_reg[11]/D
  -------------------------------------------------------------------    -------------------

                         (clock clk_100mhz rise edge)
                                                      0.000     0.000 r  
    W5                                                0.000     0.000 r  clk_100mhz_i (IN)
                         net (fo=0)                   0.000     0.000    clk_100mhz_i
    W5                   IBUF (Prop_ibuf_I_O)         0.414     0.414 r  clk_100mhz_i_IBUF_inst/O
                         net (fo=1, routed)           0.685     1.099    clk_100mhz_i_IBUF
    BUFGCTRL_X0Y0        BUFG (Prop_bufg_I_O)         0.029     1.128 r  clk_100mhz_i_IBUF_BUFG_inst/O
                         net (fo=9761, routed)        0.830     1.958    localization_command_ctrl_instance/polygon_clip_engine_instance/clk_100mhz_i_IBUF_BUFG
    SLICE_X30Y51         FDCE                                         r  localization_command_ctrl_instance/polygon_clip_engine_instance/FSM_onehot_state_current_reg[11]/C
                         clock pessimism             -0.244     1.714    
    SLICE_X30Y51         FDCE (Hold_fdce_C_D)         0.120     1.834    localization_command_ctrl_instance/polygon_clip_engine_instance/FSM_onehot_state_current_reg[11]
  -------------------------------------------------------------------
                         required time                         -1.834    
                         arrival time                           1.873    
  -------------------------------------------------------------------
                         slack                                  0.039    

Slack (MET) :             0.043ns  (arrival time - required time)
  Source:                 localization_command_ctrl_instance/polygon_clip_engine_instance/start_value_saved_reg[58]/C
                            (rising edge-triggered cell FDCE clocked by clk_100mhz  {rise@0.000ns fall@5.000ns period=10.000ns})
  Destination:            localization_command_ctrl_instance/polygon_clip_engine_instance/intersection_instance/start_value_saved_reg[58]/D
                            (rising edge-triggered cell FDCE clocked by clk_100mhz  {rise@0.000ns fall@5.000ns period=10.000ns})
  Path Group:             clk_100mhz
  Path Type:              Hold (Min at Fast Process Corner)
  Requirement:            0.000ns  (clk_100mhz rise@0.000ns - clk_100mhz rise@0.000ns)
  Data Path Delay:        0.374ns  (logic 0.141ns (37.718%)  route 0.233ns (62.282%))
  Logic Levels:           0  
  Clock Path Skew:        0.268ns (DCD - SCD - CPR)
    Destination Clock Delay (DCD):    1.959ns
    Source Clock Delay      (SCD):    1.447ns
    Clock Pessimism Removal (CPR):    0.244ns

    Location             Delay type                Incr(ns)  Path(ns)    Netlist Resource(s)
  -------------------------------------------------------------------    -------------------
                         (clock clk_100mhz rise edge)
                                                      0.000     0.000 r  
    W5                                                0.000     0.000 r  clk_100mhz_i (IN)
                         net (fo=0)                   0.000     0.000    clk_100mhz_i
    W5                   IBUF (Prop_ibuf_I_O)         0.226     0.226 r  clk_100mhz_i_IBUF_inst/O
                         net (fo=1, routed)           0.631     0.858    clk_100mhz_i_IBUF
    BUFGCTRL_X0Y0        BUFG (Prop_bufg_I_O)         0.026     0.884 r  clk_100mhz_i_IBUF_BUFG_inst/O
                         net (fo=9761, routed)        0.564     1.447    localization_command_ctrl_instance/polygon_clip_engine_instance/clk_100mhz_i_IBUF_BUFG
    SLICE_X40Y49         FDCE                                         r  localization_command_ctrl_instance/polygon_clip_engine_instance/start_value_saved_reg[58]/C
  -------------------------------------------------------------------    -------------------
    SLICE_X40Y49         FDCE (Prop_fdce_C_Q)         0.141     1.588 r  localization_command_ctrl_instance/polygon_clip_engine_instance/start_value_saved_reg[58]/Q
                         net (fo=3, routed)           0.233     1.821    localization_command_ctrl_instance/polygon_clip_engine_instance/intersection_instance/start_value_saved_reg[65]_0[58]
    SLICE_X41Y50         FDCE                                         r  localization_command_ctrl_instance/polygon_clip_engine_instance/intersection_instance/start_value_saved_reg[58]/D
  -------------------------------------------------------------------    -------------------

                         (clock clk_100mhz rise edge)
                                                      0.000     0.000 r  
    W5                                                0.000     0.000 r  clk_100mhz_i (IN)
                         net (fo=0)                   0.000     0.000    clk_100mhz_i
    W5                   IBUF (Prop_ibuf_I_O)         0.414     0.414 r  clk_100mhz_i_IBUF_inst/O
                         net (fo=1, routed)           0.685     1.099    clk_100mhz_i_IBUF
    BUFGCTRL_X0Y0        BUFG (Prop_bufg_I_O)         0.029     1.128 r  clk_100mhz_i_IBUF_BUFG_inst/O
                         net (fo=9761, routed)        0.832     1.959    localization_command_ctrl_instance/polygon_clip_engine_instance/intersection_instance/clk_100mhz_i_IBUF_BUFG
    SLICE_X41Y50         FDCE                                         r  localization_command_ctrl_instance/polygon_clip_engine_instance/intersection_instance/start_value_saved_reg[58]/C
                         clock pessimism             -0.244     1.715    
    SLICE_X41Y50         FDCE (Hold_fdce_C_D)         0.063     1.778    localization_command_ctrl_instance/polygon_clip_engine_instance/intersection_instance/start_value_saved_reg[58]
  -------------------------------------------------------------------
                         required time                         -1.778    
                         arrival time                           1.821    
  -------------------------------------------------------------------
                         slack                                  0.043    

Slack (MET) :             0.048ns  (arrival time - required time)
  Source:                 localization_command_ctrl_instance/polygon_clip_engine_instance/classifier_instance/evaluation_saved_reg[53]/C
                            (rising edge-triggered cell FDCE clocked by clk_100mhz  {rise@0.000ns fall@5.000ns period=10.000ns})
  Destination:            localization_command_ctrl_instance/polygon_clip_engine_instance/classifier_instance/function_value_result_reg[53]/D
                            (rising edge-triggered cell FDCE clocked by clk_100mhz  {rise@0.000ns fall@5.000ns period=10.000ns})
  Path Group:             clk_100mhz
  Path Type:              Hold (Min at Fast Process Corner)
  Requirement:            0.000ns  (clk_100mhz rise@0.000ns - clk_100mhz rise@0.000ns)
  Data Path Delay:        0.391ns  (logic 0.164ns (41.960%)  route 0.227ns (58.040%))
  Logic Levels:           0  
  Clock Path Skew:        0.272ns (DCD - SCD - CPR)
    Destination Clock Delay (DCD):    1.964ns
    Source Clock Delay      (SCD):    1.448ns
    Clock Pessimism Removal (CPR):    0.244ns

    Location             Delay type                Incr(ns)  Path(ns)    Netlist Resource(s)
  -------------------------------------------------------------------    -------------------
                         (clock clk_100mhz rise edge)
                                                      0.000     0.000 r  
    W5                                                0.000     0.000 r  clk_100mhz_i (IN)
                         net (fo=0)                   0.000     0.000    clk_100mhz_i
    W5                   IBUF (Prop_ibuf_I_O)         0.226     0.226 r  clk_100mhz_i_IBUF_inst/O
                         net (fo=1, routed)           0.631     0.858    clk_100mhz_i_IBUF
    BUFGCTRL_X0Y0        BUFG (Prop_bufg_I_O)         0.026     0.884 r  clk_100mhz_i_IBUF_BUFG_inst/O
                         net (fo=9761, routed)        0.565     1.448    localization_command_ctrl_instance/polygon_clip_engine_instance/classifier_instance/clk_100mhz_i_IBUF_BUFG
    SLICE_X52Y51         FDCE                                         r  localization_command_ctrl_instance/polygon_clip_engine_instance/classifier_instance/evaluation_saved_reg[53]/C
  -------------------------------------------------------------------    -------------------
    SLICE_X52Y51         FDCE (Prop_fdce_C_Q)         0.164     1.612 r  localization_command_ctrl_instance/polygon_clip_engine_instance/classifier_instance/evaluation_saved_reg[53]/Q
                         net (fo=2, routed)           0.227     1.839    localization_command_ctrl_instance/polygon_clip_engine_instance/classifier_instance/evaluation_saved[53]
    SLICE_X49Y48         FDCE                                         r  localization_command_ctrl_instance/polygon_clip_engine_instance/classifier_instance/function_value_result_reg[53]/D
  -------------------------------------------------------------------    -------------------

                         (clock clk_100mhz rise edge)
                                                      0.000     0.000 r  
    W5                                                0.000     0.000 r  clk_100mhz_i (IN)
                         net (fo=0)                   0.000     0.000    clk_100mhz_i
    W5                   IBUF (Prop_ibuf_I_O)         0.414     0.414 r  clk_100mhz_i_IBUF_inst/O
                         net (fo=1, routed)           0.685     1.099    clk_100mhz_i_IBUF
    BUFGCTRL_X0Y0        BUFG (Prop_bufg_I_O)         0.029     1.128 r  clk_100mhz_i_IBUF_BUFG_inst/O
                         net (fo=9761, routed)        0.837     1.964    localization_command_ctrl_instance/polygon_clip_engine_instance/classifier_instance/clk_100mhz_i_IBUF_BUFG
    SLICE_X49Y48         FDCE                                         r  localization_command_ctrl_instance/polygon_clip_engine_instance/classifier_instance/function_value_result_reg[53]/C
                         clock pessimism             -0.244     1.720    
    SLICE_X49Y48         FDCE (Hold_fdce_C_D)         0.071     1.791    localization_command_ctrl_instance/polygon_clip_engine_instance/classifier_instance/function_value_result_reg[53]
  -------------------------------------------------------------------
                         required time                         -1.791    
                         arrival time                           1.839    
  -------------------------------------------------------------------
                         slack                                  0.048    

Slack (MET) :             0.049ns  (arrival time - required time)
  Source:                 localization_command_ctrl_instance/bearing_constraint_gen_instance/coefficient_a_result_reg[3]/C
                            (rising edge-triggered cell FDRE clocked by clk_100mhz  {rise@0.000ns fall@5.000ns period=10.000ns})
  Destination:            localization_command_ctrl_instance/lower_coefficient_a_reg[3]/D
                            (rising edge-triggered cell FDCE clocked by clk_100mhz  {rise@0.000ns fall@5.000ns period=10.000ns})
  Path Group:             clk_100mhz
  Path Type:              Hold (Min at Fast Process Corner)
  Requirement:            0.000ns  (clk_100mhz rise@0.000ns - clk_100mhz rise@0.000ns)
  Data Path Delay:        0.398ns  (logic 0.141ns (35.458%)  route 0.257ns (64.542%))
  Logic Levels:           0  
  Clock Path Skew:        0.273ns (DCD - SCD - CPR)
    Destination Clock Delay (DCD):    1.992ns
    Source Clock Delay      (SCD):    1.475ns
    Clock Pessimism Removal (CPR):    0.244ns

    Location             Delay type                Incr(ns)  Path(ns)    Netlist Resource(s)
  -------------------------------------------------------------------    -------------------
                         (clock clk_100mhz rise edge)
                                                      0.000     0.000 r  
    W5                                                0.000     0.000 r  clk_100mhz_i (IN)
                         net (fo=0)                   0.000     0.000    clk_100mhz_i
    W5                   IBUF (Prop_ibuf_I_O)         0.226     0.226 r  clk_100mhz_i_IBUF_inst/O
                         net (fo=1, routed)           0.631     0.858    clk_100mhz_i_IBUF
    BUFGCTRL_X0Y0        BUFG (Prop_bufg_I_O)         0.026     0.884 r  clk_100mhz_i_IBUF_BUFG_inst/O
                         net (fo=9761, routed)        0.592     1.475    localization_command_ctrl_instance/bearing_constraint_gen_instance/clk_100mhz_i_IBUF_BUFG
    SLICE_X59Y55         FDRE                                         r  localization_command_ctrl_instance/bearing_constraint_gen_instance/coefficient_a_result_reg[3]/C
  -------------------------------------------------------------------    -------------------
    SLICE_X59Y55         FDRE (Prop_fdre_C_Q)         0.141     1.616 r  localization_command_ctrl_instance/bearing_constraint_gen_instance/coefficient_a_result_reg[3]/Q
                         net (fo=2, routed)           0.257     1.873    localization_command_ctrl_instance/constraint_a[3]
    SLICE_X60Y47         FDCE                                         r  localization_command_ctrl_instance/lower_coefficient_a_reg[3]/D
  -------------------------------------------------------------------    -------------------

                         (clock clk_100mhz rise edge)
                                                      0.000     0.000 r  
    W5                                                0.000     0.000 r  clk_100mhz_i (IN)
                         net (fo=0)                   0.000     0.000    clk_100mhz_i
    W5                   IBUF (Prop_ibuf_I_O)         0.414     0.414 r  clk_100mhz_i_IBUF_inst/O
                         net (fo=1, routed)           0.685     1.099    clk_100mhz_i_IBUF
    BUFGCTRL_X0Y0        BUFG (Prop_bufg_I_O)         0.029     1.128 r  clk_100mhz_i_IBUF_BUFG_inst/O
                         net (fo=9761, routed)        0.865     1.992    localization_command_ctrl_instance/clk_100mhz_i_IBUF_BUFG
    SLICE_X60Y47         FDCE                                         r  localization_command_ctrl_instance/lower_coefficient_a_reg[3]/C
                         clock pessimism             -0.244     1.748    
    SLICE_X60Y47         FDCE (Hold_fdce_C_D)         0.076     1.824    localization_command_ctrl_instance/lower_coefficient_a_reg[3]
  -------------------------------------------------------------------
                         required time                         -1.824    
                         arrival time                           1.873    
  -------------------------------------------------------------------
                         slack                                  0.049    

Slack (MET) :             0.052ns  (arrival time - required time)
  Source:                 localization_command_ctrl_instance/bearing_constraint_gen_instance/coefficient_a_result_reg[1]/C
                            (rising edge-triggered cell FDRE clocked by clk_100mhz  {rise@0.000ns fall@5.000ns period=10.000ns})
  Destination:            localization_command_ctrl_instance/lower_coefficient_a_reg[1]/D
                            (rising edge-triggered cell FDCE clocked by clk_100mhz  {rise@0.000ns fall@5.000ns period=10.000ns})
  Path Group:             clk_100mhz
  Path Type:              Hold (Min at Fast Process Corner)
  Requirement:            0.000ns  (clk_100mhz rise@0.000ns - clk_100mhz rise@0.000ns)
  Data Path Delay:        0.400ns  (logic 0.141ns (35.221%)  route 0.259ns (64.779%))
  Logic Levels:           0  
  Clock Path Skew:        0.273ns (DCD - SCD - CPR)
    Destination Clock Delay (DCD):    1.992ns
    Source Clock Delay      (SCD):    1.475ns
    Clock Pessimism Removal (CPR):    0.244ns

    Location             Delay type                Incr(ns)  Path(ns)    Netlist Resource(s)
  -------------------------------------------------------------------    -------------------
                         (clock clk_100mhz rise edge)
                                                      0.000     0.000 r  
    W5                                                0.000     0.000 r  clk_100mhz_i (IN)
                         net (fo=0)                   0.000     0.000    clk_100mhz_i
    W5                   IBUF (Prop_ibuf_I_O)         0.226     0.226 r  clk_100mhz_i_IBUF_inst/O
                         net (fo=1, routed)           0.631     0.858    clk_100mhz_i_IBUF
    BUFGCTRL_X0Y0        BUFG (Prop_bufg_I_O)         0.026     0.884 r  clk_100mhz_i_IBUF_BUFG_inst/O
                         net (fo=9761, routed)        0.592     1.475    localization_command_ctrl_instance/bearing_constraint_gen_instance/clk_100mhz_i_IBUF_BUFG
    SLICE_X58Y55         FDRE                                         r  localization_command_ctrl_instance/bearing_constraint_gen_instance/coefficient_a_result_reg[1]/C
  -------------------------------------------------------------------    -------------------
    SLICE_X58Y55         FDRE (Prop_fdre_C_Q)         0.141     1.616 r  localization_command_ctrl_instance/bearing_constraint_gen_instance/coefficient_a_result_reg[1]/Q
                         net (fo=2, routed)           0.259     1.876    localization_command_ctrl_instance/constraint_a[1]
    SLICE_X60Y47         FDCE                                         r  localization_command_ctrl_instance/lower_coefficient_a_reg[1]/D
  -------------------------------------------------------------------    -------------------

                         (clock clk_100mhz rise edge)
                                                      0.000     0.000 r  
    W5                                                0.000     0.000 r  clk_100mhz_i (IN)
                         net (fo=0)                   0.000     0.000    clk_100mhz_i
    W5                   IBUF (Prop_ibuf_I_O)         0.414     0.414 r  clk_100mhz_i_IBUF_inst/O
                         net (fo=1, routed)           0.685     1.099    clk_100mhz_i_IBUF
    BUFGCTRL_X0Y0        BUFG (Prop_bufg_I_O)         0.029     1.128 r  clk_100mhz_i_IBUF_BUFG_inst/O
                         net (fo=9761, routed)        0.865     1.992    localization_command_ctrl_instance/clk_100mhz_i_IBUF_BUFG
    SLICE_X60Y47         FDCE                                         r  localization_command_ctrl_instance/lower_coefficient_a_reg[1]/C
                         clock pessimism             -0.244     1.748    
    SLICE_X60Y47         FDCE (Hold_fdce_C_D)         0.075     1.823    localization_command_ctrl_instance/lower_coefficient_a_reg[1]
  -------------------------------------------------------------------
                         required time                         -1.823    
                         arrival time                           1.876    
  -------------------------------------------------------------------
                         slack                                  0.052    

Slack (MET) :             0.054ns  (arrival time - required time)
  Source:                 localization_command_ctrl_instance/child_reset_result_reg/C
                            (rising edge-triggered cell FDCE clocked by clk_100mhz  {rise@0.000ns fall@5.000ns period=10.000ns})
  Destination:            localization_command_ctrl_instance/vertex_ram_dual_buffer_instance/port_1_read_valid_result_reg/D
                            (rising edge-triggered cell FDRE clocked by clk_100mhz  {rise@0.000ns fall@5.000ns period=10.000ns})
  Path Group:             clk_100mhz
  Path Type:              Hold (Min at Fast Process Corner)
  Requirement:            0.000ns  (clk_100mhz rise@0.000ns - clk_100mhz rise@0.000ns)
  Data Path Delay:        0.419ns  (logic 0.186ns (44.354%)  route 0.233ns (55.646%))
  Logic Levels:           1  (LUT5=1)
  Clock Path Skew:        0.273ns (DCD - SCD - CPR)
    Destination Clock Delay (DCD):    1.961ns
    Source Clock Delay      (SCD):    1.444ns
    Clock Pessimism Removal (CPR):    0.244ns

    Location             Delay type                Incr(ns)  Path(ns)    Netlist Resource(s)
  -------------------------------------------------------------------    -------------------
                         (clock clk_100mhz rise edge)
                                                      0.000     0.000 r  
    W5                                                0.000     0.000 r  clk_100mhz_i (IN)
                         net (fo=0)                   0.000     0.000    clk_100mhz_i
    W5                   IBUF (Prop_ibuf_I_O)         0.226     0.226 r  clk_100mhz_i_IBUF_inst/O
                         net (fo=1, routed)           0.631     0.858    clk_100mhz_i_IBUF
    BUFGCTRL_X0Y0        BUFG (Prop_bufg_I_O)         0.026     0.884 r  clk_100mhz_i_IBUF_BUFG_inst/O
                         net (fo=9761, routed)        0.561     1.444    localization_command_ctrl_instance/clk_100mhz_i_IBUF_BUFG
    SLICE_X29Y53         FDCE                                         r  localization_command_ctrl_instance/child_reset_result_reg/C
  -------------------------------------------------------------------    -------------------
    SLICE_X29Y53         FDCE (Prop_fdce_C_Q)         0.141     1.585 f  localization_command_ctrl_instance/child_reset_result_reg/Q
                         net (fo=6, routed)           0.233     1.819    localization_command_ctrl_instance/polygon_diameter_engine_instance/child_reset_result
    SLICE_X29Y49         LUT5 (Prop_lut5_I3_O)        0.045     1.864 r  localization_command_ctrl_instance/polygon_diameter_engine_instance/port_1_read_valid_result_i_1/O
                         net (fo=1, routed)           0.000     1.864    localization_command_ctrl_instance/vertex_ram_dual_buffer_instance/port_1_read_valid_result_reg_0
    SLICE_X29Y49         FDRE                                         r  localization_command_ctrl_instance/vertex_ram_dual_buffer_instance/port_1_read_valid_result_reg/D
  -------------------------------------------------------------------    -------------------

                         (clock clk_100mhz rise edge)
                                                      0.000     0.000 r  
    W5                                                0.000     0.000 r  clk_100mhz_i (IN)
                         net (fo=0)                   0.000     0.000    clk_100mhz_i
    W5                   IBUF (Prop_ibuf_I_O)         0.414     0.414 r  clk_100mhz_i_IBUF_inst/O
                         net (fo=1, routed)           0.685     1.099    clk_100mhz_i_IBUF
    BUFGCTRL_X0Y0        BUFG (Prop_bufg_I_O)         0.029     1.128 r  clk_100mhz_i_IBUF_BUFG_inst/O
                         net (fo=9761, routed)        0.834     1.961    localization_command_ctrl_instance/vertex_ram_dual_buffer_instance/clk_100mhz_i_IBUF_BUFG
    SLICE_X29Y49         FDRE                                         r  localization_command_ctrl_instance/vertex_ram_dual_buffer_instance/port_1_read_valid_result_reg/C
                         clock pessimism             -0.244     1.717    
    SLICE_X29Y49         FDRE (Hold_fdre_C_D)         0.092     1.809    localization_command_ctrl_instance/vertex_ram_dual_buffer_instance/port_1_read_valid_result_reg
  -------------------------------------------------------------------
                         required time                         -1.809    
                         arrival time                           1.864    
  -------------------------------------------------------------------
                         slack                                  0.054    

Slack (MET) :             0.054ns  (arrival time - required time)
  Source:                 localization_command_ctrl_instance/bearing_constraint_gen_instance/product_x_saved_reg[11]/C
                            (rising edge-triggered cell FDRE clocked by clk_100mhz  {rise@0.000ns fall@5.000ns period=10.000ns})
  Destination:            localization_command_ctrl_instance/bearing_constraint_gen_instance/constant_c_result_reg[12]/D
                            (rising edge-triggered cell FDRE clocked by clk_100mhz  {rise@0.000ns fall@5.000ns period=10.000ns})
  Path Group:             clk_100mhz
  Path Type:              Hold (Min at Fast Process Corner)
  Requirement:            0.000ns  (clk_100mhz rise@0.000ns - clk_100mhz rise@0.000ns)
  Data Path Delay:        0.427ns  (logic 0.355ns (83.065%)  route 0.072ns (16.935%))
  Logic Levels:           3  (CARRY4=2 LUT2=1)
  Clock Path Skew:        0.268ns (DCD - SCD - CPR)
    Destination Clock Delay (DCD):    1.962ns
    Source Clock Delay      (SCD):    1.450ns
    Clock Pessimism Removal (CPR):    0.244ns

    Location             Delay type                Incr(ns)  Path(ns)    Netlist Resource(s)
  -------------------------------------------------------------------    -------------------
                         (clock clk_100mhz rise edge)
                                                      0.000     0.000 r  
    W5                                                0.000     0.000 r  clk_100mhz_i (IN)
                         net (fo=0)                   0.000     0.000    clk_100mhz_i
    W5                   IBUF (Prop_ibuf_I_O)         0.226     0.226 r  clk_100mhz_i_IBUF_inst/O
                         net (fo=1, routed)           0.631     0.858    clk_100mhz_i_IBUF
    BUFGCTRL_X0Y0        BUFG (Prop_bufg_I_O)         0.026     0.884 r  clk_100mhz_i_IBUF_BUFG_inst/O
                         net (fo=9761, routed)        0.567     1.450    localization_command_ctrl_instance/bearing_constraint_gen_instance/clk_100mhz_i_IBUF_BUFG
    SLICE_X49Y49         FDRE                                         r  localization_command_ctrl_instance/bearing_constraint_gen_instance/product_x_saved_reg[11]/C
  -------------------------------------------------------------------    -------------------
    SLICE_X49Y49         FDRE (Prop_fdre_C_Q)         0.141     1.591 r  localization_command_ctrl_instance/bearing_constraint_gen_instance/product_x_saved_reg[11]/Q
                         net (fo=2, routed)           0.072     1.663    localization_command_ctrl_instance/bearing_constraint_gen_instance/product_x_saved_reg_n_0_[11]
    SLICE_X48Y49         LUT2 (Prop_lut2_I0_O)        0.045     1.708 r  localization_command_ctrl_instance/bearing_constraint_gen_instance/constant_c_result[11]_i_2/O
                         net (fo=1, routed)           0.000     1.708    localization_command_ctrl_instance/bearing_constraint_gen_instance/constant_c_result[11]_i_2_n_0
    SLICE_X48Y49         CARRY4 (Prop_carry4_S[3]_CO[3])
                                                      0.115     1.823 r  localization_command_ctrl_instance/bearing_constraint_gen_instance/constant_c_result_reg[11]_i_1/CO[3]
                         net (fo=1, routed)           0.001     1.824    localization_command_ctrl_instance/bearing_constraint_gen_instance/constant_c_result_reg[11]_i_1_n_0
    SLICE_X48Y50         CARRY4 (Prop_carry4_CI_O[0])
                                                      0.054     1.878 r  localization_command_ctrl_instance/bearing_constraint_gen_instance/constant_c_result_reg[15]_i_1/O[0]
                         net (fo=1, routed)           0.000     1.878    localization_command_ctrl_instance/bearing_constraint_gen_instance/product_sum[12]
    SLICE_X48Y50         FDRE                                         r  localization_command_ctrl_instance/bearing_constraint_gen_instance/constant_c_result_reg[12]/D
  -------------------------------------------------------------------    -------------------

                         (clock clk_100mhz rise edge)
                                                      0.000     0.000 r  
    W5                                                0.000     0.000 r  clk_100mhz_i (IN)
                         net (fo=0)                   0.000     0.000    clk_100mhz_i
    W5                   IBUF (Prop_ibuf_I_O)         0.414     0.414 r  clk_100mhz_i_IBUF_inst/O
                         net (fo=1, routed)           0.685     1.099    clk_100mhz_i_IBUF
    BUFGCTRL_X0Y0        BUFG (Prop_bufg_I_O)         0.029     1.128 r  clk_100mhz_i_IBUF_BUFG_inst/O
                         net (fo=9761, routed)        0.834     1.962    localization_command_ctrl_instance/bearing_constraint_gen_instance/clk_100mhz_i_IBUF_BUFG
    SLICE_X48Y50         FDRE                                         r  localization_command_ctrl_instance/bearing_constraint_gen_instance/constant_c_result_reg[12]/C
                         clock pessimism             -0.244     1.718    
    SLICE_X48Y50         FDRE (Hold_fdre_C_D)         0.105     1.823    localization_command_ctrl_instance/bearing_constraint_gen_instance/constant_c_result_reg[12]
  -------------------------------------------------------------------
                         required time                         -1.823    
                         arrival time                           1.878    
  -------------------------------------------------------------------
                         slack                                  0.054    





Pulse Width Checks
--------------------------------------------------------------------------------------
Clock Name:         clk_100mhz
Waveform(ns):       { 0.000 5.000 }
Period(ns):         10.000
Sources:            { clk_100mhz_i }

Check Type        Corner  Lib Pin             Reference Pin  Required(ns)  Actual(ns)  Slack(ns)  Location     Pin
Min Period        n/a     DSP48E1/CLK         n/a            3.884         10.000      6.116      DSP48_X1Y23  localization_command_ctrl_instance/bearing_constraint_gen_instance/multiplier_product_saved_reg/CLK
Min Period        n/a     DSP48E1/CLK         n/a            3.687         10.000      6.313      DSP48_X1Y25  localization_command_ctrl_instance/bearing_constraint_gen_instance/multiplier_product_saved_reg__0/CLK
Min Period        n/a     RAMB36E1/CLKARDCLK  n/a            2.944         10.000      7.056      RAMB36_X0Y5  localization_command_ctrl_instance/vertex_ram_dual_buffer_instance/vertex_memory_reg_0/CLKARDCLK
Min Period        n/a     RAMB36E1/CLKBWRCLK  n/a            2.944         10.000      7.056      RAMB36_X0Y5  localization_command_ctrl_instance/vertex_ram_dual_buffer_instance/vertex_memory_reg_0/CLKBWRCLK
Min Period        n/a     RAMB36E1/CLKARDCLK  n/a            2.944         10.000      7.056      RAMB36_X0Y6  localization_command_ctrl_instance/vertex_ram_dual_buffer_instance/vertex_memory_reg_1/CLKARDCLK
Min Period        n/a     RAMB36E1/CLKBWRCLK  n/a            2.944         10.000      7.056      RAMB36_X0Y6  localization_command_ctrl_instance/vertex_ram_dual_buffer_instance/vertex_memory_reg_1/CLKBWRCLK
Min Period        n/a     RAMB36E1/CLKARDCLK  n/a            2.944         10.000      7.056      RAMB36_X0Y8  localization_command_ctrl_instance/vertex_ram_dual_buffer_instance/vertex_memory_reg_2/CLKARDCLK
Min Period        n/a     RAMB36E1/CLKBWRCLK  n/a            2.944         10.000      7.056      RAMB36_X0Y8  localization_command_ctrl_instance/vertex_ram_dual_buffer_instance/vertex_memory_reg_2/CLKBWRCLK
Min Period        n/a     RAMB36E1/CLKARDCLK  n/a            2.944         10.000      7.056      RAMB36_X0Y9  localization_command_ctrl_instance/vertex_ram_dual_buffer_instance/vertex_memory_reg_3/CLKARDCLK
Min Period        n/a     RAMB36E1/CLKBWRCLK  n/a            2.944         10.000      7.056      RAMB36_X0Y9  localization_command_ctrl_instance/vertex_ram_dual_buffer_instance/vertex_memory_reg_3/CLKBWRCLK
Low Pulse Width   Slow    FDRE/C              n/a            0.500         5.000       4.500      SLICE_X2Y42  difference_x_saved_reg[11]_i_6/C
Low Pulse Width   Fast    FDRE/C              n/a            0.500         5.000       4.500      SLICE_X2Y42  difference_x_saved_reg[11]_i_6/C
Low Pulse Width   Slow    FDRE/C              n/a            0.500         5.000       4.500      SLICE_X2Y42  difference_x_saved_reg[11]_i_7/C
Low Pulse Width   Fast    FDRE/C              n/a            0.500         5.000       4.500      SLICE_X2Y42  difference_x_saved_reg[11]_i_7/C
Low Pulse Width   Slow    FDRE/C              n/a            0.500         5.000       4.500      SLICE_X2Y42  difference_x_saved_reg[11]_i_8/C
Low Pulse Width   Fast    FDRE/C              n/a            0.500         5.000       4.500      SLICE_X2Y42  difference_x_saved_reg[11]_i_8/C
Low Pulse Width   Slow    FDRE/C              n/a            0.500         5.000       4.500      SLICE_X2Y42  difference_x_saved_reg[11]_i_9/C
Low Pulse Width   Fast    FDRE/C              n/a            0.500         5.000       4.500      SLICE_X2Y42  difference_x_saved_reg[11]_i_9/C
Low Pulse Width   Slow    FDRE/C              n/a            0.500         5.000       4.500      SLICE_X3Y43  difference_x_saved_reg[15]_i_6/C
Low Pulse Width   Fast    FDRE/C              n/a            0.500         5.000       4.500      SLICE_X3Y43  difference_x_saved_reg[15]_i_6/C
High Pulse Width  Slow    FDRE/C              n/a            0.500         5.000       4.500      SLICE_X2Y42  difference_x_saved_reg[11]_i_6/C
High Pulse Width  Fast    FDRE/C              n/a            0.500         5.000       4.500      SLICE_X2Y42  difference_x_saved_reg[11]_i_6/C
High Pulse Width  Slow    FDRE/C              n/a            0.500         5.000       4.500      SLICE_X2Y42  difference_x_saved_reg[11]_i_7/C
High Pulse Width  Fast    FDRE/C              n/a            0.500         5.000       4.500      SLICE_X2Y42  difference_x_saved_reg[11]_i_7/C
High Pulse Width  Slow    FDRE/C              n/a            0.500         5.000       4.500      SLICE_X2Y42  difference_x_saved_reg[11]_i_8/C
High Pulse Width  Fast    FDRE/C              n/a            0.500         5.000       4.500      SLICE_X2Y42  difference_x_saved_reg[11]_i_8/C
High Pulse Width  Slow    FDRE/C              n/a            0.500         5.000       4.500      SLICE_X2Y42  difference_x_saved_reg[11]_i_9/C
High Pulse Width  Fast    FDRE/C              n/a            0.500         5.000       4.500      SLICE_X2Y42  difference_x_saved_reg[11]_i_9/C
High Pulse Width  Slow    FDRE/C              n/a            0.500         5.000       4.500      SLICE_X3Y43  difference_x_saved_reg[15]_i_6/C
High Pulse Width  Fast    FDRE/C              n/a            0.500         5.000       4.500      SLICE_X3Y43  difference_x_saved_reg[15]_i_6/C



---------------------------------------------------------------------------------------------------
Path Group:  **async_default**
From Clock:  clk_100mhz
  To Clock:  clk_100mhz

Setup :            0  Failing Endpoints,  Worst Slack        2.123ns,  Total Violation        0.000ns
Hold  :            0  Failing Endpoints,  Worst Slack        0.623ns,  Total Violation        0.000ns
---------------------------------------------------------------------------------------------------


Max Delay Paths
--------------------------------------------------------------------------------------
Slack (MET) :             2.123ns  (required time - arrival time)
  Source:                 reset_release_pipe_reg[1]/C
                            (rising edge-triggered cell FDPE clocked by clk_100mhz  {rise@0.000ns fall@5.000ns period=10.000ns})
  Destination:            localization_command_ctrl_instance/upper_coefficient_a_reg[2]/CLR
                            (recovery check against rising-edge clock clk_100mhz  {rise@0.000ns fall@5.000ns period=10.000ns})
  Path Group:             **async_default**
  Path Type:              Recovery (Max at Slow Process Corner)
  Requirement:            10.000ns  (clk_100mhz rise@10.000ns - clk_100mhz rise@0.000ns)
  Data Path Delay:        7.343ns  (logic 0.456ns (6.210%)  route 6.887ns (93.790%))
  Logic Levels:           0  
  Clock Path Skew:        -0.094ns (DCD - SCD + CPR)
    Destination Clock Delay (DCD):    4.860ns = ( 14.860 - 10.000 ) 
    Source Clock Delay      (SCD):    5.142ns
    Clock Pessimism Removal (CPR):    0.188ns
  Clock Uncertainty:      0.035ns  ((TSJ^2 + TIJ^2)^1/2 + DJ) / 2 + PE
    Total System Jitter     (TSJ):    0.071ns
    Total Input Jitter      (TIJ):    0.000ns
    Discrete Jitter          (DJ):    0.000ns
    Phase Error              (PE):    0.000ns

    Location             Delay type                Incr(ns)  Path(ns)    Netlist Resource(s)
  -------------------------------------------------------------------    -------------------
                         (clock clk_100mhz rise edge)
                                                      0.000     0.000 r  
    W5                                                0.000     0.000 r  clk_100mhz_i (IN)
                         net (fo=0)                   0.000     0.000    clk_100mhz_i
    W5                   IBUF (Prop_ibuf_I_O)         1.458     1.458 r  clk_100mhz_i_IBUF_inst/O
                         net (fo=1, routed)           1.967     3.425    clk_100mhz_i_IBUF
    BUFGCTRL_X0Y0        BUFG (Prop_bufg_I_O)         0.096     3.521 r  clk_100mhz_i_IBUF_BUFG_inst/O
                         net (fo=9761, routed)        1.621     5.142    clk_100mhz_i_IBUF_BUFG
    SLICE_X0Y27          FDPE                                         r  reset_release_pipe_reg[1]/C
  -------------------------------------------------------------------    -------------------
    SLICE_X0Y27          FDPE (Prop_fdpe_C_Q)         0.456     5.598 f  reset_release_pipe_reg[1]/Q
                         net (fo=1608, routed)        6.887    12.485    localization_command_ctrl_instance/Q[0]
    SLICE_X61Y48         FDCE                                         f  localization_command_ctrl_instance/upper_coefficient_a_reg[2]/CLR
  -------------------------------------------------------------------    -------------------

                         (clock clk_100mhz rise edge)
                                                     10.000    10.000 r  
    W5                                                0.000    10.000 r  clk_100mhz_i (IN)
                         net (fo=0)                   0.000    10.000    clk_100mhz_i
    W5                   IBUF (Prop_ibuf_I_O)         1.388    11.388 r  clk_100mhz_i_IBUF_inst/O
                         net (fo=1, routed)           1.862    13.250    clk_100mhz_i_IBUF
    BUFGCTRL_X0Y0        BUFG (Prop_bufg_I_O)         0.091    13.341 r  clk_100mhz_i_IBUF_BUFG_inst/O
                         net (fo=9761, routed)        1.519    14.860    localization_command_ctrl_instance/clk_100mhz_i_IBUF_BUFG
    SLICE_X61Y48         FDCE                                         r  localization_command_ctrl_instance/upper_coefficient_a_reg[2]/C
                         clock pessimism              0.188    15.048    
                         clock uncertainty           -0.035    15.013    
    SLICE_X61Y48         FDCE (Recov_fdce_C_CLR)     -0.405    14.608    localization_command_ctrl_instance/upper_coefficient_a_reg[2]
  -------------------------------------------------------------------
                         required time                         14.608    
                         arrival time                         -12.485    
  -------------------------------------------------------------------
                         slack                                  2.123    

Slack (MET) :             2.125ns  (required time - arrival time)
  Source:                 reset_release_pipe_reg[1]/C
                            (rising edge-triggered cell FDPE clocked by clk_100mhz  {rise@0.000ns fall@5.000ns period=10.000ns})
  Destination:            localization_command_ctrl_instance/upper_coefficient_b_reg[8]/CLR
                            (recovery check against rising-edge clock clk_100mhz  {rise@0.000ns fall@5.000ns period=10.000ns})
  Path Group:             **async_default**
  Path Type:              Recovery (Max at Slow Process Corner)
  Requirement:            10.000ns  (clk_100mhz rise@10.000ns - clk_100mhz rise@0.000ns)
  Data Path Delay:        7.340ns  (logic 0.456ns (6.212%)  route 6.884ns (93.788%))
  Logic Levels:           0  
  Clock Path Skew:        -0.094ns (DCD - SCD + CPR)
    Destination Clock Delay (DCD):    4.860ns = ( 14.860 - 10.000 ) 
    Source Clock Delay      (SCD):    5.142ns
    Clock Pessimism Removal (CPR):    0.188ns
  Clock Uncertainty:      0.035ns  ((TSJ^2 + TIJ^2)^1/2 + DJ) / 2 + PE
    Total System Jitter     (TSJ):    0.071ns
    Total Input Jitter      (TIJ):    0.000ns
    Discrete Jitter          (DJ):    0.000ns
    Phase Error              (PE):    0.000ns

    Location             Delay type                Incr(ns)  Path(ns)    Netlist Resource(s)
  -------------------------------------------------------------------    -------------------
                         (clock clk_100mhz rise edge)
                                                      0.000     0.000 r  
    W5                                                0.000     0.000 r  clk_100mhz_i (IN)
                         net (fo=0)                   0.000     0.000    clk_100mhz_i
    W5                   IBUF (Prop_ibuf_I_O)         1.458     1.458 r  clk_100mhz_i_IBUF_inst/O
                         net (fo=1, routed)           1.967     3.425    clk_100mhz_i_IBUF
    BUFGCTRL_X0Y0        BUFG (Prop_bufg_I_O)         0.096     3.521 r  clk_100mhz_i_IBUF_BUFG_inst/O
                         net (fo=9761, routed)        1.621     5.142    clk_100mhz_i_IBUF_BUFG
    SLICE_X0Y27          FDPE                                         r  reset_release_pipe_reg[1]/C
  -------------------------------------------------------------------    -------------------
    SLICE_X0Y27          FDPE (Prop_fdpe_C_Q)         0.456     5.598 f  reset_release_pipe_reg[1]/Q
                         net (fo=1608, routed)        6.884    12.483    localization_command_ctrl_instance/Q[0]
    SLICE_X58Y47         FDCE                                         f  localization_command_ctrl_instance/upper_coefficient_b_reg[8]/CLR
  -------------------------------------------------------------------    -------------------

                         (clock clk_100mhz rise edge)
                                                     10.000    10.000 r  
    W5                                                0.000    10.000 r  clk_100mhz_i (IN)
                         net (fo=0)                   0.000    10.000    clk_100mhz_i
    W5                   IBUF (Prop_ibuf_I_O)         1.388    11.388 r  clk_100mhz_i_IBUF_inst/O
                         net (fo=1, routed)           1.862    13.250    clk_100mhz_i_IBUF
    BUFGCTRL_X0Y0        BUFG (Prop_bufg_I_O)         0.091    13.341 r  clk_100mhz_i_IBUF_BUFG_inst/O
                         net (fo=9761, routed)        1.519    14.860    localization_command_ctrl_instance/clk_100mhz_i_IBUF_BUFG
    SLICE_X58Y47         FDCE                                         r  localization_command_ctrl_instance/upper_coefficient_b_reg[8]/C
                         clock pessimism              0.188    15.048    
                         clock uncertainty           -0.035    15.013    
    SLICE_X58Y47         FDCE (Recov_fdce_C_CLR)     -0.405    14.608    localization_command_ctrl_instance/upper_coefficient_b_reg[8]
  -------------------------------------------------------------------
                         required time                         14.608    
                         arrival time                         -12.483    
  -------------------------------------------------------------------
                         slack                                  2.125    

Slack (MET) :             2.125ns  (required time - arrival time)
  Source:                 reset_release_pipe_reg[1]/C
                            (rising edge-triggered cell FDPE clocked by clk_100mhz  {rise@0.000ns fall@5.000ns period=10.000ns})
  Destination:            localization_command_ctrl_instance/upper_constant_c_reg[16]/CLR
                            (recovery check against rising-edge clock clk_100mhz  {rise@0.000ns fall@5.000ns period=10.000ns})
  Path Group:             **async_default**
  Path Type:              Recovery (Max at Slow Process Corner)
  Requirement:            10.000ns  (clk_100mhz rise@10.000ns - clk_100mhz rise@0.000ns)
  Data Path Delay:        7.340ns  (logic 0.456ns (6.212%)  route 6.884ns (93.788%))
  Logic Levels:           0  
  Clock Path Skew:        -0.094ns (DCD - SCD + CPR)
    Destination Clock Delay (DCD):    4.860ns = ( 14.860 - 10.000 ) 
    Source Clock Delay      (SCD):    5.142ns
    Clock Pessimism Removal (CPR):    0.188ns
  Clock Uncertainty:      0.035ns  ((TSJ^2 + TIJ^2)^1/2 + DJ) / 2 + PE
    Total System Jitter     (TSJ):    0.071ns
    Total Input Jitter      (TIJ):    0.000ns
    Discrete Jitter          (DJ):    0.000ns
    Phase Error              (PE):    0.000ns

    Location             Delay type                Incr(ns)  Path(ns)    Netlist Resource(s)
  -------------------------------------------------------------------    -------------------
                         (clock clk_100mhz rise edge)
                                                      0.000     0.000 r  
    W5                                                0.000     0.000 r  clk_100mhz_i (IN)
                         net (fo=0)                   0.000     0.000    clk_100mhz_i
    W5                   IBUF (Prop_ibuf_I_O)         1.458     1.458 r  clk_100mhz_i_IBUF_inst/O
                         net (fo=1, routed)           1.967     3.425    clk_100mhz_i_IBUF
    BUFGCTRL_X0Y0        BUFG (Prop_bufg_I_O)         0.096     3.521 r  clk_100mhz_i_IBUF_BUFG_inst/O
                         net (fo=9761, routed)        1.621     5.142    clk_100mhz_i_IBUF_BUFG
    SLICE_X0Y27          FDPE                                         r  reset_release_pipe_reg[1]/C
  -------------------------------------------------------------------    -------------------
    SLICE_X0Y27          FDPE (Prop_fdpe_C_Q)         0.456     5.598 f  reset_release_pipe_reg[1]/Q
                         net (fo=1608, routed)        6.884    12.483    localization_command_ctrl_instance/Q[0]
    SLICE_X58Y47         FDCE                                         f  localization_command_ctrl_instance/upper_constant_c_reg[16]/CLR
  -------------------------------------------------------------------    -------------------

                         (clock clk_100mhz rise edge)
                                                     10.000    10.000 r  
    W5                                                0.000    10.000 r  clk_100mhz_i (IN)
                         net (fo=0)                   0.000    10.000    clk_100mhz_i
    W5                   IBUF (Prop_ibuf_I_O)         1.388    11.388 r  clk_100mhz_i_IBUF_inst/O
                         net (fo=1, routed)           1.862    13.250    clk_100mhz_i_IBUF
    BUFGCTRL_X0Y0        BUFG (Prop_bufg_I_O)         0.091    13.341 r  clk_100mhz_i_IBUF_BUFG_inst/O
                         net (fo=9761, routed)        1.519    14.860    localization_command_ctrl_instance/clk_100mhz_i_IBUF_BUFG
    SLICE_X58Y47         FDCE                                         r  localization_command_ctrl_instance/upper_constant_c_reg[16]/C
                         clock pessimism              0.188    15.048    
                         clock uncertainty           -0.035    15.013    
    SLICE_X58Y47         FDCE (Recov_fdce_C_CLR)     -0.405    14.608    localization_command_ctrl_instance/upper_constant_c_reg[16]
  -------------------------------------------------------------------
                         required time                         14.608    
                         arrival time                         -12.483    
  -------------------------------------------------------------------
                         slack                                  2.125    

Slack (MET) :             2.125ns  (required time - arrival time)
  Source:                 reset_release_pipe_reg[1]/C
                            (rising edge-triggered cell FDPE clocked by clk_100mhz  {rise@0.000ns fall@5.000ns period=10.000ns})
  Destination:            localization_command_ctrl_instance/upper_constant_c_reg[18]/CLR
                            (recovery check against rising-edge clock clk_100mhz  {rise@0.000ns fall@5.000ns period=10.000ns})
  Path Group:             **async_default**
  Path Type:              Recovery (Max at Slow Process Corner)
  Requirement:            10.000ns  (clk_100mhz rise@10.000ns - clk_100mhz rise@0.000ns)
  Data Path Delay:        7.340ns  (logic 0.456ns (6.212%)  route 6.884ns (93.788%))
  Logic Levels:           0  
  Clock Path Skew:        -0.094ns (DCD - SCD + CPR)
    Destination Clock Delay (DCD):    4.860ns = ( 14.860 - 10.000 ) 
    Source Clock Delay      (SCD):    5.142ns
    Clock Pessimism Removal (CPR):    0.188ns
  Clock Uncertainty:      0.035ns  ((TSJ^2 + TIJ^2)^1/2 + DJ) / 2 + PE
    Total System Jitter     (TSJ):    0.071ns
    Total Input Jitter      (TIJ):    0.000ns
    Discrete Jitter          (DJ):    0.000ns
    Phase Error              (PE):    0.000ns

    Location             Delay type                Incr(ns)  Path(ns)    Netlist Resource(s)
  -------------------------------------------------------------------    -------------------
                         (clock clk_100mhz rise edge)
                                                      0.000     0.000 r  
    W5                                                0.000     0.000 r  clk_100mhz_i (IN)
                         net (fo=0)                   0.000     0.000    clk_100mhz_i
    W5                   IBUF (Prop_ibuf_I_O)         1.458     1.458 r  clk_100mhz_i_IBUF_inst/O
                         net (fo=1, routed)           1.967     3.425    clk_100mhz_i_IBUF
    BUFGCTRL_X0Y0        BUFG (Prop_bufg_I_O)         0.096     3.521 r  clk_100mhz_i_IBUF_BUFG_inst/O
                         net (fo=9761, routed)        1.621     5.142    clk_100mhz_i_IBUF_BUFG
    SLICE_X0Y27          FDPE                                         r  reset_release_pipe_reg[1]/C
  -------------------------------------------------------------------    -------------------
    SLICE_X0Y27          FDPE (Prop_fdpe_C_Q)         0.456     5.598 f  reset_release_pipe_reg[1]/Q
                         net (fo=1608, routed)        6.884    12.483    localization_command_ctrl_instance/Q[0]
    SLICE_X58Y47         FDCE                                         f  localization_command_ctrl_instance/upper_constant_c_reg[18]/CLR
  -------------------------------------------------------------------    -------------------

                         (clock clk_100mhz rise edge)
                                                     10.000    10.000 r  
    W5                                                0.000    10.000 r  clk_100mhz_i (IN)
                         net (fo=0)                   0.000    10.000    clk_100mhz_i
    W5                   IBUF (Prop_ibuf_I_O)         1.388    11.388 r  clk_100mhz_i_IBUF_inst/O
                         net (fo=1, routed)           1.862    13.250    clk_100mhz_i_IBUF
    BUFGCTRL_X0Y0        BUFG (Prop_bufg_I_O)         0.091    13.341 r  clk_100mhz_i_IBUF_BUFG_inst/O
                         net (fo=9761, routed)        1.519    14.860    localization_command_ctrl_instance/clk_100mhz_i_IBUF_BUFG
    SLICE_X58Y47         FDCE                                         r  localization_command_ctrl_instance/upper_constant_c_reg[18]/C
                         clock pessimism              0.188    15.048    
                         clock uncertainty           -0.035    15.013    
    SLICE_X58Y47         FDCE (Recov_fdce_C_CLR)     -0.405    14.608    localization_command_ctrl_instance/upper_constant_c_reg[18]
  -------------------------------------------------------------------
                         required time                         14.608    
                         arrival time                         -12.483    
  -------------------------------------------------------------------
                         slack                                  2.125    

Slack (MET) :             2.125ns  (required time - arrival time)
  Source:                 reset_release_pipe_reg[1]/C
                            (rising edge-triggered cell FDPE clocked by clk_100mhz  {rise@0.000ns fall@5.000ns period=10.000ns})
  Destination:            localization_command_ctrl_instance/upper_constant_c_reg[20]/CLR
                            (recovery check against rising-edge clock clk_100mhz  {rise@0.000ns fall@5.000ns period=10.000ns})
  Path Group:             **async_default**
  Path Type:              Recovery (Max at Slow Process Corner)
  Requirement:            10.000ns  (clk_100mhz rise@10.000ns - clk_100mhz rise@0.000ns)
  Data Path Delay:        7.340ns  (logic 0.456ns (6.212%)  route 6.884ns (93.788%))
  Logic Levels:           0  
  Clock Path Skew:        -0.094ns (DCD - SCD + CPR)
    Destination Clock Delay (DCD):    4.860ns = ( 14.860 - 10.000 ) 
    Source Clock Delay      (SCD):    5.142ns
    Clock Pessimism Removal (CPR):    0.188ns
  Clock Uncertainty:      0.035ns  ((TSJ^2 + TIJ^2)^1/2 + DJ) / 2 + PE
    Total System Jitter     (TSJ):    0.071ns
    Total Input Jitter      (TIJ):    0.000ns
    Discrete Jitter          (DJ):    0.000ns
    Phase Error              (PE):    0.000ns

    Location             Delay type                Incr(ns)  Path(ns)    Netlist Resource(s)
  -------------------------------------------------------------------    -------------------
                         (clock clk_100mhz rise edge)
                                                      0.000     0.000 r  
    W5                                                0.000     0.000 r  clk_100mhz_i (IN)
                         net (fo=0)                   0.000     0.000    clk_100mhz_i
    W5                   IBUF (Prop_ibuf_I_O)         1.458     1.458 r  clk_100mhz_i_IBUF_inst/O
                         net (fo=1, routed)           1.967     3.425    clk_100mhz_i_IBUF
    BUFGCTRL_X0Y0        BUFG (Prop_bufg_I_O)         0.096     3.521 r  clk_100mhz_i_IBUF_BUFG_inst/O
                         net (fo=9761, routed)        1.621     5.142    clk_100mhz_i_IBUF_BUFG
    SLICE_X0Y27          FDPE                                         r  reset_release_pipe_reg[1]/C
  -------------------------------------------------------------------    -------------------
    SLICE_X0Y27          FDPE (Prop_fdpe_C_Q)         0.456     5.598 f  reset_release_pipe_reg[1]/Q
                         net (fo=1608, routed)        6.884    12.483    localization_command_ctrl_instance/Q[0]
    SLICE_X58Y47         FDCE                                         f  localization_command_ctrl_instance/upper_constant_c_reg[20]/CLR
  -------------------------------------------------------------------    -------------------

                         (clock clk_100mhz rise edge)
                                                     10.000    10.000 r  
    W5                                                0.000    10.000 r  clk_100mhz_i (IN)
                         net (fo=0)                   0.000    10.000    clk_100mhz_i
    W5                   IBUF (Prop_ibuf_I_O)         1.388    11.388 r  clk_100mhz_i_IBUF_inst/O
                         net (fo=1, routed)           1.862    13.250    clk_100mhz_i_IBUF
    BUFGCTRL_X0Y0        BUFG (Prop_bufg_I_O)         0.091    13.341 r  clk_100mhz_i_IBUF_BUFG_inst/O
                         net (fo=9761, routed)        1.519    14.860    localization_command_ctrl_instance/clk_100mhz_i_IBUF_BUFG
    SLICE_X58Y47         FDCE                                         r  localization_command_ctrl_instance/upper_constant_c_reg[20]/C
                         clock pessimism              0.188    15.048    
                         clock uncertainty           -0.035    15.013    
    SLICE_X58Y47         FDCE (Recov_fdce_C_CLR)     -0.405    14.608    localization_command_ctrl_instance/upper_constant_c_reg[20]
  -------------------------------------------------------------------
                         required time                         14.608    
                         arrival time                         -12.483    
  -------------------------------------------------------------------
                         slack                                  2.125    

Slack (MET) :             2.125ns  (required time - arrival time)
  Source:                 reset_release_pipe_reg[1]/C
                            (rising edge-triggered cell FDPE clocked by clk_100mhz  {rise@0.000ns fall@5.000ns period=10.000ns})
  Destination:            localization_command_ctrl_instance/upper_constant_c_reg[21]/CLR
                            (recovery check against rising-edge clock clk_100mhz  {rise@0.000ns fall@5.000ns period=10.000ns})
  Path Group:             **async_default**
  Path Type:              Recovery (Max at Slow Process Corner)
  Requirement:            10.000ns  (clk_100mhz rise@10.000ns - clk_100mhz rise@0.000ns)
  Data Path Delay:        7.340ns  (logic 0.456ns (6.212%)  route 6.884ns (93.788%))
  Logic Levels:           0  
  Clock Path Skew:        -0.094ns (DCD - SCD + CPR)
    Destination Clock Delay (DCD):    4.860ns = ( 14.860 - 10.000 ) 
    Source Clock Delay      (SCD):    5.142ns
    Clock Pessimism Removal (CPR):    0.188ns
  Clock Uncertainty:      0.035ns  ((TSJ^2 + TIJ^2)^1/2 + DJ) / 2 + PE
    Total System Jitter     (TSJ):    0.071ns
    Total Input Jitter      (TIJ):    0.000ns
    Discrete Jitter          (DJ):    0.000ns
    Phase Error              (PE):    0.000ns

    Location             Delay type                Incr(ns)  Path(ns)    Netlist Resource(s)
  -------------------------------------------------------------------    -------------------
                         (clock clk_100mhz rise edge)
                                                      0.000     0.000 r  
    W5                                                0.000     0.000 r  clk_100mhz_i (IN)
                         net (fo=0)                   0.000     0.000    clk_100mhz_i
    W5                   IBUF (Prop_ibuf_I_O)         1.458     1.458 r  clk_100mhz_i_IBUF_inst/O
                         net (fo=1, routed)           1.967     3.425    clk_100mhz_i_IBUF
    BUFGCTRL_X0Y0        BUFG (Prop_bufg_I_O)         0.096     3.521 r  clk_100mhz_i_IBUF_BUFG_inst/O
                         net (fo=9761, routed)        1.621     5.142    clk_100mhz_i_IBUF_BUFG
    SLICE_X0Y27          FDPE                                         r  reset_release_pipe_reg[1]/C
  -------------------------------------------------------------------    -------------------
    SLICE_X0Y27          FDPE (Prop_fdpe_C_Q)         0.456     5.598 f  reset_release_pipe_reg[1]/Q
                         net (fo=1608, routed)        6.884    12.483    localization_command_ctrl_instance/Q[0]
    SLICE_X58Y47         FDCE                                         f  localization_command_ctrl_instance/upper_constant_c_reg[21]/CLR
  -------------------------------------------------------------------    -------------------

                         (clock clk_100mhz rise edge)
                                                     10.000    10.000 r  
    W5                                                0.000    10.000 r  clk_100mhz_i (IN)
                         net (fo=0)                   0.000    10.000    clk_100mhz_i
    W5                   IBUF (Prop_ibuf_I_O)         1.388    11.388 r  clk_100mhz_i_IBUF_inst/O
                         net (fo=1, routed)           1.862    13.250    clk_100mhz_i_IBUF
    BUFGCTRL_X0Y0        BUFG (Prop_bufg_I_O)         0.091    13.341 r  clk_100mhz_i_IBUF_BUFG_inst/O
                         net (fo=9761, routed)        1.519    14.860    localization_command_ctrl_instance/clk_100mhz_i_IBUF_BUFG
    SLICE_X58Y47         FDCE                                         r  localization_command_ctrl_instance/upper_constant_c_reg[21]/C
                         clock pessimism              0.188    15.048    
                         clock uncertainty           -0.035    15.013    
    SLICE_X58Y47         FDCE (Recov_fdce_C_CLR)     -0.405    14.608    localization_command_ctrl_instance/upper_constant_c_reg[21]
  -------------------------------------------------------------------
                         required time                         14.608    
                         arrival time                         -12.483    
  -------------------------------------------------------------------
                         slack                                  2.125    

Slack (MET) :             2.125ns  (required time - arrival time)
  Source:                 reset_release_pipe_reg[1]/C
                            (rising edge-triggered cell FDPE clocked by clk_100mhz  {rise@0.000ns fall@5.000ns period=10.000ns})
  Destination:            localization_command_ctrl_instance/upper_constant_c_reg[22]/CLR
                            (recovery check against rising-edge clock clk_100mhz  {rise@0.000ns fall@5.000ns period=10.000ns})
  Path Group:             **async_default**
  Path Type:              Recovery (Max at Slow Process Corner)
  Requirement:            10.000ns  (clk_100mhz rise@10.000ns - clk_100mhz rise@0.000ns)
  Data Path Delay:        7.340ns  (logic 0.456ns (6.212%)  route 6.884ns (93.788%))
  Logic Levels:           0  
  Clock Path Skew:        -0.094ns (DCD - SCD + CPR)
    Destination Clock Delay (DCD):    4.860ns = ( 14.860 - 10.000 ) 
    Source Clock Delay      (SCD):    5.142ns
    Clock Pessimism Removal (CPR):    0.188ns
  Clock Uncertainty:      0.035ns  ((TSJ^2 + TIJ^2)^1/2 + DJ) / 2 + PE
    Total System Jitter     (TSJ):    0.071ns
    Total Input Jitter      (TIJ):    0.000ns
    Discrete Jitter          (DJ):    0.000ns
    Phase Error              (PE):    0.000ns

    Location             Delay type                Incr(ns)  Path(ns)    Netlist Resource(s)
  -------------------------------------------------------------------    -------------------
                         (clock clk_100mhz rise edge)
                                                      0.000     0.000 r  
    W5                                                0.000     0.000 r  clk_100mhz_i (IN)
                         net (fo=0)                   0.000     0.000    clk_100mhz_i
    W5                   IBUF (Prop_ibuf_I_O)         1.458     1.458 r  clk_100mhz_i_IBUF_inst/O
                         net (fo=1, routed)           1.967     3.425    clk_100mhz_i_IBUF
    BUFGCTRL_X0Y0        BUFG (Prop_bufg_I_O)         0.096     3.521 r  clk_100mhz_i_IBUF_BUFG_inst/O
                         net (fo=9761, routed)        1.621     5.142    clk_100mhz_i_IBUF_BUFG
    SLICE_X0Y27          FDPE                                         r  reset_release_pipe_reg[1]/C
  -------------------------------------------------------------------    -------------------
    SLICE_X0Y27          FDPE (Prop_fdpe_C_Q)         0.456     5.598 f  reset_release_pipe_reg[1]/Q
                         net (fo=1608, routed)        6.884    12.483    localization_command_ctrl_instance/Q[0]
    SLICE_X58Y47         FDCE                                         f  localization_command_ctrl_instance/upper_constant_c_reg[22]/CLR
  -------------------------------------------------------------------    -------------------

                         (clock clk_100mhz rise edge)
                                                     10.000    10.000 r  
    W5                                                0.000    10.000 r  clk_100mhz_i (IN)
                         net (fo=0)                   0.000    10.000    clk_100mhz_i
    W5                   IBUF (Prop_ibuf_I_O)         1.388    11.388 r  clk_100mhz_i_IBUF_inst/O
                         net (fo=1, routed)           1.862    13.250    clk_100mhz_i_IBUF
    BUFGCTRL_X0Y0        BUFG (Prop_bufg_I_O)         0.091    13.341 r  clk_100mhz_i_IBUF_BUFG_inst/O
                         net (fo=9761, routed)        1.519    14.860    localization_command_ctrl_instance/clk_100mhz_i_IBUF_BUFG
    SLICE_X58Y47         FDCE                                         r  localization_command_ctrl_instance/upper_constant_c_reg[22]/C
                         clock pessimism              0.188    15.048    
                         clock uncertainty           -0.035    15.013    
    SLICE_X58Y47         FDCE (Recov_fdce_C_CLR)     -0.405    14.608    localization_command_ctrl_instance/upper_constant_c_reg[22]
  -------------------------------------------------------------------
                         required time                         14.608    
                         arrival time                         -12.483    
  -------------------------------------------------------------------
                         slack                                  2.125    

Slack (MET) :             2.125ns  (required time - arrival time)
  Source:                 reset_release_pipe_reg[1]/C
                            (rising edge-triggered cell FDPE clocked by clk_100mhz  {rise@0.000ns fall@5.000ns period=10.000ns})
  Destination:            localization_command_ctrl_instance/upper_constant_c_reg[24]/CLR
                            (recovery check against rising-edge clock clk_100mhz  {rise@0.000ns fall@5.000ns period=10.000ns})
  Path Group:             **async_default**
  Path Type:              Recovery (Max at Slow Process Corner)
  Requirement:            10.000ns  (clk_100mhz rise@10.000ns - clk_100mhz rise@0.000ns)
  Data Path Delay:        7.340ns  (logic 0.456ns (6.212%)  route 6.884ns (93.788%))
  Logic Levels:           0  
  Clock Path Skew:        -0.094ns (DCD - SCD + CPR)
    Destination Clock Delay (DCD):    4.860ns = ( 14.860 - 10.000 ) 
    Source Clock Delay      (SCD):    5.142ns
    Clock Pessimism Removal (CPR):    0.188ns
  Clock Uncertainty:      0.035ns  ((TSJ^2 + TIJ^2)^1/2 + DJ) / 2 + PE
    Total System Jitter     (TSJ):    0.071ns
    Total Input Jitter      (TIJ):    0.000ns
    Discrete Jitter          (DJ):    0.000ns
    Phase Error              (PE):    0.000ns

    Location             Delay type                Incr(ns)  Path(ns)    Netlist Resource(s)
  -------------------------------------------------------------------    -------------------
                         (clock clk_100mhz rise edge)
                                                      0.000     0.000 r  
    W5                                                0.000     0.000 r  clk_100mhz_i (IN)
                         net (fo=0)                   0.000     0.000    clk_100mhz_i
    W5                   IBUF (Prop_ibuf_I_O)         1.458     1.458 r  clk_100mhz_i_IBUF_inst/O
                         net (fo=1, routed)           1.967     3.425    clk_100mhz_i_IBUF
    BUFGCTRL_X0Y0        BUFG (Prop_bufg_I_O)         0.096     3.521 r  clk_100mhz_i_IBUF_BUFG_inst/O
                         net (fo=9761, routed)        1.621     5.142    clk_100mhz_i_IBUF_BUFG
    SLICE_X0Y27          FDPE                                         r  reset_release_pipe_reg[1]/C
  -------------------------------------------------------------------    -------------------
    SLICE_X0Y27          FDPE (Prop_fdpe_C_Q)         0.456     5.598 f  reset_release_pipe_reg[1]/Q
                         net (fo=1608, routed)        6.884    12.483    localization_command_ctrl_instance/Q[0]
    SLICE_X58Y47         FDCE                                         f  localization_command_ctrl_instance/upper_constant_c_reg[24]/CLR
  -------------------------------------------------------------------    -------------------

                         (clock clk_100mhz rise edge)
                                                     10.000    10.000 r  
    W5                                                0.000    10.000 r  clk_100mhz_i (IN)
                         net (fo=0)                   0.000    10.000    clk_100mhz_i
    W5                   IBUF (Prop_ibuf_I_O)         1.388    11.388 r  clk_100mhz_i_IBUF_inst/O
                         net (fo=1, routed)           1.862    13.250    clk_100mhz_i_IBUF
    BUFGCTRL_X0Y0        BUFG (Prop_bufg_I_O)         0.091    13.341 r  clk_100mhz_i_IBUF_BUFG_inst/O
                         net (fo=9761, routed)        1.519    14.860    localization_command_ctrl_instance/clk_100mhz_i_IBUF_BUFG
    SLICE_X58Y47         FDCE                                         r  localization_command_ctrl_instance/upper_constant_c_reg[24]/C
                         clock pessimism              0.188    15.048    
                         clock uncertainty           -0.035    15.013    
    SLICE_X58Y47         FDCE (Recov_fdce_C_CLR)     -0.405    14.608    localization_command_ctrl_instance/upper_constant_c_reg[24]
  -------------------------------------------------------------------
                         required time                         14.608    
                         arrival time                         -12.483    
  -------------------------------------------------------------------
                         slack                                  2.125    

Slack (MET) :             2.125ns  (required time - arrival time)
  Source:                 reset_release_pipe_reg[1]/C
                            (rising edge-triggered cell FDPE clocked by clk_100mhz  {rise@0.000ns fall@5.000ns period=10.000ns})
  Destination:            localization_command_ctrl_instance/upper_constant_c_reg[26]/CLR
                            (recovery check against rising-edge clock clk_100mhz  {rise@0.000ns fall@5.000ns period=10.000ns})
  Path Group:             **async_default**
  Path Type:              Recovery (Max at Slow Process Corner)
  Requirement:            10.000ns  (clk_100mhz rise@10.000ns - clk_100mhz rise@0.000ns)
  Data Path Delay:        7.340ns  (logic 0.456ns (6.212%)  route 6.884ns (93.788%))
  Logic Levels:           0  
  Clock Path Skew:        -0.094ns (DCD - SCD + CPR)
    Destination Clock Delay (DCD):    4.860ns = ( 14.860 - 10.000 ) 
    Source Clock Delay      (SCD):    5.142ns
    Clock Pessimism Removal (CPR):    0.188ns
  Clock Uncertainty:      0.035ns  ((TSJ^2 + TIJ^2)^1/2 + DJ) / 2 + PE
    Total System Jitter     (TSJ):    0.071ns
    Total Input Jitter      (TIJ):    0.000ns
    Discrete Jitter          (DJ):    0.000ns
    Phase Error              (PE):    0.000ns

    Location             Delay type                Incr(ns)  Path(ns)    Netlist Resource(s)
  -------------------------------------------------------------------    -------------------
                         (clock clk_100mhz rise edge)
                                                      0.000     0.000 r  
    W5                                                0.000     0.000 r  clk_100mhz_i (IN)
                         net (fo=0)                   0.000     0.000    clk_100mhz_i
    W5                   IBUF (Prop_ibuf_I_O)         1.458     1.458 r  clk_100mhz_i_IBUF_inst/O
                         net (fo=1, routed)           1.967     3.425    clk_100mhz_i_IBUF
    BUFGCTRL_X0Y0        BUFG (Prop_bufg_I_O)         0.096     3.521 r  clk_100mhz_i_IBUF_BUFG_inst/O
                         net (fo=9761, routed)        1.621     5.142    clk_100mhz_i_IBUF_BUFG
    SLICE_X0Y27          FDPE                                         r  reset_release_pipe_reg[1]/C
  -------------------------------------------------------------------    -------------------
    SLICE_X0Y27          FDPE (Prop_fdpe_C_Q)         0.456     5.598 f  reset_release_pipe_reg[1]/Q
                         net (fo=1608, routed)        6.884    12.483    localization_command_ctrl_instance/Q[0]
    SLICE_X58Y47         FDCE                                         f  localization_command_ctrl_instance/upper_constant_c_reg[26]/CLR
  -------------------------------------------------------------------    -------------------

                         (clock clk_100mhz rise edge)
                                                     10.000    10.000 r  
    W5                                                0.000    10.000 r  clk_100mhz_i (IN)
                         net (fo=0)                   0.000    10.000    clk_100mhz_i
    W5                   IBUF (Prop_ibuf_I_O)         1.388    11.388 r  clk_100mhz_i_IBUF_inst/O
                         net (fo=1, routed)           1.862    13.250    clk_100mhz_i_IBUF
    BUFGCTRL_X0Y0        BUFG (Prop_bufg_I_O)         0.091    13.341 r  clk_100mhz_i_IBUF_BUFG_inst/O
                         net (fo=9761, routed)        1.519    14.860    localization_command_ctrl_instance/clk_100mhz_i_IBUF_BUFG
    SLICE_X58Y47         FDCE                                         r  localization_command_ctrl_instance/upper_constant_c_reg[26]/C
                         clock pessimism              0.188    15.048    
                         clock uncertainty           -0.035    15.013    
    SLICE_X58Y47         FDCE (Recov_fdce_C_CLR)     -0.405    14.608    localization_command_ctrl_instance/upper_constant_c_reg[26]
  -------------------------------------------------------------------
                         required time                         14.608    
                         arrival time                         -12.483    
  -------------------------------------------------------------------
                         slack                                  2.125    

Slack (MET) :             2.130ns  (required time - arrival time)
  Source:                 reset_release_pipe_reg[1]/C
                            (rising edge-triggered cell FDPE clocked by clk_100mhz  {rise@0.000ns fall@5.000ns period=10.000ns})
  Destination:            localization_command_ctrl_instance/upper_coefficient_a_reg[11]/CLR
                            (recovery check against rising-edge clock clk_100mhz  {rise@0.000ns fall@5.000ns period=10.000ns})
  Path Group:             **async_default**
  Path Type:              Recovery (Max at Slow Process Corner)
  Requirement:            10.000ns  (clk_100mhz rise@10.000ns - clk_100mhz rise@0.000ns)
  Data Path Delay:        7.271ns  (logic 0.456ns (6.272%)  route 6.815ns (93.728%))
  Logic Levels:           0  
  Clock Path Skew:        -0.159ns (DCD - SCD + CPR)
    Destination Clock Delay (DCD):    4.795ns = ( 14.795 - 10.000 ) 
    Source Clock Delay      (SCD):    5.142ns
    Clock Pessimism Removal (CPR):    0.188ns
  Clock Uncertainty:      0.035ns  ((TSJ^2 + TIJ^2)^1/2 + DJ) / 2 + PE
    Total System Jitter     (TSJ):    0.071ns
    Total Input Jitter      (TIJ):    0.000ns
    Discrete Jitter          (DJ):    0.000ns
    Phase Error              (PE):    0.000ns

    Location             Delay type                Incr(ns)  Path(ns)    Netlist Resource(s)
  -------------------------------------------------------------------    -------------------
                         (clock clk_100mhz rise edge)
                                                      0.000     0.000 r  
    W5                                                0.000     0.000 r  clk_100mhz_i (IN)
                         net (fo=0)                   0.000     0.000    clk_100mhz_i
    W5                   IBUF (Prop_ibuf_I_O)         1.458     1.458 r  clk_100mhz_i_IBUF_inst/O
                         net (fo=1, routed)           1.967     3.425    clk_100mhz_i_IBUF
    BUFGCTRL_X0Y0        BUFG (Prop_bufg_I_O)         0.096     3.521 r  clk_100mhz_i_IBUF_BUFG_inst/O
                         net (fo=9761, routed)        1.621     5.142    clk_100mhz_i_IBUF_BUFG
    SLICE_X0Y27          FDPE                                         r  reset_release_pipe_reg[1]/C
  -------------------------------------------------------------------    -------------------
    SLICE_X0Y27          FDPE (Prop_fdpe_C_Q)         0.456     5.598 f  reset_release_pipe_reg[1]/Q
                         net (fo=1608, routed)        6.815    12.413    localization_command_ctrl_instance/Q[0]
    SLICE_X57Y48         FDCE                                         f  localization_command_ctrl_instance/upper_coefficient_a_reg[11]/CLR
  -------------------------------------------------------------------    -------------------

                         (clock clk_100mhz rise edge)
                                                     10.000    10.000 r  
    W5                                                0.000    10.000 r  clk_100mhz_i (IN)
                         net (fo=0)                   0.000    10.000    clk_100mhz_i
    W5                   IBUF (Prop_ibuf_I_O)         1.388    11.388 r  clk_100mhz_i_IBUF_inst/O
                         net (fo=1, routed)           1.862    13.250    clk_100mhz_i_IBUF
    BUFGCTRL_X0Y0        BUFG (Prop_bufg_I_O)         0.091    13.341 r  clk_100mhz_i_IBUF_BUFG_inst/O
                         net (fo=9761, routed)        1.454    14.795    localization_command_ctrl_instance/clk_100mhz_i_IBUF_BUFG
    SLICE_X57Y48         FDCE                                         r  localization_command_ctrl_instance/upper_coefficient_a_reg[11]/C
                         clock pessimism              0.188    14.983    
                         clock uncertainty           -0.035    14.948    
    SLICE_X57Y48         FDCE (Recov_fdce_C_CLR)     -0.405    14.543    localization_command_ctrl_instance/upper_coefficient_a_reg[11]
  -------------------------------------------------------------------
                         required time                         14.543    
                         arrival time                         -12.413    
  -------------------------------------------------------------------
                         slack                                  2.130    





Min Delay Paths
--------------------------------------------------------------------------------------
Slack (MET) :             0.623ns  (arrival time - required time)
  Source:                 reset_release_pipe_reg[1]/C
                            (rising edge-triggered cell FDPE clocked by clk_100mhz  {rise@0.000ns fall@5.000ns period=10.000ns})
  Destination:            protocol_response_adapter_instance/result_distance_saved_reg[13]/CLR
                            (removal check against rising-edge clock clk_100mhz  {rise@0.000ns fall@5.000ns period=10.000ns})
  Path Group:             **async_default**
  Path Type:              Removal (Min at Fast Process Corner)
  Requirement:            0.000ns  (clk_100mhz rise@0.000ns - clk_100mhz rise@0.000ns)
  Data Path Delay:        0.835ns  (logic 0.141ns (16.886%)  route 0.694ns (83.114%))
  Logic Levels:           0  
  Clock Path Skew:        0.279ns (DCD - SCD - CPR)
    Destination Clock Delay (DCD):    1.991ns
    Source Clock Delay      (SCD):    1.468ns
    Clock Pessimism Removal (CPR):    0.244ns

    Location             Delay type                Incr(ns)  Path(ns)    Netlist Resource(s)
  -------------------------------------------------------------------    -------------------
                         (clock clk_100mhz rise edge)
                                                      0.000     0.000 r  
    W5                                                0.000     0.000 r  clk_100mhz_i (IN)
                         net (fo=0)                   0.000     0.000    clk_100mhz_i
    W5                   IBUF (Prop_ibuf_I_O)         0.226     0.226 r  clk_100mhz_i_IBUF_inst/O
                         net (fo=1, routed)           0.631     0.858    clk_100mhz_i_IBUF
    BUFGCTRL_X0Y0        BUFG (Prop_bufg_I_O)         0.026     0.884 r  clk_100mhz_i_IBUF_BUFG_inst/O
                         net (fo=9761, routed)        0.585     1.468    clk_100mhz_i_IBUF_BUFG
    SLICE_X0Y27          FDPE                                         r  reset_release_pipe_reg[1]/C
  -------------------------------------------------------------------    -------------------
    SLICE_X0Y27          FDPE (Prop_fdpe_C_Q)         0.141     1.609 f  reset_release_pipe_reg[1]/Q
                         net (fo=1608, routed)        0.694     2.303    protocol_response_adapter_instance/Q[0]
    SLICE_X2Y55          FDCE                                         f  protocol_response_adapter_instance/result_distance_saved_reg[13]/CLR
  -------------------------------------------------------------------    -------------------

                         (clock clk_100mhz rise edge)
                                                      0.000     0.000 r  
    W5                                                0.000     0.000 r  clk_100mhz_i (IN)
                         net (fo=0)                   0.000     0.000    clk_100mhz_i
    W5                   IBUF (Prop_ibuf_I_O)         0.414     0.414 r  clk_100mhz_i_IBUF_inst/O
                         net (fo=1, routed)           0.685     1.099    clk_100mhz_i_IBUF
    BUFGCTRL_X0Y0        BUFG (Prop_bufg_I_O)         0.029     1.128 r  clk_100mhz_i_IBUF_BUFG_inst/O
                         net (fo=9761, routed)        0.863     1.991    protocol_response_adapter_instance/clk_100mhz_i_IBUF_BUFG
    SLICE_X2Y55          FDCE                                         r  protocol_response_adapter_instance/result_distance_saved_reg[13]/C
                         clock pessimism             -0.244     1.747    
    SLICE_X2Y55          FDCE (Remov_fdce_C_CLR)     -0.067     1.680    protocol_response_adapter_instance/result_distance_saved_reg[13]
  -------------------------------------------------------------------
                         required time                         -1.680    
                         arrival time                           2.303    
  -------------------------------------------------------------------
                         slack                                  0.623    

Slack (MET) :             0.623ns  (arrival time - required time)
  Source:                 reset_release_pipe_reg[1]/C
                            (rising edge-triggered cell FDPE clocked by clk_100mhz  {rise@0.000ns fall@5.000ns period=10.000ns})
  Destination:            protocol_response_adapter_instance/result_distance_saved_reg[20]/CLR
                            (removal check against rising-edge clock clk_100mhz  {rise@0.000ns fall@5.000ns period=10.000ns})
  Path Group:             **async_default**
  Path Type:              Removal (Min at Fast Process Corner)
  Requirement:            0.000ns  (clk_100mhz rise@0.000ns - clk_100mhz rise@0.000ns)
  Data Path Delay:        0.835ns  (logic 0.141ns (16.886%)  route 0.694ns (83.114%))
  Logic Levels:           0  
  Clock Path Skew:        0.279ns (DCD - SCD - CPR)
    Destination Clock Delay (DCD):    1.991ns
    Source Clock Delay      (SCD):    1.468ns
    Clock Pessimism Removal (CPR):    0.244ns

    Location             Delay type                Incr(ns)  Path(ns)    Netlist Resource(s)
  -------------------------------------------------------------------    -------------------
                         (clock clk_100mhz rise edge)
                                                      0.000     0.000 r  
    W5                                                0.000     0.000 r  clk_100mhz_i (IN)
                         net (fo=0)                   0.000     0.000    clk_100mhz_i
    W5                   IBUF (Prop_ibuf_I_O)         0.226     0.226 r  clk_100mhz_i_IBUF_inst/O
                         net (fo=1, routed)           0.631     0.858    clk_100mhz_i_IBUF
    BUFGCTRL_X0Y0        BUFG (Prop_bufg_I_O)         0.026     0.884 r  clk_100mhz_i_IBUF_BUFG_inst/O
                         net (fo=9761, routed)        0.585     1.468    clk_100mhz_i_IBUF_BUFG
    SLICE_X0Y27          FDPE                                         r  reset_release_pipe_reg[1]/C
  -------------------------------------------------------------------    -------------------
    SLICE_X0Y27          FDPE (Prop_fdpe_C_Q)         0.141     1.609 f  reset_release_pipe_reg[1]/Q
                         net (fo=1608, routed)        0.694     2.303    protocol_response_adapter_instance/Q[0]
    SLICE_X2Y55          FDCE                                         f  protocol_response_adapter_instance/result_distance_saved_reg[20]/CLR
  -------------------------------------------------------------------    -------------------

                         (clock clk_100mhz rise edge)
                                                      0.000     0.000 r  
    W5                                                0.000     0.000 r  clk_100mhz_i (IN)
                         net (fo=0)                   0.000     0.000    clk_100mhz_i
    W5                   IBUF (Prop_ibuf_I_O)         0.414     0.414 r  clk_100mhz_i_IBUF_inst/O
                         net (fo=1, routed)           0.685     1.099    clk_100mhz_i_IBUF
    BUFGCTRL_X0Y0        BUFG (Prop_bufg_I_O)         0.029     1.128 r  clk_100mhz_i_IBUF_BUFG_inst/O
                         net (fo=9761, routed)        0.863     1.991    protocol_response_adapter_instance/clk_100mhz_i_IBUF_BUFG
    SLICE_X2Y55          FDCE                                         r  protocol_response_adapter_instance/result_distance_saved_reg[20]/C
                         clock pessimism             -0.244     1.747    
    SLICE_X2Y55          FDCE (Remov_fdce_C_CLR)     -0.067     1.680    protocol_response_adapter_instance/result_distance_saved_reg[20]
  -------------------------------------------------------------------
                         required time                         -1.680    
                         arrival time                           2.303    
  -------------------------------------------------------------------
                         slack                                  0.623    

Slack (MET) :             0.623ns  (arrival time - required time)
  Source:                 reset_release_pipe_reg[1]/C
                            (rising edge-triggered cell FDPE clocked by clk_100mhz  {rise@0.000ns fall@5.000ns period=10.000ns})
  Destination:            protocol_response_adapter_instance/result_distance_saved_reg[21]/CLR
                            (removal check against rising-edge clock clk_100mhz  {rise@0.000ns fall@5.000ns period=10.000ns})
  Path Group:             **async_default**
  Path Type:              Removal (Min at Fast Process Corner)
  Requirement:            0.000ns  (clk_100mhz rise@0.000ns - clk_100mhz rise@0.000ns)
  Data Path Delay:        0.835ns  (logic 0.141ns (16.886%)  route 0.694ns (83.114%))
  Logic Levels:           0  
  Clock Path Skew:        0.279ns (DCD - SCD - CPR)
    Destination Clock Delay (DCD):    1.991ns
    Source Clock Delay      (SCD):    1.468ns
    Clock Pessimism Removal (CPR):    0.244ns

    Location             Delay type                Incr(ns)  Path(ns)    Netlist Resource(s)
  -------------------------------------------------------------------    -------------------
                         (clock clk_100mhz rise edge)
                                                      0.000     0.000 r  
    W5                                                0.000     0.000 r  clk_100mhz_i (IN)
                         net (fo=0)                   0.000     0.000    clk_100mhz_i
    W5                   IBUF (Prop_ibuf_I_O)         0.226     0.226 r  clk_100mhz_i_IBUF_inst/O
                         net (fo=1, routed)           0.631     0.858    clk_100mhz_i_IBUF
    BUFGCTRL_X0Y0        BUFG (Prop_bufg_I_O)         0.026     0.884 r  clk_100mhz_i_IBUF_BUFG_inst/O
                         net (fo=9761, routed)        0.585     1.468    clk_100mhz_i_IBUF_BUFG
    SLICE_X0Y27          FDPE                                         r  reset_release_pipe_reg[1]/C
  -------------------------------------------------------------------    -------------------
    SLICE_X0Y27          FDPE (Prop_fdpe_C_Q)         0.141     1.609 f  reset_release_pipe_reg[1]/Q
                         net (fo=1608, routed)        0.694     2.303    protocol_response_adapter_instance/Q[0]
    SLICE_X2Y55          FDCE                                         f  protocol_response_adapter_instance/result_distance_saved_reg[21]/CLR
  -------------------------------------------------------------------    -------------------

                         (clock clk_100mhz rise edge)
                                                      0.000     0.000 r  
    W5                                                0.000     0.000 r  clk_100mhz_i (IN)
                         net (fo=0)                   0.000     0.000    clk_100mhz_i
    W5                   IBUF (Prop_ibuf_I_O)         0.414     0.414 r  clk_100mhz_i_IBUF_inst/O
                         net (fo=1, routed)           0.685     1.099    clk_100mhz_i_IBUF
    BUFGCTRL_X0Y0        BUFG (Prop_bufg_I_O)         0.029     1.128 r  clk_100mhz_i_IBUF_BUFG_inst/O
                         net (fo=9761, routed)        0.863     1.991    protocol_response_adapter_instance/clk_100mhz_i_IBUF_BUFG
    SLICE_X2Y55          FDCE                                         r  protocol_response_adapter_instance/result_distance_saved_reg[21]/C
                         clock pessimism             -0.244     1.747    
    SLICE_X2Y55          FDCE (Remov_fdce_C_CLR)     -0.067     1.680    protocol_response_adapter_instance/result_distance_saved_reg[21]
  -------------------------------------------------------------------
                         required time                         -1.680    
                         arrival time                           2.303    
  -------------------------------------------------------------------
                         slack                                  0.623    

Slack (MET) :             0.623ns  (arrival time - required time)
  Source:                 reset_release_pipe_reg[1]/C
                            (rising edge-triggered cell FDPE clocked by clk_100mhz  {rise@0.000ns fall@5.000ns period=10.000ns})
  Destination:            protocol_response_adapter_instance/result_distance_saved_reg[30]/CLR
                            (removal check against rising-edge clock clk_100mhz  {rise@0.000ns fall@5.000ns period=10.000ns})
  Path Group:             **async_default**
  Path Type:              Removal (Min at Fast Process Corner)
  Requirement:            0.000ns  (clk_100mhz rise@0.000ns - clk_100mhz rise@0.000ns)
  Data Path Delay:        0.835ns  (logic 0.141ns (16.886%)  route 0.694ns (83.114%))
  Logic Levels:           0  
  Clock Path Skew:        0.279ns (DCD - SCD - CPR)
    Destination Clock Delay (DCD):    1.991ns
    Source Clock Delay      (SCD):    1.468ns
    Clock Pessimism Removal (CPR):    0.244ns

    Location             Delay type                Incr(ns)  Path(ns)    Netlist Resource(s)
  -------------------------------------------------------------------    -------------------
                         (clock clk_100mhz rise edge)
                                                      0.000     0.000 r  
    W5                                                0.000     0.000 r  clk_100mhz_i (IN)
                         net (fo=0)                   0.000     0.000    clk_100mhz_i
    W5                   IBUF (Prop_ibuf_I_O)         0.226     0.226 r  clk_100mhz_i_IBUF_inst/O
                         net (fo=1, routed)           0.631     0.858    clk_100mhz_i_IBUF
    BUFGCTRL_X0Y0        BUFG (Prop_bufg_I_O)         0.026     0.884 r  clk_100mhz_i_IBUF_BUFG_inst/O
                         net (fo=9761, routed)        0.585     1.468    clk_100mhz_i_IBUF_BUFG
    SLICE_X0Y27          FDPE                                         r  reset_release_pipe_reg[1]/C
  -------------------------------------------------------------------    -------------------
    SLICE_X0Y27          FDPE (Prop_fdpe_C_Q)         0.141     1.609 f  reset_release_pipe_reg[1]/Q
                         net (fo=1608, routed)        0.694     2.303    protocol_response_adapter_instance/Q[0]
    SLICE_X2Y55          FDCE                                         f  protocol_response_adapter_instance/result_distance_saved_reg[30]/CLR
  -------------------------------------------------------------------    -------------------

                         (clock clk_100mhz rise edge)
                                                      0.000     0.000 r  
    W5                                                0.000     0.000 r  clk_100mhz_i (IN)
                         net (fo=0)                   0.000     0.000    clk_100mhz_i
    W5                   IBUF (Prop_ibuf_I_O)         0.414     0.414 r  clk_100mhz_i_IBUF_inst/O
                         net (fo=1, routed)           0.685     1.099    clk_100mhz_i_IBUF
    BUFGCTRL_X0Y0        BUFG (Prop_bufg_I_O)         0.029     1.128 r  clk_100mhz_i_IBUF_BUFG_inst/O
                         net (fo=9761, routed)        0.863     1.991    protocol_response_adapter_instance/clk_100mhz_i_IBUF_BUFG
    SLICE_X2Y55          FDCE                                         r  protocol_response_adapter_instance/result_distance_saved_reg[30]/C
                         clock pessimism             -0.244     1.747    
    SLICE_X2Y55          FDCE (Remov_fdce_C_CLR)     -0.067     1.680    protocol_response_adapter_instance/result_distance_saved_reg[30]
  -------------------------------------------------------------------
                         required time                         -1.680    
                         arrival time                           2.303    
  -------------------------------------------------------------------
                         slack                                  0.623    

Slack (MET) :             0.623ns  (arrival time - required time)
  Source:                 reset_release_pipe_reg[1]/C
                            (rising edge-triggered cell FDPE clocked by clk_100mhz  {rise@0.000ns fall@5.000ns period=10.000ns})
  Destination:            protocol_response_adapter_instance/result_distance_saved_reg[37]/CLR
                            (removal check against rising-edge clock clk_100mhz  {rise@0.000ns fall@5.000ns period=10.000ns})
  Path Group:             **async_default**
  Path Type:              Removal (Min at Fast Process Corner)
  Requirement:            0.000ns  (clk_100mhz rise@0.000ns - clk_100mhz rise@0.000ns)
  Data Path Delay:        0.835ns  (logic 0.141ns (16.886%)  route 0.694ns (83.114%))
  Logic Levels:           0  
  Clock Path Skew:        0.279ns (DCD - SCD - CPR)
    Destination Clock Delay (DCD):    1.991ns
    Source Clock Delay      (SCD):    1.468ns
    Clock Pessimism Removal (CPR):    0.244ns

    Location             Delay type                Incr(ns)  Path(ns)    Netlist Resource(s)
  -------------------------------------------------------------------    -------------------
                         (clock clk_100mhz rise edge)
                                                      0.000     0.000 r  
    W5                                                0.000     0.000 r  clk_100mhz_i (IN)
                         net (fo=0)                   0.000     0.000    clk_100mhz_i
    W5                   IBUF (Prop_ibuf_I_O)         0.226     0.226 r  clk_100mhz_i_IBUF_inst/O
                         net (fo=1, routed)           0.631     0.858    clk_100mhz_i_IBUF
    BUFGCTRL_X0Y0        BUFG (Prop_bufg_I_O)         0.026     0.884 r  clk_100mhz_i_IBUF_BUFG_inst/O
                         net (fo=9761, routed)        0.585     1.468    clk_100mhz_i_IBUF_BUFG
    SLICE_X0Y27          FDPE                                         r  reset_release_pipe_reg[1]/C
  -------------------------------------------------------------------    -------------------
    SLICE_X0Y27          FDPE (Prop_fdpe_C_Q)         0.141     1.609 f  reset_release_pipe_reg[1]/Q
                         net (fo=1608, routed)        0.694     2.303    protocol_response_adapter_instance/Q[0]
    SLICE_X2Y55          FDCE                                         f  protocol_response_adapter_instance/result_distance_saved_reg[37]/CLR
  -------------------------------------------------------------------    -------------------

                         (clock clk_100mhz rise edge)
                                                      0.000     0.000 r  
    W5                                                0.000     0.000 r  clk_100mhz_i (IN)
                         net (fo=0)                   0.000     0.000    clk_100mhz_i
    W5                   IBUF (Prop_ibuf_I_O)         0.414     0.414 r  clk_100mhz_i_IBUF_inst/O
                         net (fo=1, routed)           0.685     1.099    clk_100mhz_i_IBUF
    BUFGCTRL_X0Y0        BUFG (Prop_bufg_I_O)         0.029     1.128 r  clk_100mhz_i_IBUF_BUFG_inst/O
                         net (fo=9761, routed)        0.863     1.991    protocol_response_adapter_instance/clk_100mhz_i_IBUF_BUFG
    SLICE_X2Y55          FDCE                                         r  protocol_response_adapter_instance/result_distance_saved_reg[37]/C
                         clock pessimism             -0.244     1.747    
    SLICE_X2Y55          FDCE (Remov_fdce_C_CLR)     -0.067     1.680    protocol_response_adapter_instance/result_distance_saved_reg[37]
  -------------------------------------------------------------------
                         required time                         -1.680    
                         arrival time                           2.303    
  -------------------------------------------------------------------
                         slack                                  0.623    

Slack (MET) :             0.623ns  (arrival time - required time)
  Source:                 localization_command_ctrl_instance/child_reset_result_reg/C
                            (rising edge-triggered cell FDCE clocked by clk_100mhz  {rise@0.000ns fall@5.000ns period=10.000ns})
  Destination:            localization_command_ctrl_instance/initial_polygon_loader_instance/loaded_vertex_count_result_reg[10]/CLR
                            (removal check against rising-edge clock clk_100mhz  {rise@0.000ns fall@5.000ns period=10.000ns})
  Path Group:             **async_default**
  Path Type:              Removal (Min at Fast Process Corner)
  Requirement:            0.000ns  (clk_100mhz rise@0.000ns - clk_100mhz rise@0.000ns)
  Data Path Delay:        0.803ns  (logic 0.186ns (23.159%)  route 0.617ns (76.841%))
  Logic Levels:           1  (LUT2=1)
  Clock Path Skew:        0.272ns (DCD - SCD - CPR)
    Destination Clock Delay (DCD):    1.960ns
    Source Clock Delay      (SCD):    1.444ns
    Clock Pessimism Removal (CPR):    0.244ns

    Location             Delay type                Incr(ns)  Path(ns)    Netlist Resource(s)
  -------------------------------------------------------------------    -------------------
                         (clock clk_100mhz rise edge)
                                                      0.000     0.000 r  
    W5                                                0.000     0.000 r  clk_100mhz_i (IN)
                         net (fo=0)                   0.000     0.000    clk_100mhz_i
    W5                   IBUF (Prop_ibuf_I_O)         0.226     0.226 r  clk_100mhz_i_IBUF_inst/O
                         net (fo=1, routed)           0.631     0.858    clk_100mhz_i_IBUF
    BUFGCTRL_X0Y0        BUFG (Prop_bufg_I_O)         0.026     0.884 r  clk_100mhz_i_IBUF_BUFG_inst/O
                         net (fo=9761, routed)        0.561     1.444    localization_command_ctrl_instance/clk_100mhz_i_IBUF_BUFG
    SLICE_X29Y53         FDCE                                         r  localization_command_ctrl_instance/child_reset_result_reg/C
  -------------------------------------------------------------------    -------------------
    SLICE_X29Y53         FDCE (Prop_fdce_C_Q)         0.141     1.585 f  localization_command_ctrl_instance/child_reset_result_reg/Q
                         net (fo=6, routed)           0.372     1.958    localization_command_ctrl_instance/polygon_clip_engine_instance/intersection_instance/child_reset_result
    SLICE_X29Y49         LUT2 (Prop_lut2_I0_O)        0.045     2.003 f  localization_command_ctrl_instance/polygon_clip_engine_instance/intersection_instance/FSM_onehot_state_current[2]_i_2__1/O
                         net (fo=2793, routed)        0.245     2.247    localization_command_ctrl_instance/initial_polygon_loader_instance/reset_i
    SLICE_X33Y49         FDCE                                         f  localization_command_ctrl_instance/initial_polygon_loader_instance/loaded_vertex_count_result_reg[10]/CLR
  -------------------------------------------------------------------    -------------------

                         (clock clk_100mhz rise edge)
                                                      0.000     0.000 r  
    W5                                                0.000     0.000 r  clk_100mhz_i (IN)
                         net (fo=0)                   0.000     0.000    clk_100mhz_i
    W5                   IBUF (Prop_ibuf_I_O)         0.414     0.414 r  clk_100mhz_i_IBUF_inst/O
                         net (fo=1, routed)           0.685     1.099    clk_100mhz_i_IBUF
    BUFGCTRL_X0Y0        BUFG (Prop_bufg_I_O)         0.029     1.128 r  clk_100mhz_i_IBUF_BUFG_inst/O
                         net (fo=9761, routed)        0.833     1.960    localization_command_ctrl_instance/initial_polygon_loader_instance/clk_100mhz_i_IBUF_BUFG
    SLICE_X33Y49         FDCE                                         r  localization_command_ctrl_instance/initial_polygon_loader_instance/loaded_vertex_count_result_reg[10]/C
                         clock pessimism             -0.244     1.716    
    SLICE_X33Y49         FDCE (Remov_fdce_C_CLR)     -0.092     1.624    localization_command_ctrl_instance/initial_polygon_loader_instance/loaded_vertex_count_result_reg[10]
  -------------------------------------------------------------------
                         required time                         -1.624    
                         arrival time                           2.247    
  -------------------------------------------------------------------
                         slack                                  0.623    

Slack (MET) :             0.623ns  (arrival time - required time)
  Source:                 localization_command_ctrl_instance/child_reset_result_reg/C
                            (rising edge-triggered cell FDCE clocked by clk_100mhz  {rise@0.000ns fall@5.000ns period=10.000ns})
  Destination:            localization_command_ctrl_instance/initial_polygon_loader_instance/loaded_vertex_count_result_reg[3]/CLR
                            (removal check against rising-edge clock clk_100mhz  {rise@0.000ns fall@5.000ns period=10.000ns})
  Path Group:             **async_default**
  Path Type:              Removal (Min at Fast Process Corner)
  Requirement:            0.000ns  (clk_100mhz rise@0.000ns - clk_100mhz rise@0.000ns)
  Data Path Delay:        0.803ns  (logic 0.186ns (23.159%)  route 0.617ns (76.841%))
  Logic Levels:           1  (LUT2=1)
  Clock Path Skew:        0.272ns (DCD - SCD - CPR)
    Destination Clock Delay (DCD):    1.960ns
    Source Clock Delay      (SCD):    1.444ns
    Clock Pessimism Removal (CPR):    0.244ns

    Location             Delay type                Incr(ns)  Path(ns)    Netlist Resource(s)
  -------------------------------------------------------------------    -------------------
                         (clock clk_100mhz rise edge)
                                                      0.000     0.000 r  
    W5                                                0.000     0.000 r  clk_100mhz_i (IN)
                         net (fo=0)                   0.000     0.000    clk_100mhz_i
    W5                   IBUF (Prop_ibuf_I_O)         0.226     0.226 r  clk_100mhz_i_IBUF_inst/O
                         net (fo=1, routed)           0.631     0.858    clk_100mhz_i_IBUF
    BUFGCTRL_X0Y0        BUFG (Prop_bufg_I_O)         0.026     0.884 r  clk_100mhz_i_IBUF_BUFG_inst/O
                         net (fo=9761, routed)        0.561     1.444    localization_command_ctrl_instance/clk_100mhz_i_IBUF_BUFG
    SLICE_X29Y53         FDCE                                         r  localization_command_ctrl_instance/child_reset_result_reg/C
  -------------------------------------------------------------------    -------------------
    SLICE_X29Y53         FDCE (Prop_fdce_C_Q)         0.141     1.585 f  localization_command_ctrl_instance/child_reset_result_reg/Q
                         net (fo=6, routed)           0.372     1.958    localization_command_ctrl_instance/polygon_clip_engine_instance/intersection_instance/child_reset_result
    SLICE_X29Y49         LUT2 (Prop_lut2_I0_O)        0.045     2.003 f  localization_command_ctrl_instance/polygon_clip_engine_instance/intersection_instance/FSM_onehot_state_current[2]_i_2__1/O
                         net (fo=2793, routed)        0.245     2.247    localization_command_ctrl_instance/initial_polygon_loader_instance/reset_i
    SLICE_X33Y49         FDCE                                         f  localization_command_ctrl_instance/initial_polygon_loader_instance/loaded_vertex_count_result_reg[3]/CLR
  -------------------------------------------------------------------    -------------------

                         (clock clk_100mhz rise edge)
                                                      0.000     0.000 r  
    W5                                                0.000     0.000 r  clk_100mhz_i (IN)
                         net (fo=0)                   0.000     0.000    clk_100mhz_i
    W5                   IBUF (Prop_ibuf_I_O)         0.414     0.414 r  clk_100mhz_i_IBUF_inst/O
                         net (fo=1, routed)           0.685     1.099    clk_100mhz_i_IBUF
    BUFGCTRL_X0Y0        BUFG (Prop_bufg_I_O)         0.029     1.128 r  clk_100mhz_i_IBUF_BUFG_inst/O
                         net (fo=9761, routed)        0.833     1.960    localization_command_ctrl_instance/initial_polygon_loader_instance/clk_100mhz_i_IBUF_BUFG
    SLICE_X33Y49         FDCE                                         r  localization_command_ctrl_instance/initial_polygon_loader_instance/loaded_vertex_count_result_reg[3]/C
                         clock pessimism             -0.244     1.716    
    SLICE_X33Y49         FDCE (Remov_fdce_C_CLR)     -0.092     1.624    localization_command_ctrl_instance/initial_polygon_loader_instance/loaded_vertex_count_result_reg[3]
  -------------------------------------------------------------------
                         required time                         -1.624    
                         arrival time                           2.247    
  -------------------------------------------------------------------
                         slack                                  0.623    

Slack (MET) :             0.623ns  (arrival time - required time)
  Source:                 localization_command_ctrl_instance/child_reset_result_reg/C
                            (rising edge-triggered cell FDCE clocked by clk_100mhz  {rise@0.000ns fall@5.000ns period=10.000ns})
  Destination:            localization_command_ctrl_instance/initial_polygon_loader_instance/loaded_vertex_count_result_reg[7]/CLR
                            (removal check against rising-edge clock clk_100mhz  {rise@0.000ns fall@5.000ns period=10.000ns})
  Path Group:             **async_default**
  Path Type:              Removal (Min at Fast Process Corner)
  Requirement:            0.000ns  (clk_100mhz rise@0.000ns - clk_100mhz rise@0.000ns)
  Data Path Delay:        0.803ns  (logic 0.186ns (23.159%)  route 0.617ns (76.841%))
  Logic Levels:           1  (LUT2=1)
  Clock Path Skew:        0.272ns (DCD - SCD - CPR)
    Destination Clock Delay (DCD):    1.960ns
    Source Clock Delay      (SCD):    1.444ns
    Clock Pessimism Removal (CPR):    0.244ns

    Location             Delay type                Incr(ns)  Path(ns)    Netlist Resource(s)
  -------------------------------------------------------------------    -------------------
                         (clock clk_100mhz rise edge)
                                                      0.000     0.000 r  
    W5                                                0.000     0.000 r  clk_100mhz_i (IN)
                         net (fo=0)                   0.000     0.000    clk_100mhz_i
    W5                   IBUF (Prop_ibuf_I_O)         0.226     0.226 r  clk_100mhz_i_IBUF_inst/O
                         net (fo=1, routed)           0.631     0.858    clk_100mhz_i_IBUF
    BUFGCTRL_X0Y0        BUFG (Prop_bufg_I_O)         0.026     0.884 r  clk_100mhz_i_IBUF_BUFG_inst/O
                         net (fo=9761, routed)        0.561     1.444    localization_command_ctrl_instance/clk_100mhz_i_IBUF_BUFG
    SLICE_X29Y53         FDCE                                         r  localization_command_ctrl_instance/child_reset_result_reg/C
  -------------------------------------------------------------------    -------------------
    SLICE_X29Y53         FDCE (Prop_fdce_C_Q)         0.141     1.585 f  localization_command_ctrl_instance/child_reset_result_reg/Q
                         net (fo=6, routed)           0.372     1.958    localization_command_ctrl_instance/polygon_clip_engine_instance/intersection_instance/child_reset_result
    SLICE_X29Y49         LUT2 (Prop_lut2_I0_O)        0.045     2.003 f  localization_command_ctrl_instance/polygon_clip_engine_instance/intersection_instance/FSM_onehot_state_current[2]_i_2__1/O
                         net (fo=2793, routed)        0.245     2.247    localization_command_ctrl_instance/initial_polygon_loader_instance/reset_i
    SLICE_X33Y49         FDCE                                         f  localization_command_ctrl_instance/initial_polygon_loader_instance/loaded_vertex_count_result_reg[7]/CLR
  -------------------------------------------------------------------    -------------------

                         (clock clk_100mhz rise edge)
                                                      0.000     0.000 r  
    W5                                                0.000     0.000 r  clk_100mhz_i (IN)
                         net (fo=0)                   0.000     0.000    clk_100mhz_i
    W5                   IBUF (Prop_ibuf_I_O)         0.414     0.414 r  clk_100mhz_i_IBUF_inst/O
                         net (fo=1, routed)           0.685     1.099    clk_100mhz_i_IBUF
    BUFGCTRL_X0Y0        BUFG (Prop_bufg_I_O)         0.029     1.128 r  clk_100mhz_i_IBUF_BUFG_inst/O
                         net (fo=9761, routed)        0.833     1.960    localization_command_ctrl_instance/initial_polygon_loader_instance/clk_100mhz_i_IBUF_BUFG
    SLICE_X33Y49         FDCE                                         r  localization_command_ctrl_instance/initial_polygon_loader_instance/loaded_vertex_count_result_reg[7]/C
                         clock pessimism             -0.244     1.716    
    SLICE_X33Y49         FDCE (Remov_fdce_C_CLR)     -0.092     1.624    localization_command_ctrl_instance/initial_polygon_loader_instance/loaded_vertex_count_result_reg[7]
  -------------------------------------------------------------------
                         required time                         -1.624    
                         arrival time                           2.247    
  -------------------------------------------------------------------
                         slack                                  0.623    

Slack (MET) :             0.623ns  (arrival time - required time)
  Source:                 localization_command_ctrl_instance/child_reset_result_reg/C
                            (rising edge-triggered cell FDCE clocked by clk_100mhz  {rise@0.000ns fall@5.000ns period=10.000ns})
  Destination:            localization_command_ctrl_instance/initial_polygon_loader_instance/loaded_vertex_count_result_reg[8]/CLR
                            (removal check against rising-edge clock clk_100mhz  {rise@0.000ns fall@5.000ns period=10.000ns})
  Path Group:             **async_default**
  Path Type:              Removal (Min at Fast Process Corner)
  Requirement:            0.000ns  (clk_100mhz rise@0.000ns - clk_100mhz rise@0.000ns)
  Data Path Delay:        0.803ns  (logic 0.186ns (23.159%)  route 0.617ns (76.841%))
  Logic Levels:           1  (LUT2=1)
  Clock Path Skew:        0.272ns (DCD - SCD - CPR)
    Destination Clock Delay (DCD):    1.960ns
    Source Clock Delay      (SCD):    1.444ns
    Clock Pessimism Removal (CPR):    0.244ns

    Location             Delay type                Incr(ns)  Path(ns)    Netlist Resource(s)
  -------------------------------------------------------------------    -------------------
                         (clock clk_100mhz rise edge)
                                                      0.000     0.000 r  
    W5                                                0.000     0.000 r  clk_100mhz_i (IN)
                         net (fo=0)                   0.000     0.000    clk_100mhz_i
    W5                   IBUF (Prop_ibuf_I_O)         0.226     0.226 r  clk_100mhz_i_IBUF_inst/O
                         net (fo=1, routed)           0.631     0.858    clk_100mhz_i_IBUF
    BUFGCTRL_X0Y0        BUFG (Prop_bufg_I_O)         0.026     0.884 r  clk_100mhz_i_IBUF_BUFG_inst/O
                         net (fo=9761, routed)        0.561     1.444    localization_command_ctrl_instance/clk_100mhz_i_IBUF_BUFG
    SLICE_X29Y53         FDCE                                         r  localization_command_ctrl_instance/child_reset_result_reg/C
  -------------------------------------------------------------------    -------------------
    SLICE_X29Y53         FDCE (Prop_fdce_C_Q)         0.141     1.585 f  localization_command_ctrl_instance/child_reset_result_reg/Q
                         net (fo=6, routed)           0.372     1.958    localization_command_ctrl_instance/polygon_clip_engine_instance/intersection_instance/child_reset_result
    SLICE_X29Y49         LUT2 (Prop_lut2_I0_O)        0.045     2.003 f  localization_command_ctrl_instance/polygon_clip_engine_instance/intersection_instance/FSM_onehot_state_current[2]_i_2__1/O
                         net (fo=2793, routed)        0.245     2.247    localization_command_ctrl_instance/initial_polygon_loader_instance/reset_i
    SLICE_X33Y49         FDCE                                         f  localization_command_ctrl_instance/initial_polygon_loader_instance/loaded_vertex_count_result_reg[8]/CLR
  -------------------------------------------------------------------    -------------------

                         (clock clk_100mhz rise edge)
                                                      0.000     0.000 r  
    W5                                                0.000     0.000 r  clk_100mhz_i (IN)
                         net (fo=0)                   0.000     0.000    clk_100mhz_i
    W5                   IBUF (Prop_ibuf_I_O)         0.414     0.414 r  clk_100mhz_i_IBUF_inst/O
                         net (fo=1, routed)           0.685     1.099    clk_100mhz_i_IBUF
    BUFGCTRL_X0Y0        BUFG (Prop_bufg_I_O)         0.029     1.128 r  clk_100mhz_i_IBUF_BUFG_inst/O
                         net (fo=9761, routed)        0.833     1.960    localization_command_ctrl_instance/initial_polygon_loader_instance/clk_100mhz_i_IBUF_BUFG
    SLICE_X33Y49         FDCE                                         r  localization_command_ctrl_instance/initial_polygon_loader_instance/loaded_vertex_count_result_reg[8]/C
                         clock pessimism             -0.244     1.716    
    SLICE_X33Y49         FDCE (Remov_fdce_C_CLR)     -0.092     1.624    localization_command_ctrl_instance/initial_polygon_loader_instance/loaded_vertex_count_result_reg[8]
  -------------------------------------------------------------------
                         required time                         -1.624    
                         arrival time                           2.247    
  -------------------------------------------------------------------
                         slack                                  0.623    

Slack (MET) :             0.623ns  (arrival time - required time)
  Source:                 localization_command_ctrl_instance/child_reset_result_reg/C
                            (rising edge-triggered cell FDCE clocked by clk_100mhz  {rise@0.000ns fall@5.000ns period=10.000ns})
  Destination:            localization_command_ctrl_instance/initial_polygon_loader_instance/loaded_vertex_count_result_reg[9]/CLR
                            (removal check against rising-edge clock clk_100mhz  {rise@0.000ns fall@5.000ns period=10.000ns})
  Path Group:             **async_default**
  Path Type:              Removal (Min at Fast Process Corner)
  Requirement:            0.000ns  (clk_100mhz rise@0.000ns - clk_100mhz rise@0.000ns)
  Data Path Delay:        0.803ns  (logic 0.186ns (23.159%)  route 0.617ns (76.841%))
  Logic Levels:           1  (LUT2=1)
  Clock Path Skew:        0.272ns (DCD - SCD - CPR)
    Destination Clock Delay (DCD):    1.960ns
    Source Clock Delay      (SCD):    1.444ns
    Clock Pessimism Removal (CPR):    0.244ns

    Location             Delay type                Incr(ns)  Path(ns)    Netlist Resource(s)
  -------------------------------------------------------------------    -------------------
                         (clock clk_100mhz rise edge)
                                                      0.000     0.000 r  
    W5                                                0.000     0.000 r  clk_100mhz_i (IN)
                         net (fo=0)                   0.000     0.000    clk_100mhz_i
    W5                   IBUF (Prop_ibuf_I_O)         0.226     0.226 r  clk_100mhz_i_IBUF_inst/O
                         net (fo=1, routed)           0.631     0.858    clk_100mhz_i_IBUF
    BUFGCTRL_X0Y0        BUFG (Prop_bufg_I_O)         0.026     0.884 r  clk_100mhz_i_IBUF_BUFG_inst/O
                         net (fo=9761, routed)        0.561     1.444    localization_command_ctrl_instance/clk_100mhz_i_IBUF_BUFG
    SLICE_X29Y53         FDCE                                         r  localization_command_ctrl_instance/child_reset_result_reg/C
  -------------------------------------------------------------------    -------------------
    SLICE_X29Y53         FDCE (Prop_fdce_C_Q)         0.141     1.585 f  localization_command_ctrl_instance/child_reset_result_reg/Q
                         net (fo=6, routed)           0.372     1.958    localization_command_ctrl_instance/polygon_clip_engine_instance/intersection_instance/child_reset_result
    SLICE_X29Y49         LUT2 (Prop_lut2_I0_O)        0.045     2.003 f  localization_command_ctrl_instance/polygon_clip_engine_instance/intersection_instance/FSM_onehot_state_current[2]_i_2__1/O
                         net (fo=2793, routed)        0.245     2.247    localization_command_ctrl_instance/initial_polygon_loader_instance/reset_i
    SLICE_X33Y49         FDCE                                         f  localization_command_ctrl_instance/initial_polygon_loader_instance/loaded_vertex_count_result_reg[9]/CLR
  -------------------------------------------------------------------    -------------------

                         (clock clk_100mhz rise edge)
                                                      0.000     0.000 r  
    W5                                                0.000     0.000 r  clk_100mhz_i (IN)
                         net (fo=0)                   0.000     0.000    clk_100mhz_i
    W5                   IBUF (Prop_ibuf_I_O)         0.414     0.414 r  clk_100mhz_i_IBUF_inst/O
                         net (fo=1, routed)           0.685     1.099    clk_100mhz_i_IBUF
    BUFGCTRL_X0Y0        BUFG (Prop_bufg_I_O)         0.029     1.128 r  clk_100mhz_i_IBUF_BUFG_inst/O
                         net (fo=9761, routed)        0.833     1.960    localization_command_ctrl_instance/initial_polygon_loader_instance/clk_100mhz_i_IBUF_BUFG
    SLICE_X33Y49         FDCE                                         r  localization_command_ctrl_instance/initial_polygon_loader_instance/loaded_vertex_count_result_reg[9]/C
                         clock pessimism             -0.244     1.716    
    SLICE_X33Y49         FDCE (Remov_fdce_C_CLR)     -0.092     1.624    localization_command_ctrl_instance/initial_polygon_loader_instance/loaded_vertex_count_result_reg[9]
  -------------------------------------------------------------------
                         required time                         -1.624    
                         arrival time                           2.247    
  -------------------------------------------------------------------
                         slack                                  0.623    





--------------------------------------------------------------------------------------
Path Group:  (none)
From Clock:  clk_100mhz
  To Clock:  

Max Delay             6 Endpoints
Min Delay             6 Endpoints
--------------------------------------------------------------------------------------


Max Delay Paths
--------------------------------------------------------------------------------------
Slack:                    inf
  Source:                 localization_command_ctrl_instance/FSM_sequential_state_current_reg[0]_rep__1/C
                            (rising edge-triggered cell FDPE clocked by clk_100mhz  {rise@0.000ns fall@5.000ns period=10.000ns})
  Destination:            status_led_o[0]
                            (output port)
  Path Group:             (none)
  Path Type:              Max at Slow Process Corner
  Data Path Delay:        12.807ns  (logic 4.209ns (32.863%)  route 8.598ns (67.137%))
  Logic Levels:           3  (LUT4=1 LUT6=1 OBUF=1)
  Clock Uncertainty:      0.025ns  ((TSJ^2 + TIJ^2)^1/2 + DJ) / 2 + PE
    Total System Jitter     (TSJ):    0.050ns
    Total Input Jitter      (TIJ):    0.000ns
    Discrete Jitter          (DJ):    0.000ns
    Phase Error              (PE):    0.000ns

    Location             Delay type                Incr(ns)  Path(ns)    Netlist Resource(s)
  -------------------------------------------------------------------    -------------------
                         (clock clk_100mhz rise edge)
                                                      0.000     0.000 r  
    W5                                                0.000     0.000 r  clk_100mhz_i (IN)
                         net (fo=0)                   0.000     0.000    clk_100mhz_i
    W5                   IBUF (Prop_ibuf_I_O)         1.458     1.458 r  clk_100mhz_i_IBUF_inst/O
                         net (fo=1, routed)           1.967     3.425    clk_100mhz_i_IBUF
    BUFGCTRL_X0Y0        BUFG (Prop_bufg_I_O)         0.096     3.521 r  clk_100mhz_i_IBUF_BUFG_inst/O
                         net (fo=9761, routed)        1.548     5.069    localization_command_ctrl_instance/clk_100mhz_i_IBUF_BUFG
    SLICE_X36Y63         FDPE                                         r  localization_command_ctrl_instance/FSM_sequential_state_current_reg[0]_rep__1/C
  -------------------------------------------------------------------    -------------------
    SLICE_X36Y63         FDPE (Prop_fdpe_C_Q)         0.456     5.525 f  localization_command_ctrl_instance/FSM_sequential_state_current_reg[0]_rep__1/Q
                         net (fo=98, routed)          1.906     7.431    localization_command_ctrl_instance/FSM_sequential_state_current_reg[0]_rep__1_n_0
    SLICE_X32Y58         LUT4 (Prop_lut4_I0_O)        0.124     7.555 r  localization_command_ctrl_instance/result_vertex_count_result[10]_i_1/O
                         net (fo=148, routed)         2.768    10.323    localization_command_ctrl_instance/FSM_sequential_state_current_reg[0]_rep__1_0
    SLICE_X7Y67          LUT6 (Prop_lut6_I1_O)        0.124    10.447 r  localization_command_ctrl_instance/status_led_o_OBUF[0]_inst_i_1/O
                         net (fo=1, routed)           3.924    14.371    status_led_o_OBUF[0]
    U16                  OBUF (Prop_obuf_I_O)         3.505    17.876 r  status_led_o_OBUF[0]_inst/O
                         net (fo=0)                   0.000    17.876    status_led_o[0]
    U16                                                               r  status_led_o[0] (OUT)
  -------------------------------------------------------------------    -------------------

Slack:                    inf
  Source:                 localization_command_ctrl_instance/FSM_sequential_state_current_reg[0]_rep__1/C
                            (rising edge-triggered cell FDPE clocked by clk_100mhz  {rise@0.000ns fall@5.000ns period=10.000ns})
  Destination:            status_led_o[2]
                            (output port)
  Path Group:             (none)
  Path Type:              Max at Slow Process Corner
  Data Path Delay:        11.394ns  (logic 4.457ns (39.118%)  route 6.937ns (60.882%))
  Logic Levels:           3  (LUT4=1 LUT5=1 OBUF=1)
  Clock Uncertainty:      0.025ns  ((TSJ^2 + TIJ^2)^1/2 + DJ) / 2 + PE
    Total System Jitter     (TSJ):    0.050ns
    Total Input Jitter      (TIJ):    0.000ns
    Discrete Jitter          (DJ):    0.000ns
    Phase Error              (PE):    0.000ns

    Location             Delay type                Incr(ns)  Path(ns)    Netlist Resource(s)
  -------------------------------------------------------------------    -------------------
                         (clock clk_100mhz rise edge)
                                                      0.000     0.000 r  
    W5                                                0.000     0.000 r  clk_100mhz_i (IN)
                         net (fo=0)                   0.000     0.000    clk_100mhz_i
    W5                   IBUF (Prop_ibuf_I_O)         1.458     1.458 r  clk_100mhz_i_IBUF_inst/O
                         net (fo=1, routed)           1.967     3.425    clk_100mhz_i_IBUF
    BUFGCTRL_X0Y0        BUFG (Prop_bufg_I_O)         0.096     3.521 r  clk_100mhz_i_IBUF_BUFG_inst/O
                         net (fo=9761, routed)        1.548     5.069    localization_command_ctrl_instance/clk_100mhz_i_IBUF_BUFG
    SLICE_X36Y63         FDPE                                         r  localization_command_ctrl_instance/FSM_sequential_state_current_reg[0]_rep__1/C
  -------------------------------------------------------------------    -------------------
    SLICE_X36Y63         FDPE (Prop_fdpe_C_Q)         0.456     5.525 r  localization_command_ctrl_instance/FSM_sequential_state_current_reg[0]_rep__1/Q
                         net (fo=98, routed)          1.906     7.431    localization_command_ctrl_instance/FSM_sequential_state_current_reg[0]_rep__1_n_0
    SLICE_X32Y58         LUT4 (Prop_lut4_I0_O)        0.124     7.555 f  localization_command_ctrl_instance/result_vertex_count_result[10]_i_1/O
                         net (fo=148, routed)         1.627     9.182    localization_command_ctrl_instance/FSM_sequential_state_current_reg[0]_rep__1_0
    SLICE_X14Y58         LUT5 (Prop_lut5_I4_O)        0.152     9.334 r  localization_command_ctrl_instance/status_led_o_OBUF[2]_inst_i_1/O
                         net (fo=1, routed)           3.404    12.738    status_led_o_OBUF[2]
    U19                  OBUF (Prop_obuf_I_O)         3.725    16.463 r  status_led_o_OBUF[2]_inst/O
                         net (fo=0)                   0.000    16.463    status_led_o[2]
    U19                                                               r  status_led_o[2] (OUT)
  -------------------------------------------------------------------    -------------------

Slack:                    inf
  Source:                 packet_decoder_instance/FSM_sequential_state_current_reg[1]/C
                            (rising edge-triggered cell FDCE clocked by clk_100mhz  {rise@0.000ns fall@5.000ns period=10.000ns})
  Destination:            status_led_o[1]
                            (output port)
  Path Group:             (none)
  Path Type:              Max at Slow Process Corner
  Data Path Delay:        11.318ns  (logic 4.460ns (39.404%)  route 6.858ns (60.596%))
  Logic Levels:           3  (LUT4=1 LUT6=1 OBUF=1)
  Clock Uncertainty:      0.025ns  ((TSJ^2 + TIJ^2)^1/2 + DJ) / 2 + PE
    Total System Jitter     (TSJ):    0.050ns
    Total Input Jitter      (TIJ):    0.000ns
    Discrete Jitter          (DJ):    0.000ns
    Phase Error              (PE):    0.000ns

    Location             Delay type                Incr(ns)  Path(ns)    Netlist Resource(s)
  -------------------------------------------------------------------    -------------------
                         (clock clk_100mhz rise edge)
                                                      0.000     0.000 r  
    W5                                                0.000     0.000 r  clk_100mhz_i (IN)
                         net (fo=0)                   0.000     0.000    clk_100mhz_i
    W5                   IBUF (Prop_ibuf_I_O)         1.458     1.458 r  clk_100mhz_i_IBUF_inst/O
                         net (fo=1, routed)           1.967     3.425    clk_100mhz_i_IBUF
    BUFGCTRL_X0Y0        BUFG (Prop_bufg_I_O)         0.096     3.521 r  clk_100mhz_i_IBUF_BUFG_inst/O
                         net (fo=9761, routed)        1.614     5.135    packet_decoder_instance/clk_100mhz_i_IBUF_BUFG
    SLICE_X4Y82          FDCE                                         r  packet_decoder_instance/FSM_sequential_state_current_reg[1]/C
  -------------------------------------------------------------------    -------------------
    SLICE_X4Y82          FDCE (Prop_fdce_C_Q)         0.456     5.591 r  packet_decoder_instance/FSM_sequential_state_current_reg[1]/Q
                         net (fo=57, routed)          1.568     7.159    packet_decoder_instance/FSM_sequential_state_current_reg[3]_0[1]
    SLICE_X8Y82          LUT4 (Prop_lut4_I3_O)        0.146     7.305 r  packet_decoder_instance/status_led_o_OBUF[1]_inst_i_2/O
                         net (fo=4, routed)           1.644     8.950    protocol_command_adapter_instance/decoder_frame_valid
    SLICE_X8Y92          LUT6 (Prop_lut6_I5_O)        0.328     9.278 r  protocol_command_adapter_instance/status_led_o_OBUF[1]_inst_i_1/O
                         net (fo=1, routed)           3.646    12.923    status_led_o_OBUF[1]
    E19                  OBUF (Prop_obuf_I_O)         3.530    16.453 r  status_led_o_OBUF[1]_inst/O
                         net (fo=0)                   0.000    16.453    status_led_o[1]
    E19                                                               r  status_led_o[1] (OUT)
  -------------------------------------------------------------------    -------------------

Slack:                    inf
  Source:                 localization_command_ctrl_instance/job_done_result_reg/C
                            (rising edge-triggered cell FDCE clocked by clk_100mhz  {rise@0.000ns fall@5.000ns period=10.000ns})
  Destination:            debug_trigger_o
                            (output port)
  Path Group:             (none)
  Path Type:              Max at Slow Process Corner
  Data Path Delay:        7.389ns  (logic 3.961ns (53.610%)  route 3.428ns (46.390%))
  Logic Levels:           1  (OBUF=1)
  Clock Uncertainty:      0.025ns  ((TSJ^2 + TIJ^2)^1/2 + DJ) / 2 + PE
    Total System Jitter     (TSJ):    0.050ns
    Total Input Jitter      (TIJ):    0.000ns
    Discrete Jitter          (DJ):    0.000ns
    Phase Error              (PE):    0.000ns

    Location             Delay type                Incr(ns)  Path(ns)    Netlist Resource(s)
  -------------------------------------------------------------------    -------------------
                         (clock clk_100mhz rise edge)
                                                      0.000     0.000 r  
    W5                                                0.000     0.000 r  clk_100mhz_i (IN)
                         net (fo=0)                   0.000     0.000    clk_100mhz_i
    W5                   IBUF (Prop_ibuf_I_O)         1.458     1.458 r  clk_100mhz_i_IBUF_inst/O
                         net (fo=1, routed)           1.967     3.425    clk_100mhz_i_IBUF
    BUFGCTRL_X0Y0        BUFG (Prop_bufg_I_O)         0.096     3.521 r  clk_100mhz_i_IBUF_BUFG_inst/O
                         net (fo=9761, routed)        1.541     5.062    localization_command_ctrl_instance/clk_100mhz_i_IBUF_BUFG
    SLICE_X32Y69         FDCE                                         r  localization_command_ctrl_instance/job_done_result_reg/C
  -------------------------------------------------------------------    -------------------
    SLICE_X32Y69         FDCE (Prop_fdce_C_Q)         0.456     5.518 r  localization_command_ctrl_instance/job_done_result_reg/Q
                         net (fo=1, routed)           3.428     8.945    debug_trigger_o_OBUF
    J1                   OBUF (Prop_obuf_I_O)         3.505    12.450 r  debug_trigger_o_OBUF_inst/O
                         net (fo=0)                   0.000    12.450    debug_trigger_o
    J1                                                                r  debug_trigger_o (OUT)
  -------------------------------------------------------------------    -------------------

Slack:                    inf
  Source:                 error_latched_reg/C
                            (rising edge-triggered cell FDCE clocked by clk_100mhz  {rise@0.000ns fall@5.000ns period=10.000ns})
  Destination:            status_led_o[3]
                            (output port)
  Path Group:             (none)
  Path Type:              Max at Slow Process Corner
  Data Path Delay:        7.173ns  (logic 4.027ns (56.138%)  route 3.146ns (43.862%))
  Logic Levels:           1  (OBUF=1)
  Clock Uncertainty:      0.025ns  ((TSJ^2 + TIJ^2)^1/2 + DJ) / 2 + PE
    Total System Jitter     (TSJ):    0.050ns
    Total Input Jitter      (TIJ):    0.000ns
    Discrete Jitter          (DJ):    0.000ns
    Phase Error              (PE):    0.000ns

    Location             Delay type                Incr(ns)  Path(ns)    Netlist Resource(s)
  -------------------------------------------------------------------    -------------------
                         (clock clk_100mhz rise edge)
                                                      0.000     0.000 r  
    W5                                                0.000     0.000 r  clk_100mhz_i (IN)
                         net (fo=0)                   0.000     0.000    clk_100mhz_i
    W5                   IBUF (Prop_ibuf_I_O)         1.458     1.458 r  clk_100mhz_i_IBUF_inst/O
                         net (fo=1, routed)           1.967     3.425    clk_100mhz_i_IBUF
    BUFGCTRL_X0Y0        BUFG (Prop_bufg_I_O)         0.096     3.521 r  clk_100mhz_i_IBUF_BUFG_inst/O
                         net (fo=9761, routed)        1.545     5.066    clk_100mhz_i_IBUF_BUFG
    SLICE_X12Y69         FDCE                                         r  error_latched_reg/C
  -------------------------------------------------------------------    -------------------
    SLICE_X12Y69         FDCE (Prop_fdce_C_Q)         0.518     5.584 r  error_latched_reg/Q
                         net (fo=1, routed)           3.146     8.730    status_led_o_OBUF[3]
    V19                  OBUF (Prop_obuf_I_O)         3.509    12.239 r  status_led_o_OBUF[3]_inst/O
                         net (fo=0)                   0.000    12.239    status_led_o[3]
    V19                                                               r  status_led_o[3] (OUT)
  -------------------------------------------------------------------    -------------------

Slack:                    inf
  Source:                 uart_tx_instance/reg_frame_reg[0]/C
                            (rising edge-triggered cell FDPE clocked by clk_100mhz  {rise@0.000ns fall@5.000ns period=10.000ns})
  Destination:            uart_tx_o
                            (output port)
  Path Group:             (none)
  Path Type:              Max at Slow Process Corner
  Data Path Delay:        6.766ns  (logic 3.974ns (58.734%)  route 2.792ns (41.266%))
  Logic Levels:           1  (OBUF=1)
  Clock Uncertainty:      0.025ns  ((TSJ^2 + TIJ^2)^1/2 + DJ) / 2 + PE
    Total System Jitter     (TSJ):    0.050ns
    Total Input Jitter      (TIJ):    0.000ns
    Discrete Jitter          (DJ):    0.000ns
    Phase Error              (PE):    0.000ns

    Location             Delay type                Incr(ns)  Path(ns)    Netlist Resource(s)
  -------------------------------------------------------------------    -------------------
                         (clock clk_100mhz rise edge)
                                                      0.000     0.000 r  
    W5                                                0.000     0.000 r  clk_100mhz_i (IN)
                         net (fo=0)                   0.000     0.000    clk_100mhz_i
    W5                   IBUF (Prop_ibuf_I_O)         1.458     1.458 r  clk_100mhz_i_IBUF_inst/O
                         net (fo=1, routed)           1.967     3.425    clk_100mhz_i_IBUF
    BUFGCTRL_X0Y0        BUFG (Prop_bufg_I_O)         0.096     3.521 r  clk_100mhz_i_IBUF_BUFG_inst/O
                         net (fo=9761, routed)        1.618     5.139    uart_tx_instance/clk_100mhz_i_IBUF_BUFG
    SLICE_X5Y64          FDPE                                         r  uart_tx_instance/reg_frame_reg[0]/C
  -------------------------------------------------------------------    -------------------
    SLICE_X5Y64          FDPE (Prop_fdpe_C_Q)         0.456     5.595 r  uart_tx_instance/reg_frame_reg[0]/Q
                         net (fo=1, routed)           2.792     8.387    uart_tx_o_OBUF
    A18                  OBUF (Prop_obuf_I_O)         3.518    11.905 r  uart_tx_o_OBUF_inst/O
                         net (fo=0)                   0.000    11.905    uart_tx_o
    A18                                                               r  uart_tx_o (OUT)
  -------------------------------------------------------------------    -------------------





Min Delay Paths
--------------------------------------------------------------------------------------
Slack:                    inf
  Source:                 uart_tx_instance/reg_frame_reg[0]/C
                            (rising edge-triggered cell FDPE clocked by clk_100mhz  {rise@0.000ns fall@5.000ns period=10.000ns})
  Destination:            uart_tx_o
                            (output port)
  Path Group:             (none)
  Path Type:              Min at Fast Process Corner
  Data Path Delay:        2.123ns  (logic 1.360ns (64.058%)  route 0.763ns (35.943%))
  Logic Levels:           1  (OBUF=1)
  Clock Uncertainty:      0.025ns  ((TSJ^2 + TIJ^2)^1/2 + DJ) / 2 + PE
    Total System Jitter     (TSJ):    0.050ns
    Total Input Jitter      (TIJ):    0.000ns
    Discrete Jitter          (DJ):    0.000ns
    Phase Error              (PE):    0.000ns

    Location             Delay type                Incr(ns)  Path(ns)    Netlist Resource(s)
  -------------------------------------------------------------------    -------------------
                         (clock clk_100mhz rise edge)
                                                      0.000     0.000 r  
    W5                                                0.000     0.000 r  clk_100mhz_i (IN)
                         net (fo=0)                   0.000     0.000    clk_100mhz_i
    W5                   IBUF (Prop_ibuf_I_O)         0.226     0.226 r  clk_100mhz_i_IBUF_inst/O
                         net (fo=1, routed)           0.631     0.858    clk_100mhz_i_IBUF
    BUFGCTRL_X0Y0        BUFG (Prop_bufg_I_O)         0.026     0.884 r  clk_100mhz_i_IBUF_BUFG_inst/O
                         net (fo=9761, routed)        0.587     1.470    uart_tx_instance/clk_100mhz_i_IBUF_BUFG
    SLICE_X5Y64          FDPE                                         r  uart_tx_instance/reg_frame_reg[0]/C
  -------------------------------------------------------------------    -------------------
    SLICE_X5Y64          FDPE (Prop_fdpe_C_Q)         0.141     1.611 r  uart_tx_instance/reg_frame_reg[0]/Q
                         net (fo=1, routed)           0.763     2.374    uart_tx_o_OBUF
    A18                  OBUF (Prop_obuf_I_O)         1.219     3.593 r  uart_tx_o_OBUF_inst/O
                         net (fo=0)                   0.000     3.593    uart_tx_o
    A18                                                               r  uart_tx_o (OUT)
  -------------------------------------------------------------------    -------------------

Slack:                    inf
  Source:                 error_latched_reg/C
                            (rising edge-triggered cell FDCE clocked by clk_100mhz  {rise@0.000ns fall@5.000ns period=10.000ns})
  Destination:            status_led_o[3]
                            (output port)
  Path Group:             (none)
  Path Type:              Min at Fast Process Corner
  Data Path Delay:        2.366ns  (logic 1.374ns (58.066%)  route 0.992ns (41.934%))
  Logic Levels:           1  (OBUF=1)
  Clock Uncertainty:      0.025ns  ((TSJ^2 + TIJ^2)^1/2 + DJ) / 2 + PE
    Total System Jitter     (TSJ):    0.050ns
    Total Input Jitter      (TIJ):    0.000ns
    Discrete Jitter          (DJ):    0.000ns
    Phase Error              (PE):    0.000ns

    Location             Delay type                Incr(ns)  Path(ns)    Netlist Resource(s)
  -------------------------------------------------------------------    -------------------
                         (clock clk_100mhz rise edge)
                                                      0.000     0.000 r  
    W5                                                0.000     0.000 r  clk_100mhz_i (IN)
                         net (fo=0)                   0.000     0.000    clk_100mhz_i
    W5                   IBUF (Prop_ibuf_I_O)         0.226     0.226 r  clk_100mhz_i_IBUF_inst/O
                         net (fo=1, routed)           0.631     0.858    clk_100mhz_i_IBUF
    BUFGCTRL_X0Y0        BUFG (Prop_bufg_I_O)         0.026     0.884 r  clk_100mhz_i_IBUF_BUFG_inst/O
                         net (fo=9761, routed)        0.556     1.439    clk_100mhz_i_IBUF_BUFG
    SLICE_X12Y69         FDCE                                         r  error_latched_reg/C
  -------------------------------------------------------------------    -------------------
    SLICE_X12Y69         FDCE (Prop_fdce_C_Q)         0.164     1.603 r  error_latched_reg/Q
                         net (fo=1, routed)           0.992     2.596    status_led_o_OBUF[3]
    V19                  OBUF (Prop_obuf_I_O)         1.210     3.806 r  status_led_o_OBUF[3]_inst/O
                         net (fo=0)                   0.000     3.806    status_led_o[3]
    V19                                                               r  status_led_o[3] (OUT)
  -------------------------------------------------------------------    -------------------

Slack:                    inf
  Source:                 localization_command_ctrl_instance/job_done_result_reg/C
                            (rising edge-triggered cell FDCE clocked by clk_100mhz  {rise@0.000ns fall@5.000ns period=10.000ns})
  Destination:            debug_trigger_o
                            (output port)
  Path Group:             (none)
  Path Type:              Min at Fast Process Corner
  Data Path Delay:        2.542ns  (logic 1.347ns (53.001%)  route 1.195ns (46.999%))
  Logic Levels:           1  (OBUF=1)
  Clock Uncertainty:      0.025ns  ((TSJ^2 + TIJ^2)^1/2 + DJ) / 2 + PE
    Total System Jitter     (TSJ):    0.050ns
    Total Input Jitter      (TIJ):    0.000ns
    Discrete Jitter          (DJ):    0.000ns
    Phase Error              (PE):    0.000ns

    Location             Delay type                Incr(ns)  Path(ns)    Netlist Resource(s)
  -------------------------------------------------------------------    -------------------
                         (clock clk_100mhz rise edge)
                                                      0.000     0.000 r  
    W5                                                0.000     0.000 r  clk_100mhz_i (IN)
                         net (fo=0)                   0.000     0.000    clk_100mhz_i
    W5                   IBUF (Prop_ibuf_I_O)         0.226     0.226 r  clk_100mhz_i_IBUF_inst/O
                         net (fo=1, routed)           0.631     0.858    clk_100mhz_i_IBUF
    BUFGCTRL_X0Y0        BUFG (Prop_bufg_I_O)         0.026     0.884 r  clk_100mhz_i_IBUF_BUFG_inst/O
                         net (fo=9761, routed)        0.553     1.436    localization_command_ctrl_instance/clk_100mhz_i_IBUF_BUFG
    SLICE_X32Y69         FDCE                                         r  localization_command_ctrl_instance/job_done_result_reg/C
  -------------------------------------------------------------------    -------------------
    SLICE_X32Y69         FDCE (Prop_fdce_C_Q)         0.141     1.577 r  localization_command_ctrl_instance/job_done_result_reg/Q
                         net (fo=1, routed)           1.195     2.772    debug_trigger_o_OBUF
    J1                   OBUF (Prop_obuf_I_O)         1.206     3.978 r  debug_trigger_o_OBUF_inst/O
                         net (fo=0)                   0.000     3.978    debug_trigger_o
    J1                                                                r  debug_trigger_o (OUT)
  -------------------------------------------------------------------    -------------------

Slack:                    inf
  Source:                 packet_encoder_instance/FSM_onehot_state_current_reg[0]/C
                            (rising edge-triggered cell FDPE clocked by clk_100mhz  {rise@0.000ns fall@5.000ns period=10.000ns})
  Destination:            status_led_o[0]
                            (output port)
  Path Group:             (none)
  Path Type:              Min at Fast Process Corner
  Data Path Delay:        2.945ns  (logic 1.392ns (47.268%)  route 1.553ns (52.732%))
  Logic Levels:           2  (LUT6=1 OBUF=1)
  Clock Uncertainty:      0.025ns  ((TSJ^2 + TIJ^2)^1/2 + DJ) / 2 + PE
    Total System Jitter     (TSJ):    0.050ns
    Total Input Jitter      (TIJ):    0.000ns
    Discrete Jitter          (DJ):    0.000ns
    Phase Error              (PE):    0.000ns

    Location             Delay type                Incr(ns)  Path(ns)    Netlist Resource(s)
  -------------------------------------------------------------------    -------------------
                         (clock clk_100mhz rise edge)
                                                      0.000     0.000 r  
    W5                                                0.000     0.000 r  clk_100mhz_i (IN)
                         net (fo=0)                   0.000     0.000    clk_100mhz_i
    W5                   IBUF (Prop_ibuf_I_O)         0.226     0.226 r  clk_100mhz_i_IBUF_inst/O
                         net (fo=1, routed)           0.631     0.858    clk_100mhz_i_IBUF
    BUFGCTRL_X0Y0        BUFG (Prop_bufg_I_O)         0.026     0.884 r  clk_100mhz_i_IBUF_BUFG_inst/O
                         net (fo=9761, routed)        0.587     1.470    packet_encoder_instance/clk_100mhz_i_IBUF_BUFG
    SLICE_X4Y65          FDPE                                         r  packet_encoder_instance/FSM_onehot_state_current_reg[0]/C
  -------------------------------------------------------------------    -------------------
    SLICE_X4Y65          FDPE (Prop_fdpe_C_Q)         0.141     1.611 r  packet_encoder_instance/FSM_onehot_state_current_reg[0]/Q
                         net (fo=7, routed)           0.267     1.879    localization_command_ctrl_instance/status_led_o[0][0]
    SLICE_X7Y67          LUT6 (Prop_lut6_I4_O)        0.045     1.924 r  localization_command_ctrl_instance/status_led_o_OBUF[0]_inst_i_1/O
                         net (fo=1, routed)           1.286     3.209    status_led_o_OBUF[0]
    U16                  OBUF (Prop_obuf_I_O)         1.206     4.415 r  status_led_o_OBUF[0]_inst/O
                         net (fo=0)                   0.000     4.415    status_led_o[0]
    U16                                                               r  status_led_o[0] (OUT)
  -------------------------------------------------------------------    -------------------

Slack:                    inf
  Source:                 localization_command_ctrl_instance/FSM_sequential_state_current_reg[2]_rep__0/C
                            (rising edge-triggered cell FDCE clocked by clk_100mhz  {rise@0.000ns fall@5.000ns period=10.000ns})
  Destination:            status_led_o[2]
                            (output port)
  Path Group:             (none)
  Path Type:              Min at Fast Process Corner
  Data Path Delay:        3.003ns  (logic 1.463ns (48.723%)  route 1.540ns (51.277%))
  Logic Levels:           2  (LUT5=1 OBUF=1)
  Clock Uncertainty:      0.025ns  ((TSJ^2 + TIJ^2)^1/2 + DJ) / 2 + PE
    Total System Jitter     (TSJ):    0.050ns
    Total Input Jitter      (TIJ):    0.000ns
    Discrete Jitter          (DJ):    0.000ns
    Phase Error              (PE):    0.000ns

    Location             Delay type                Incr(ns)  Path(ns)    Netlist Resource(s)
  -------------------------------------------------------------------    -------------------
                         (clock clk_100mhz rise edge)
                                                      0.000     0.000 r  
    W5                                                0.000     0.000 r  clk_100mhz_i (IN)
                         net (fo=0)                   0.000     0.000    clk_100mhz_i
    W5                   IBUF (Prop_ibuf_I_O)         0.226     0.226 r  clk_100mhz_i_IBUF_inst/O
                         net (fo=1, routed)           0.631     0.858    clk_100mhz_i_IBUF
    BUFGCTRL_X0Y0        BUFG (Prop_bufg_I_O)         0.026     0.884 r  clk_100mhz_i_IBUF_BUFG_inst/O
                         net (fo=9761, routed)        0.559     1.442    localization_command_ctrl_instance/clk_100mhz_i_IBUF_BUFG
    SLICE_X33Y60         FDCE                                         r  localization_command_ctrl_instance/FSM_sequential_state_current_reg[2]_rep__0/C
  -------------------------------------------------------------------    -------------------
    SLICE_X33Y60         FDCE (Prop_fdce_C_Q)         0.141     1.583 r  localization_command_ctrl_instance/FSM_sequential_state_current_reg[2]_rep__0/Q
                         net (fo=90, routed)          0.400     1.983    localization_command_ctrl_instance/FSM_sequential_state_current_reg[2]_rep__0_n_0
    SLICE_X14Y58         LUT5 (Prop_lut5_I3_O)        0.047     2.030 r  localization_command_ctrl_instance/status_led_o_OBUF[2]_inst_i_1/O
                         net (fo=1, routed)           1.140     3.170    status_led_o_OBUF[2]
    U19                  OBUF (Prop_obuf_I_O)         1.275     4.445 r  status_led_o_OBUF[2]_inst/O
                         net (fo=0)                   0.000     4.445    status_led_o[2]
    U19                                                               r  status_led_o[2] (OUT)
  -------------------------------------------------------------------    -------------------

Slack:                    inf
  Source:                 uart_rx_instance/FSM_sequential_state_current_reg[1]/C
                            (rising edge-triggered cell FDCE clocked by clk_100mhz  {rise@0.000ns fall@5.000ns period=10.000ns})
  Destination:            status_led_o[1]
                            (output port)
  Path Group:             (none)
  Path Type:              Min at Fast Process Corner
  Data Path Delay:        3.082ns  (logic 1.417ns (45.958%)  route 1.666ns (54.042%))
  Logic Levels:           2  (LUT6=1 OBUF=1)
  Clock Uncertainty:      0.025ns  ((TSJ^2 + TIJ^2)^1/2 + DJ) / 2 + PE
    Total System Jitter     (TSJ):    0.050ns
    Total Input Jitter      (TIJ):    0.000ns
    Discrete Jitter          (DJ):    0.000ns
    Phase Error              (PE):    0.000ns

    Location             Delay type                Incr(ns)  Path(ns)    Netlist Resource(s)
  -------------------------------------------------------------------    -------------------
                         (clock clk_100mhz rise edge)
                                                      0.000     0.000 r  
    W5                                                0.000     0.000 r  clk_100mhz_i (IN)
                         net (fo=0)                   0.000     0.000    clk_100mhz_i
    W5                   IBUF (Prop_ibuf_I_O)         0.226     0.226 r  clk_100mhz_i_IBUF_inst/O
                         net (fo=1, routed)           0.631     0.858    clk_100mhz_i_IBUF
    BUFGCTRL_X0Y0        BUFG (Prop_bufg_I_O)         0.026     0.884 r  clk_100mhz_i_IBUF_BUFG_inst/O
                         net (fo=9761, routed)        0.647     1.531    uart_rx_instance/clk_100mhz_i_IBUF_BUFG
    SLICE_X9Y100         FDCE                                         r  uart_rx_instance/FSM_sequential_state_current_reg[1]/C
  -------------------------------------------------------------------    -------------------
    SLICE_X9Y100         FDCE (Prop_fdce_C_Q)         0.141     1.672 r  uart_rx_instance/FSM_sequential_state_current_reg[1]/Q
                         net (fo=14, routed)          0.419     2.091    protocol_command_adapter_instance/state_current[1]
    SLICE_X8Y92          LUT6 (Prop_lut6_I1_O)        0.045     2.136 r  protocol_command_adapter_instance/status_led_o_OBUF[1]_inst_i_1/O
                         net (fo=1, routed)           1.247     3.382    status_led_o_OBUF[1]
    E19                  OBUF (Prop_obuf_I_O)         1.231     4.613 r  status_led_o_OBUF[1]_inst/O
                         net (fo=0)                   0.000     4.613    status_led_o[1]
    E19                                                               r  status_led_o[1] (OUT)
  -------------------------------------------------------------------    -------------------





--------------------------------------------------------------------------------------
Path Group:  (none)
From Clock:  
  To Clock:  clk_100mhz

Max Delay            84 Endpoints
Min Delay            84 Endpoints
--------------------------------------------------------------------------------------


Max Delay Paths
--------------------------------------------------------------------------------------
Slack:                    inf
  Source:                 reset_btn_i
                            (input port)
  Destination:            reset_release_pipe_reg[0]/PRE
                            (recovery check against rising-edge clock clk_100mhz  {rise@0.000ns fall@5.000ns period=10.000ns})
  Path Group:             (none)
  Path Type:              Recovery (Max at Slow Process Corner)
  Data Path Delay:        2.953ns  (logic 1.441ns (48.800%)  route 1.512ns (51.200%))
  Logic Levels:           1  (IBUF=1)
  Clock Path Skew:        4.846ns (DCD - SCD + CPR)
    Destination Clock Delay (DCD):    4.846ns
    Source Clock Delay      (SCD):    0.000ns
    Clock Pessimism Removal (CPR):    0.000ns
  Clock Uncertainty:      0.025ns  ((TSJ^2 + TIJ^2)^1/2 + DJ) / 2 + PE
    Total System Jitter     (TSJ):    0.050ns
    Total Input Jitter      (TIJ):    0.000ns
    Discrete Jitter          (DJ):    0.000ns
    Phase Error              (PE):    0.000ns

    Location             Delay type                Incr(ns)  Path(ns)    Netlist Resource(s)
  -------------------------------------------------------------------    -------------------
    U18                                               0.000     0.000 f  reset_btn_i (IN)
                         net (fo=0)                   0.000     0.000    reset_btn_i
    U18                  IBUF (Prop_ibuf_I_O)         1.441     1.441 f  reset_btn_i_IBUF_inst/O
                         net (fo=2, routed)           1.512     2.953    reset_btn_i_IBUF
    SLICE_X0Y27          FDPE                                         f  reset_release_pipe_reg[0]/PRE
  -------------------------------------------------------------------    -------------------

                         (clock clk_100mhz rise edge)
                                                      0.000     0.000 r  
    W5                                                0.000     0.000 r  clk_100mhz_i (IN)
                         net (fo=0)                   0.000     0.000    clk_100mhz_i
    W5                   IBUF (Prop_ibuf_I_O)         1.388     1.388 r  clk_100mhz_i_IBUF_inst/O
                         net (fo=1, routed)           1.862     3.250    clk_100mhz_i_IBUF
    BUFGCTRL_X0Y0        BUFG (Prop_bufg_I_O)         0.091     3.341 r  clk_100mhz_i_IBUF_BUFG_inst/O
                         net (fo=9761, routed)        1.505     4.846    clk_100mhz_i_IBUF_BUFG
    SLICE_X0Y27          FDPE                                         r  reset_release_pipe_reg[0]/C

Slack:                    inf
  Source:                 reset_btn_i
                            (input port)
  Destination:            reset_release_pipe_reg[1]/PRE
                            (recovery check against rising-edge clock clk_100mhz  {rise@0.000ns fall@5.000ns period=10.000ns})
  Path Group:             (none)
  Path Type:              Recovery (Max at Slow Process Corner)
  Data Path Delay:        2.953ns  (logic 1.441ns (48.800%)  route 1.512ns (51.200%))
  Logic Levels:           1  (IBUF=1)
  Clock Path Skew:        4.846ns (DCD - SCD + CPR)
    Destination Clock Delay (DCD):    4.846ns
    Source Clock Delay      (SCD):    0.000ns
    Clock Pessimism Removal (CPR):    0.000ns
  Clock Uncertainty:      0.025ns  ((TSJ^2 + TIJ^2)^1/2 + DJ) / 2 + PE
    Total System Jitter     (TSJ):    0.050ns
    Total Input Jitter      (TIJ):    0.000ns
    Discrete Jitter          (DJ):    0.000ns
    Phase Error              (PE):    0.000ns

    Location             Delay type                Incr(ns)  Path(ns)    Netlist Resource(s)
  -------------------------------------------------------------------    -------------------
    U18                                               0.000     0.000 f  reset_btn_i (IN)
                         net (fo=0)                   0.000     0.000    reset_btn_i
    U18                  IBUF (Prop_ibuf_I_O)         1.441     1.441 f  reset_btn_i_IBUF_inst/O
                         net (fo=2, routed)           1.512     2.953    reset_btn_i_IBUF
    SLICE_X0Y27          FDPE                                         f  reset_release_pipe_reg[1]/PRE
  -------------------------------------------------------------------    -------------------

                         (clock clk_100mhz rise edge)
                                                      0.000     0.000 r  
    W5                                                0.000     0.000 r  clk_100mhz_i (IN)
                         net (fo=0)                   0.000     0.000    clk_100mhz_i
    W5                   IBUF (Prop_ibuf_I_O)         1.388     1.388 r  clk_100mhz_i_IBUF_inst/O
                         net (fo=1, routed)           1.862     3.250    clk_100mhz_i_IBUF
    BUFGCTRL_X0Y0        BUFG (Prop_bufg_I_O)         0.091     3.341 r  clk_100mhz_i_IBUF_BUFG_inst/O
                         net (fo=9761, routed)        1.505     4.846    clk_100mhz_i_IBUF_BUFG
    SLICE_X0Y27          FDPE                                         r  reset_release_pipe_reg[1]/C

Slack:                    inf
  Source:                 uart_rx_i
                            (input port)
  Destination:            uart_rx_instance/reg_uart_meta_reg/D
                            (rising edge-triggered cell FDPE clocked by clk_100mhz  {rise@0.000ns fall@5.000ns period=10.000ns})
  Path Group:             (none)
  Path Type:              Setup (Max at Slow Process Corner)
  Data Path Delay:        2.789ns  (logic 1.456ns (52.205%)  route 1.333ns (47.795%))
  Logic Levels:           1  (IBUF=1)
  Clock Path Skew:        4.849ns (DCD - SCD + CPR)
    Destination Clock Delay (DCD):    4.849ns
    Source Clock Delay      (SCD):    0.000ns
    Clock Pessimism Removal (CPR):    0.000ns
  Clock Uncertainty:      0.025ns  ((TSJ^2 + TIJ^2)^1/2 + DJ) / 2 + PE
    Total System Jitter     (TSJ):    0.050ns
    Total Input Jitter      (TIJ):    0.000ns
    Discrete Jitter          (DJ):    0.000ns
    Phase Error              (PE):    0.000ns

    Location             Delay type                Incr(ns)  Path(ns)    Netlist Resource(s)
  -------------------------------------------------------------------    -------------------
    B18                                               0.000     0.000 r  uart_rx_i (IN)
                         net (fo=0)                   0.000     0.000    uart_rx_i
    B18                  IBUF (Prop_ibuf_I_O)         1.456     1.456 r  uart_rx_i_IBUF_inst/O
                         net (fo=1, routed)           1.333     2.789    uart_rx_instance/uart_rx_i_IBUF
    SLICE_X4Y98          FDPE                                         r  uart_rx_instance/reg_uart_meta_reg/D
  -------------------------------------------------------------------    -------------------

                         (clock clk_100mhz rise edge)
                                                      0.000     0.000 r  
    W5                                                0.000     0.000 r  clk_100mhz_i (IN)
                         net (fo=0)                   0.000     0.000    clk_100mhz_i
    W5                   IBUF (Prop_ibuf_I_O)         1.388     1.388 r  clk_100mhz_i_IBUF_inst/O
                         net (fo=1, routed)           1.862     3.250    clk_100mhz_i_IBUF
    BUFGCTRL_X0Y0        BUFG (Prop_bufg_I_O)         0.091     3.341 r  clk_100mhz_i_IBUF_BUFG_inst/O
                         net (fo=9761, routed)        1.508     4.849    uart_rx_instance/clk_100mhz_i_IBUF_BUFG
    SLICE_X4Y98          FDPE                                         r  uart_rx_instance/reg_uart_meta_reg/C

Slack:                    inf
  Source:                 localization_command_ctrl_instance/bearing_constraint_gen_instance/multiplier_product__0/ACOUT[0]
                            (internal pin)
  Destination:            localization_command_ctrl_instance/bearing_constraint_gen_instance/multiplier_product_saved_reg__0/ACIN[0]
                            (rising edge-triggered cell DSP48E1 clocked by clk_100mhz  {rise@0.000ns fall@5.000ns period=10.000ns})
  Path Group:             (none)
  Path Type:              Setup (Max at Slow Process Corner)
  Data Path Delay:        0.002ns  (logic 0.000ns (0.000%)  route 0.002ns (100.000%))
  Logic Levels:           0  
  Clock Uncertainty:      0.025ns  ((TSJ^2 + TIJ^2)^1/2 + DJ) / 2 + PE
    Total System Jitter     (TSJ):    0.050ns
    Total Input Jitter      (TIJ):    0.000ns
    Discrete Jitter          (DJ):    0.000ns
    Phase Error              (PE):    0.000ns

    Location             Delay type                Incr(ns)  Path(ns)    Netlist Resource(s)
  -------------------------------------------------------------------    -------------------
    DSP48_X1Y24          DSP48E1                      0.000     0.000 r  localization_command_ctrl_instance/bearing_constraint_gen_instance/multiplier_product__0/ACOUT[0]
                         net (fo=1, routed)           0.002     0.002    localization_command_ctrl_instance/bearing_constraint_gen_instance/multiplier_product__0_n_53
    DSP48_X1Y25          DSP48E1                                      r  localization_command_ctrl_instance/bearing_constraint_gen_instance/multiplier_product_saved_reg__0/ACIN[0]
  -------------------------------------------------------------------    -------------------

                         (clock clk_100mhz rise edge)
                                                      0.000     0.000 r  
    W5                                                0.000     0.000 r  clk_100mhz_i (IN)
                         net (fo=0)                   0.000     0.000    clk_100mhz_i
    W5                   IBUF (Prop_ibuf_I_O)         1.388     1.388 r  clk_100mhz_i_IBUF_inst/O
                         net (fo=1, routed)           1.862     3.250    clk_100mhz_i_IBUF
    BUFGCTRL_X0Y0        BUFG (Prop_bufg_I_O)         0.091     3.341 r  clk_100mhz_i_IBUF_BUFG_inst/O
                         net (fo=9761, routed)        1.526     4.867    localization_command_ctrl_instance/bearing_constraint_gen_instance/clk_100mhz_i_IBUF_BUFG
    DSP48_X1Y25          DSP48E1                                      r  localization_command_ctrl_instance/bearing_constraint_gen_instance/multiplier_product_saved_reg__0/CLK

Slack:                    inf
  Source:                 localization_command_ctrl_instance/bearing_constraint_gen_instance/multiplier_product__0/ACOUT[10]
                            (internal pin)
  Destination:            localization_command_ctrl_instance/bearing_constraint_gen_instance/multiplier_product_saved_reg__0/ACIN[10]
                            (rising edge-triggered cell DSP48E1 clocked by clk_100mhz  {rise@0.000ns fall@5.000ns period=10.000ns})
  Path Group:             (none)
  Path Type:              Setup (Max at Slow Process Corner)
  Data Path Delay:        0.002ns  (logic 0.000ns (0.000%)  route 0.002ns (100.000%))
  Logic Levels:           0  
  Clock Uncertainty:      0.025ns  ((TSJ^2 + TIJ^2)^1/2 + DJ) / 2 + PE
    Total System Jitter     (TSJ):    0.050ns
    Total Input Jitter      (TIJ):    0.000ns
    Discrete Jitter          (DJ):    0.000ns
    Phase Error              (PE):    0.000ns

    Location             Delay type                Incr(ns)  Path(ns)    Netlist Resource(s)
  -------------------------------------------------------------------    -------------------
    DSP48_X1Y24          DSP48E1                      0.000     0.000 r  localization_command_ctrl_instance/bearing_constraint_gen_instance/multiplier_product__0/ACOUT[10]
                         net (fo=1, routed)           0.002     0.002    localization_command_ctrl_instance/bearing_constraint_gen_instance/multiplier_product__0_n_43
    DSP48_X1Y25          DSP48E1                                      r  localization_command_ctrl_instance/bearing_constraint_gen_instance/multiplier_product_saved_reg__0/ACIN[10]
  -------------------------------------------------------------------    -------------------

                         (clock clk_100mhz rise edge)
                                                      0.000     0.000 r  
    W5                                                0.000     0.000 r  clk_100mhz_i (IN)
                         net (fo=0)                   0.000     0.000    clk_100mhz_i
    W5                   IBUF (Prop_ibuf_I_O)         1.388     1.388 r  clk_100mhz_i_IBUF_inst/O
                         net (fo=1, routed)           1.862     3.250    clk_100mhz_i_IBUF
    BUFGCTRL_X0Y0        BUFG (Prop_bufg_I_O)         0.091     3.341 r  clk_100mhz_i_IBUF_BUFG_inst/O
                         net (fo=9761, routed)        1.526     4.867    localization_command_ctrl_instance/bearing_constraint_gen_instance/clk_100mhz_i_IBUF_BUFG
    DSP48_X1Y25          DSP48E1                                      r  localization_command_ctrl_instance/bearing_constraint_gen_instance/multiplier_product_saved_reg__0/CLK

Slack:                    inf
  Source:                 localization_command_ctrl_instance/bearing_constraint_gen_instance/multiplier_product__0/ACOUT[11]
                            (internal pin)
  Destination:            localization_command_ctrl_instance/bearing_constraint_gen_instance/multiplier_product_saved_reg__0/ACIN[11]
                            (rising edge-triggered cell DSP48E1 clocked by clk_100mhz  {rise@0.000ns fall@5.000ns period=10.000ns})
  Path Group:             (none)
  Path Type:              Setup (Max at Slow Process Corner)
  Data Path Delay:        0.002ns  (logic 0.000ns (0.000%)  route 0.002ns (100.000%))
  Logic Levels:           0  
  Clock Uncertainty:      0.025ns  ((TSJ^2 + TIJ^2)^1/2 + DJ) / 2 + PE
    Total System Jitter     (TSJ):    0.050ns
    Total Input Jitter      (TIJ):    0.000ns
    Discrete Jitter          (DJ):    0.000ns
    Phase Error              (PE):    0.000ns

    Location             Delay type                Incr(ns)  Path(ns)    Netlist Resource(s)
  -------------------------------------------------------------------    -------------------
    DSP48_X1Y24          DSP48E1                      0.000     0.000 r  localization_command_ctrl_instance/bearing_constraint_gen_instance/multiplier_product__0/ACOUT[11]
                         net (fo=1, routed)           0.002     0.002    localization_command_ctrl_instance/bearing_constraint_gen_instance/multiplier_product__0_n_42
    DSP48_X1Y25          DSP48E1                                      r  localization_command_ctrl_instance/bearing_constraint_gen_instance/multiplier_product_saved_reg__0/ACIN[11]
  -------------------------------------------------------------------    -------------------

                         (clock clk_100mhz rise edge)
                                                      0.000     0.000 r  
    W5                                                0.000     0.000 r  clk_100mhz_i (IN)
                         net (fo=0)                   0.000     0.000    clk_100mhz_i
    W5                   IBUF (Prop_ibuf_I_O)         1.388     1.388 r  clk_100mhz_i_IBUF_inst/O
                         net (fo=1, routed)           1.862     3.250    clk_100mhz_i_IBUF
    BUFGCTRL_X0Y0        BUFG (Prop_bufg_I_O)         0.091     3.341 r  clk_100mhz_i_IBUF_BUFG_inst/O
                         net (fo=9761, routed)        1.526     4.867    localization_command_ctrl_instance/bearing_constraint_gen_instance/clk_100mhz_i_IBUF_BUFG
    DSP48_X1Y25          DSP48E1                                      r  localization_command_ctrl_instance/bearing_constraint_gen_instance/multiplier_product_saved_reg__0/CLK

Slack:                    inf
  Source:                 localization_command_ctrl_instance/bearing_constraint_gen_instance/multiplier_product__0/ACOUT[12]
                            (internal pin)
  Destination:            localization_command_ctrl_instance/bearing_constraint_gen_instance/multiplier_product_saved_reg__0/ACIN[12]
                            (rising edge-triggered cell DSP48E1 clocked by clk_100mhz  {rise@0.000ns fall@5.000ns period=10.000ns})
  Path Group:             (none)
  Path Type:              Setup (Max at Slow Process Corner)
  Data Path Delay:        0.002ns  (logic 0.000ns (0.000%)  route 0.002ns (100.000%))
  Logic Levels:           0  
  Clock Uncertainty:      0.025ns  ((TSJ^2 + TIJ^2)^1/2 + DJ) / 2 + PE
    Total System Jitter     (TSJ):    0.050ns
    Total Input Jitter      (TIJ):    0.000ns
    Discrete Jitter          (DJ):    0.000ns
    Phase Error              (PE):    0.000ns

    Location             Delay type                Incr(ns)  Path(ns)    Netlist Resource(s)
  -------------------------------------------------------------------    -------------------
    DSP48_X1Y24          DSP48E1                      0.000     0.000 r  localization_command_ctrl_instance/bearing_constraint_gen_instance/multiplier_product__0/ACOUT[12]
                         net (fo=1, routed)           0.002     0.002    localization_command_ctrl_instance/bearing_constraint_gen_instance/multiplier_product__0_n_41
    DSP48_X1Y25          DSP48E1                                      r  localization_command_ctrl_instance/bearing_constraint_gen_instance/multiplier_product_saved_reg__0/ACIN[12]
  -------------------------------------------------------------------    -------------------

                         (clock clk_100mhz rise edge)
                                                      0.000     0.000 r  
    W5                                                0.000     0.000 r  clk_100mhz_i (IN)
                         net (fo=0)                   0.000     0.000    clk_100mhz_i
    W5                   IBUF (Prop_ibuf_I_O)         1.388     1.388 r  clk_100mhz_i_IBUF_inst/O
                         net (fo=1, routed)           1.862     3.250    clk_100mhz_i_IBUF
    BUFGCTRL_X0Y0        BUFG (Prop_bufg_I_O)         0.091     3.341 r  clk_100mhz_i_IBUF_BUFG_inst/O
                         net (fo=9761, routed)        1.526     4.867    localization_command_ctrl_instance/bearing_constraint_gen_instance/clk_100mhz_i_IBUF_BUFG
    DSP48_X1Y25          DSP48E1                                      r  localization_command_ctrl_instance/bearing_constraint_gen_instance/multiplier_product_saved_reg__0/CLK

Slack:                    inf
  Source:                 localization_command_ctrl_instance/bearing_constraint_gen_instance/multiplier_product__0/ACOUT[13]
                            (internal pin)
  Destination:            localization_command_ctrl_instance/bearing_constraint_gen_instance/multiplier_product_saved_reg__0/ACIN[13]
                            (rising edge-triggered cell DSP48E1 clocked by clk_100mhz  {rise@0.000ns fall@5.000ns period=10.000ns})
  Path Group:             (none)
  Path Type:              Setup (Max at Slow Process Corner)
  Data Path Delay:        0.002ns  (logic 0.000ns (0.000%)  route 0.002ns (100.000%))
  Logic Levels:           0  
  Clock Uncertainty:      0.025ns  ((TSJ^2 + TIJ^2)^1/2 + DJ) / 2 + PE
    Total System Jitter     (TSJ):    0.050ns
    Total Input Jitter      (TIJ):    0.000ns
    Discrete Jitter          (DJ):    0.000ns
    Phase Error              (PE):    0.000ns

    Location             Delay type                Incr(ns)  Path(ns)    Netlist Resource(s)
  -------------------------------------------------------------------    -------------------
    DSP48_X1Y24          DSP48E1                      0.000     0.000 r  localization_command_ctrl_instance/bearing_constraint_gen_instance/multiplier_product__0/ACOUT[13]
                         net (fo=1, routed)           0.002     0.002    localization_command_ctrl_instance/bearing_constraint_gen_instance/multiplier_product__0_n_40
    DSP48_X1Y25          DSP48E1                                      r  localization_command_ctrl_instance/bearing_constraint_gen_instance/multiplier_product_saved_reg__0/ACIN[13]
  -------------------------------------------------------------------    -------------------

                         (clock clk_100mhz rise edge)
                                                      0.000     0.000 r  
    W5                                                0.000     0.000 r  clk_100mhz_i (IN)
                         net (fo=0)                   0.000     0.000    clk_100mhz_i
    W5                   IBUF (Prop_ibuf_I_O)         1.388     1.388 r  clk_100mhz_i_IBUF_inst/O
                         net (fo=1, routed)           1.862     3.250    clk_100mhz_i_IBUF
    BUFGCTRL_X0Y0        BUFG (Prop_bufg_I_O)         0.091     3.341 r  clk_100mhz_i_IBUF_BUFG_inst/O
                         net (fo=9761, routed)        1.526     4.867    localization_command_ctrl_instance/bearing_constraint_gen_instance/clk_100mhz_i_IBUF_BUFG
    DSP48_X1Y25          DSP48E1                                      r  localization_command_ctrl_instance/bearing_constraint_gen_instance/multiplier_product_saved_reg__0/CLK

Slack:                    inf
  Source:                 localization_command_ctrl_instance/bearing_constraint_gen_instance/multiplier_product__0/ACOUT[14]
                            (internal pin)
  Destination:            localization_command_ctrl_instance/bearing_constraint_gen_instance/multiplier_product_saved_reg__0/ACIN[14]
                            (rising edge-triggered cell DSP48E1 clocked by clk_100mhz  {rise@0.000ns fall@5.000ns period=10.000ns})
  Path Group:             (none)
  Path Type:              Setup (Max at Slow Process Corner)
  Data Path Delay:        0.002ns  (logic 0.000ns (0.000%)  route 0.002ns (100.000%))
  Logic Levels:           0  
  Clock Uncertainty:      0.025ns  ((TSJ^2 + TIJ^2)^1/2 + DJ) / 2 + PE
    Total System Jitter     (TSJ):    0.050ns
    Total Input Jitter      (TIJ):    0.000ns
    Discrete Jitter          (DJ):    0.000ns
    Phase Error              (PE):    0.000ns

    Location             Delay type                Incr(ns)  Path(ns)    Netlist Resource(s)
  -------------------------------------------------------------------    -------------------
    DSP48_X1Y24          DSP48E1                      0.000     0.000 r  localization_command_ctrl_instance/bearing_constraint_gen_instance/multiplier_product__0/ACOUT[14]
                         net (fo=1, routed)           0.002     0.002    localization_command_ctrl_instance/bearing_constraint_gen_instance/multiplier_product__0_n_39
    DSP48_X1Y25          DSP48E1                                      r  localization_command_ctrl_instance/bearing_constraint_gen_instance/multiplier_product_saved_reg__0/ACIN[14]
  -------------------------------------------------------------------    -------------------

                         (clock clk_100mhz rise edge)
                                                      0.000     0.000 r  
    W5                                                0.000     0.000 r  clk_100mhz_i (IN)
                         net (fo=0)                   0.000     0.000    clk_100mhz_i
    W5                   IBUF (Prop_ibuf_I_O)         1.388     1.388 r  clk_100mhz_i_IBUF_inst/O
                         net (fo=1, routed)           1.862     3.250    clk_100mhz_i_IBUF
    BUFGCTRL_X0Y0        BUFG (Prop_bufg_I_O)         0.091     3.341 r  clk_100mhz_i_IBUF_BUFG_inst/O
                         net (fo=9761, routed)        1.526     4.867    localization_command_ctrl_instance/bearing_constraint_gen_instance/clk_100mhz_i_IBUF_BUFG
    DSP48_X1Y25          DSP48E1                                      r  localization_command_ctrl_instance/bearing_constraint_gen_instance/multiplier_product_saved_reg__0/CLK

Slack:                    inf
  Source:                 localization_command_ctrl_instance/bearing_constraint_gen_instance/multiplier_product__0/ACOUT[15]
                            (internal pin)
  Destination:            localization_command_ctrl_instance/bearing_constraint_gen_instance/multiplier_product_saved_reg__0/ACIN[15]
                            (rising edge-triggered cell DSP48E1 clocked by clk_100mhz  {rise@0.000ns fall@5.000ns period=10.000ns})
  Path Group:             (none)
  Path Type:              Setup (Max at Slow Process Corner)
  Data Path Delay:        0.002ns  (logic 0.000ns (0.000%)  route 0.002ns (100.000%))
  Logic Levels:           0  
  Clock Uncertainty:      0.025ns  ((TSJ^2 + TIJ^2)^1/2 + DJ) / 2 + PE
    Total System Jitter     (TSJ):    0.050ns
    Total Input Jitter      (TIJ):    0.000ns
    Discrete Jitter          (DJ):    0.000ns
    Phase Error              (PE):    0.000ns

    Location             Delay type                Incr(ns)  Path(ns)    Netlist Resource(s)
  -------------------------------------------------------------------    -------------------
    DSP48_X1Y24          DSP48E1                      0.000     0.000 r  localization_command_ctrl_instance/bearing_constraint_gen_instance/multiplier_product__0/ACOUT[15]
                         net (fo=1, routed)           0.002     0.002    localization_command_ctrl_instance/bearing_constraint_gen_instance/multiplier_product__0_n_38
    DSP48_X1Y25          DSP48E1                                      r  localization_command_ctrl_instance/bearing_constraint_gen_instance/multiplier_product_saved_reg__0/ACIN[15]
  -------------------------------------------------------------------    -------------------

                         (clock clk_100mhz rise edge)
                                                      0.000     0.000 r  
    W5                                                0.000     0.000 r  clk_100mhz_i (IN)
                         net (fo=0)                   0.000     0.000    clk_100mhz_i
    W5                   IBUF (Prop_ibuf_I_O)         1.388     1.388 r  clk_100mhz_i_IBUF_inst/O
                         net (fo=1, routed)           1.862     3.250    clk_100mhz_i_IBUF
    BUFGCTRL_X0Y0        BUFG (Prop_bufg_I_O)         0.091     3.341 r  clk_100mhz_i_IBUF_BUFG_inst/O
                         net (fo=9761, routed)        1.526     4.867    localization_command_ctrl_instance/bearing_constraint_gen_instance/clk_100mhz_i_IBUF_BUFG
    DSP48_X1Y25          DSP48E1                                      r  localization_command_ctrl_instance/bearing_constraint_gen_instance/multiplier_product_saved_reg__0/CLK





Min Delay Paths
--------------------------------------------------------------------------------------
Slack:                    inf
  Source:                 localization_command_ctrl_instance/bearing_constraint_gen_instance/multiplier_product__0/ACOUT[0]
                            (internal pin)
  Destination:            localization_command_ctrl_instance/bearing_constraint_gen_instance/multiplier_product_saved_reg__0/ACIN[0]
                            (rising edge-triggered cell DSP48E1 clocked by clk_100mhz  {rise@0.000ns fall@5.000ns period=10.000ns})
  Path Group:             (none)
  Path Type:              Hold (Min at Slow Process Corner)
  Data Path Delay:        0.002ns  (logic 0.000ns (0.000%)  route 0.002ns (100.000%))
  Logic Levels:           0  
  Clock Uncertainty:      0.025ns  ((TSJ^2 + TIJ^2)^1/2 + DJ) / 2 + PE
    Total System Jitter     (TSJ):    0.050ns
    Total Input Jitter      (TIJ):    0.000ns
    Discrete Jitter          (DJ):    0.000ns
    Phase Error              (PE):    0.000ns

    Location             Delay type                Incr(ns)  Path(ns)    Netlist Resource(s)
  -------------------------------------------------------------------    -------------------
    DSP48_X1Y24          DSP48E1                      0.000     0.000 r  localization_command_ctrl_instance/bearing_constraint_gen_instance/multiplier_product__0/ACOUT[0]
                         net (fo=1, routed)           0.002     0.002    localization_command_ctrl_instance/bearing_constraint_gen_instance/multiplier_product__0_n_53
    DSP48_X1Y25          DSP48E1                                      r  localization_command_ctrl_instance/bearing_constraint_gen_instance/multiplier_product_saved_reg__0/ACIN[0]
  -------------------------------------------------------------------    -------------------

                         (clock clk_100mhz rise edge)
                                                      0.000     0.000 r  
    W5                                                0.000     0.000 r  clk_100mhz_i (IN)
                         net (fo=0)                   0.000     0.000    clk_100mhz_i
    W5                   IBUF (Prop_ibuf_I_O)         1.458     1.458 r  clk_100mhz_i_IBUF_inst/O
                         net (fo=1, routed)           1.967     3.425    clk_100mhz_i_IBUF
    BUFGCTRL_X0Y0        BUFG (Prop_bufg_I_O)         0.096     3.521 r  clk_100mhz_i_IBUF_BUFG_inst/O
                         net (fo=9761, routed)        1.644     5.164    localization_command_ctrl_instance/bearing_constraint_gen_instance/clk_100mhz_i_IBUF_BUFG
    DSP48_X1Y25          DSP48E1                                      r  localization_command_ctrl_instance/bearing_constraint_gen_instance/multiplier_product_saved_reg__0/CLK

Slack:                    inf
  Source:                 localization_command_ctrl_instance/bearing_constraint_gen_instance/multiplier_product__0/ACOUT[10]
                            (internal pin)
  Destination:            localization_command_ctrl_instance/bearing_constraint_gen_instance/multiplier_product_saved_reg__0/ACIN[10]
                            (rising edge-triggered cell DSP48E1 clocked by clk_100mhz  {rise@0.000ns fall@5.000ns period=10.000ns})
  Path Group:             (none)
  Path Type:              Hold (Min at Slow Process Corner)
  Data Path Delay:        0.002ns  (logic 0.000ns (0.000%)  route 0.002ns (100.000%))
  Logic Levels:           0  
  Clock Uncertainty:      0.025ns  ((TSJ^2 + TIJ^2)^1/2 + DJ) / 2 + PE
    Total System Jitter     (TSJ):    0.050ns
    Total Input Jitter      (TIJ):    0.000ns
    Discrete Jitter          (DJ):    0.000ns
    Phase Error              (PE):    0.000ns

    Location             Delay type                Incr(ns)  Path(ns)    Netlist Resource(s)
  -------------------------------------------------------------------    -------------------
    DSP48_X1Y24          DSP48E1                      0.000     0.000 r  localization_command_ctrl_instance/bearing_constraint_gen_instance/multiplier_product__0/ACOUT[10]
                         net (fo=1, routed)           0.002     0.002    localization_command_ctrl_instance/bearing_constraint_gen_instance/multiplier_product__0_n_43
    DSP48_X1Y25          DSP48E1                                      r  localization_command_ctrl_instance/bearing_constraint_gen_instance/multiplier_product_saved_reg__0/ACIN[10]
  -------------------------------------------------------------------    -------------------

                         (clock clk_100mhz rise edge)
                                                      0.000     0.000 r  
    W5                                                0.000     0.000 r  clk_100mhz_i (IN)
                         net (fo=0)                   0.000     0.000    clk_100mhz_i
    W5                   IBUF (Prop_ibuf_I_O)         1.458     1.458 r  clk_100mhz_i_IBUF_inst/O
                         net (fo=1, routed)           1.967     3.425    clk_100mhz_i_IBUF
    BUFGCTRL_X0Y0        BUFG (Prop_bufg_I_O)         0.096     3.521 r  clk_100mhz_i_IBUF_BUFG_inst/O
                         net (fo=9761, routed)        1.644     5.164    localization_command_ctrl_instance/bearing_constraint_gen_instance/clk_100mhz_i_IBUF_BUFG
    DSP48_X1Y25          DSP48E1                                      r  localization_command_ctrl_instance/bearing_constraint_gen_instance/multiplier_product_saved_reg__0/CLK

Slack:                    inf
  Source:                 localization_command_ctrl_instance/bearing_constraint_gen_instance/multiplier_product__0/ACOUT[11]
                            (internal pin)
  Destination:            localization_command_ctrl_instance/bearing_constraint_gen_instance/multiplier_product_saved_reg__0/ACIN[11]
                            (rising edge-triggered cell DSP48E1 clocked by clk_100mhz  {rise@0.000ns fall@5.000ns period=10.000ns})
  Path Group:             (none)
  Path Type:              Hold (Min at Slow Process Corner)
  Data Path Delay:        0.002ns  (logic 0.000ns (0.000%)  route 0.002ns (100.000%))
  Logic Levels:           0  
  Clock Uncertainty:      0.025ns  ((TSJ^2 + TIJ^2)^1/2 + DJ) / 2 + PE
    Total System Jitter     (TSJ):    0.050ns
    Total Input Jitter      (TIJ):    0.000ns
    Discrete Jitter          (DJ):    0.000ns
    Phase Error              (PE):    0.000ns

    Location             Delay type                Incr(ns)  Path(ns)    Netlist Resource(s)
  -------------------------------------------------------------------    -------------------
    DSP48_X1Y24          DSP48E1                      0.000     0.000 r  localization_command_ctrl_instance/bearing_constraint_gen_instance/multiplier_product__0/ACOUT[11]
                         net (fo=1, routed)           0.002     0.002    localization_command_ctrl_instance/bearing_constraint_gen_instance/multiplier_product__0_n_42
    DSP48_X1Y25          DSP48E1                                      r  localization_command_ctrl_instance/bearing_constraint_gen_instance/multiplier_product_saved_reg__0/ACIN[11]
  -------------------------------------------------------------------    -------------------

                         (clock clk_100mhz rise edge)
                                                      0.000     0.000 r  
    W5                                                0.000     0.000 r  clk_100mhz_i (IN)
                         net (fo=0)                   0.000     0.000    clk_100mhz_i
    W5                   IBUF (Prop_ibuf_I_O)         1.458     1.458 r  clk_100mhz_i_IBUF_inst/O
                         net (fo=1, routed)           1.967     3.425    clk_100mhz_i_IBUF
    BUFGCTRL_X0Y0        BUFG (Prop_bufg_I_O)         0.096     3.521 r  clk_100mhz_i_IBUF_BUFG_inst/O
                         net (fo=9761, routed)        1.644     5.164    localization_command_ctrl_instance/bearing_constraint_gen_instance/clk_100mhz_i_IBUF_BUFG
    DSP48_X1Y25          DSP48E1                                      r  localization_command_ctrl_instance/bearing_constraint_gen_instance/multiplier_product_saved_reg__0/CLK

Slack:                    inf
  Source:                 localization_command_ctrl_instance/bearing_constraint_gen_instance/multiplier_product__0/ACOUT[12]
                            (internal pin)
  Destination:            localization_command_ctrl_instance/bearing_constraint_gen_instance/multiplier_product_saved_reg__0/ACIN[12]
                            (rising edge-triggered cell DSP48E1 clocked by clk_100mhz  {rise@0.000ns fall@5.000ns period=10.000ns})
  Path Group:             (none)
  Path Type:              Hold (Min at Slow Process Corner)
  Data Path Delay:        0.002ns  (logic 0.000ns (0.000%)  route 0.002ns (100.000%))
  Logic Levels:           0  
  Clock Uncertainty:      0.025ns  ((TSJ^2 + TIJ^2)^1/2 + DJ) / 2 + PE
    Total System Jitter     (TSJ):    0.050ns
    Total Input Jitter      (TIJ):    0.000ns
    Discrete Jitter          (DJ):    0.000ns
    Phase Error              (PE):    0.000ns

    Location             Delay type                Incr(ns)  Path(ns)    Netlist Resource(s)
  -------------------------------------------------------------------    -------------------
    DSP48_X1Y24          DSP48E1                      0.000     0.000 r  localization_command_ctrl_instance/bearing_constraint_gen_instance/multiplier_product__0/ACOUT[12]
                         net (fo=1, routed)           0.002     0.002    localization_command_ctrl_instance/bearing_constraint_gen_instance/multiplier_product__0_n_41
    DSP48_X1Y25          DSP48E1                                      r  localization_command_ctrl_instance/bearing_constraint_gen_instance/multiplier_product_saved_reg__0/ACIN[12]
  -------------------------------------------------------------------    -------------------

                         (clock clk_100mhz rise edge)
                                                      0.000     0.000 r  
    W5                                                0.000     0.000 r  clk_100mhz_i (IN)
                         net (fo=0)                   0.000     0.000    clk_100mhz_i
    W5                   IBUF (Prop_ibuf_I_O)         1.458     1.458 r  clk_100mhz_i_IBUF_inst/O
                         net (fo=1, routed)           1.967     3.425    clk_100mhz_i_IBUF
    BUFGCTRL_X0Y0        BUFG (Prop_bufg_I_O)         0.096     3.521 r  clk_100mhz_i_IBUF_BUFG_inst/O
                         net (fo=9761, routed)        1.644     5.164    localization_command_ctrl_instance/bearing_constraint_gen_instance/clk_100mhz_i_IBUF_BUFG
    DSP48_X1Y25          DSP48E1                                      r  localization_command_ctrl_instance/bearing_constraint_gen_instance/multiplier_product_saved_reg__0/CLK

Slack:                    inf
  Source:                 localization_command_ctrl_instance/bearing_constraint_gen_instance/multiplier_product__0/ACOUT[13]
                            (internal pin)
  Destination:            localization_command_ctrl_instance/bearing_constraint_gen_instance/multiplier_product_saved_reg__0/ACIN[13]
                            (rising edge-triggered cell DSP48E1 clocked by clk_100mhz  {rise@0.000ns fall@5.000ns period=10.000ns})
  Path Group:             (none)
  Path Type:              Hold (Min at Slow Process Corner)
  Data Path Delay:        0.002ns  (logic 0.000ns (0.000%)  route 0.002ns (100.000%))
  Logic Levels:           0  
  Clock Uncertainty:      0.025ns  ((TSJ^2 + TIJ^2)^1/2 + DJ) / 2 + PE
    Total System Jitter     (TSJ):    0.050ns
    Total Input Jitter      (TIJ):    0.000ns
    Discrete Jitter          (DJ):    0.000ns
    Phase Error              (PE):    0.000ns

    Location             Delay type                Incr(ns)  Path(ns)    Netlist Resource(s)
  -------------------------------------------------------------------    -------------------
    DSP48_X1Y24          DSP48E1                      0.000     0.000 r  localization_command_ctrl_instance/bearing_constraint_gen_instance/multiplier_product__0/ACOUT[13]
                         net (fo=1, routed)           0.002     0.002    localization_command_ctrl_instance/bearing_constraint_gen_instance/multiplier_product__0_n_40
    DSP48_X1Y25          DSP48E1                                      r  localization_command_ctrl_instance/bearing_constraint_gen_instance/multiplier_product_saved_reg__0/ACIN[13]
  -------------------------------------------------------------------    -------------------

                         (clock clk_100mhz rise edge)
                                                      0.000     0.000 r  
    W5                                                0.000     0.000 r  clk_100mhz_i (IN)
                         net (fo=0)                   0.000     0.000    clk_100mhz_i
    W5                   IBUF (Prop_ibuf_I_O)         1.458     1.458 r  clk_100mhz_i_IBUF_inst/O
                         net (fo=1, routed)           1.967     3.425    clk_100mhz_i_IBUF
    BUFGCTRL_X0Y0        BUFG (Prop_bufg_I_O)         0.096     3.521 r  clk_100mhz_i_IBUF_BUFG_inst/O
                         net (fo=9761, routed)        1.644     5.164    localization_command_ctrl_instance/bearing_constraint_gen_instance/clk_100mhz_i_IBUF_BUFG
    DSP48_X1Y25          DSP48E1                                      r  localization_command_ctrl_instance/bearing_constraint_gen_instance/multiplier_product_saved_reg__0/CLK

Slack:                    inf
  Source:                 localization_command_ctrl_instance/bearing_constraint_gen_instance/multiplier_product__0/ACOUT[14]
                            (internal pin)
  Destination:            localization_command_ctrl_instance/bearing_constraint_gen_instance/multiplier_product_saved_reg__0/ACIN[14]
                            (rising edge-triggered cell DSP48E1 clocked by clk_100mhz  {rise@0.000ns fall@5.000ns period=10.000ns})
  Path Group:             (none)
  Path Type:              Hold (Min at Slow Process Corner)
  Data Path Delay:        0.002ns  (logic 0.000ns (0.000%)  route 0.002ns (100.000%))
  Logic Levels:           0  
  Clock Uncertainty:      0.025ns  ((TSJ^2 + TIJ^2)^1/2 + DJ) / 2 + PE
    Total System Jitter     (TSJ):    0.050ns
    Total Input Jitter      (TIJ):    0.000ns
    Discrete Jitter          (DJ):    0.000ns
    Phase Error              (PE):    0.000ns

    Location             Delay type                Incr(ns)  Path(ns)    Netlist Resource(s)
  -------------------------------------------------------------------    -------------------
    DSP48_X1Y24          DSP48E1                      0.000     0.000 r  localization_command_ctrl_instance/bearing_constraint_gen_instance/multiplier_product__0/ACOUT[14]
                         net (fo=1, routed)           0.002     0.002    localization_command_ctrl_instance/bearing_constraint_gen_instance/multiplier_product__0_n_39
    DSP48_X1Y25          DSP48E1                                      r  localization_command_ctrl_instance/bearing_constraint_gen_instance/multiplier_product_saved_reg__0/ACIN[14]
  -------------------------------------------------------------------    -------------------

                         (clock clk_100mhz rise edge)
                                                      0.000     0.000 r  
    W5                                                0.000     0.000 r  clk_100mhz_i (IN)
                         net (fo=0)                   0.000     0.000    clk_100mhz_i
    W5                   IBUF (Prop_ibuf_I_O)         1.458     1.458 r  clk_100mhz_i_IBUF_inst/O
                         net (fo=1, routed)           1.967     3.425    clk_100mhz_i_IBUF
    BUFGCTRL_X0Y0        BUFG (Prop_bufg_I_O)         0.096     3.521 r  clk_100mhz_i_IBUF_BUFG_inst/O
                         net (fo=9761, routed)        1.644     5.164    localization_command_ctrl_instance/bearing_constraint_gen_instance/clk_100mhz_i_IBUF_BUFG
    DSP48_X1Y25          DSP48E1                                      r  localization_command_ctrl_instance/bearing_constraint_gen_instance/multiplier_product_saved_reg__0/CLK

Slack:                    inf
  Source:                 localization_command_ctrl_instance/bearing_constraint_gen_instance/multiplier_product__0/ACOUT[15]
                            (internal pin)
  Destination:            localization_command_ctrl_instance/bearing_constraint_gen_instance/multiplier_product_saved_reg__0/ACIN[15]
                            (rising edge-triggered cell DSP48E1 clocked by clk_100mhz  {rise@0.000ns fall@5.000ns period=10.000ns})
  Path Group:             (none)
  Path Type:              Hold (Min at Slow Process Corner)
  Data Path Delay:        0.002ns  (logic 0.000ns (0.000%)  route 0.002ns (100.000%))
  Logic Levels:           0  
  Clock Uncertainty:      0.025ns  ((TSJ^2 + TIJ^2)^1/2 + DJ) / 2 + PE
    Total System Jitter     (TSJ):    0.050ns
    Total Input Jitter      (TIJ):    0.000ns
    Discrete Jitter          (DJ):    0.000ns
    Phase Error              (PE):    0.000ns

    Location             Delay type                Incr(ns)  Path(ns)    Netlist Resource(s)
  -------------------------------------------------------------------    -------------------
    DSP48_X1Y24          DSP48E1                      0.000     0.000 r  localization_command_ctrl_instance/bearing_constraint_gen_instance/multiplier_product__0/ACOUT[15]
                         net (fo=1, routed)           0.002     0.002    localization_command_ctrl_instance/bearing_constraint_gen_instance/multiplier_product__0_n_38
    DSP48_X1Y25          DSP48E1                                      r  localization_command_ctrl_instance/bearing_constraint_gen_instance/multiplier_product_saved_reg__0/ACIN[15]
  -------------------------------------------------------------------    -------------------

                         (clock clk_100mhz rise edge)
                                                      0.000     0.000 r  
    W5                                                0.000     0.000 r  clk_100mhz_i (IN)
                         net (fo=0)                   0.000     0.000    clk_100mhz_i
    W5                   IBUF (Prop_ibuf_I_O)         1.458     1.458 r  clk_100mhz_i_IBUF_inst/O
                         net (fo=1, routed)           1.967     3.425    clk_100mhz_i_IBUF
    BUFGCTRL_X0Y0        BUFG (Prop_bufg_I_O)         0.096     3.521 r  clk_100mhz_i_IBUF_BUFG_inst/O
                         net (fo=9761, routed)        1.644     5.164    localization_command_ctrl_instance/bearing_constraint_gen_instance/clk_100mhz_i_IBUF_BUFG
    DSP48_X1Y25          DSP48E1                                      r  localization_command_ctrl_instance/bearing_constraint_gen_instance/multiplier_product_saved_reg__0/CLK

Slack:                    inf
  Source:                 localization_command_ctrl_instance/bearing_constraint_gen_instance/multiplier_product__0/ACOUT[16]
                            (internal pin)
  Destination:            localization_command_ctrl_instance/bearing_constraint_gen_instance/multiplier_product_saved_reg__0/ACIN[16]
                            (rising edge-triggered cell DSP48E1 clocked by clk_100mhz  {rise@0.000ns fall@5.000ns period=10.000ns})
  Path Group:             (none)
  Path Type:              Hold (Min at Slow Process Corner)
  Data Path Delay:        0.002ns  (logic 0.000ns (0.000%)  route 0.002ns (100.000%))
  Logic Levels:           0  
  Clock Uncertainty:      0.025ns  ((TSJ^2 + TIJ^2)^1/2 + DJ) / 2 + PE
    Total System Jitter     (TSJ):    0.050ns
    Total Input Jitter      (TIJ):    0.000ns
    Discrete Jitter          (DJ):    0.000ns
    Phase Error              (PE):    0.000ns

    Location             Delay type                Incr(ns)  Path(ns)    Netlist Resource(s)
  -------------------------------------------------------------------    -------------------
    DSP48_X1Y24          DSP48E1                      0.000     0.000 r  localization_command_ctrl_instance/bearing_constraint_gen_instance/multiplier_product__0/ACOUT[16]
                         net (fo=1, routed)           0.002     0.002    localization_command_ctrl_instance/bearing_constraint_gen_instance/multiplier_product__0_n_37
    DSP48_X1Y25          DSP48E1                                      r  localization_command_ctrl_instance/bearing_constraint_gen_instance/multiplier_product_saved_reg__0/ACIN[16]
  -------------------------------------------------------------------    -------------------

                         (clock clk_100mhz rise edge)
                                                      0.000     0.000 r  
    W5                                                0.000     0.000 r  clk_100mhz_i (IN)
                         net (fo=0)                   0.000     0.000    clk_100mhz_i
    W5                   IBUF (Prop_ibuf_I_O)         1.458     1.458 r  clk_100mhz_i_IBUF_inst/O
                         net (fo=1, routed)           1.967     3.425    clk_100mhz_i_IBUF
    BUFGCTRL_X0Y0        BUFG (Prop_bufg_I_O)         0.096     3.521 r  clk_100mhz_i_IBUF_BUFG_inst/O
                         net (fo=9761, routed)        1.644     5.164    localization_command_ctrl_instance/bearing_constraint_gen_instance/clk_100mhz_i_IBUF_BUFG
    DSP48_X1Y25          DSP48E1                                      r  localization_command_ctrl_instance/bearing_constraint_gen_instance/multiplier_product_saved_reg__0/CLK

Slack:                    inf
  Source:                 localization_command_ctrl_instance/bearing_constraint_gen_instance/multiplier_product__0/ACOUT[17]
                            (internal pin)
  Destination:            localization_command_ctrl_instance/bearing_constraint_gen_instance/multiplier_product_saved_reg__0/ACIN[17]
                            (rising edge-triggered cell DSP48E1 clocked by clk_100mhz  {rise@0.000ns fall@5.000ns period=10.000ns})
  Path Group:             (none)
  Path Type:              Hold (Min at Slow Process Corner)
  Data Path Delay:        0.002ns  (logic 0.000ns (0.000%)  route 0.002ns (100.000%))
  Logic Levels:           0  
  Clock Uncertainty:      0.025ns  ((TSJ^2 + TIJ^2)^1/2 + DJ) / 2 + PE
    Total System Jitter     (TSJ):    0.050ns
    Total Input Jitter      (TIJ):    0.000ns
    Discrete Jitter          (DJ):    0.000ns
    Phase Error              (PE):    0.000ns

    Location             Delay type                Incr(ns)  Path(ns)    Netlist Resource(s)
  -------------------------------------------------------------------    -------------------
    DSP48_X1Y24          DSP48E1                      0.000     0.000 r  localization_command_ctrl_instance/bearing_constraint_gen_instance/multiplier_product__0/ACOUT[17]
                         net (fo=1, routed)           0.002     0.002    localization_command_ctrl_instance/bearing_constraint_gen_instance/multiplier_product__0_n_36
    DSP48_X1Y25          DSP48E1                                      r  localization_command_ctrl_instance/bearing_constraint_gen_instance/multiplier_product_saved_reg__0/ACIN[17]
  -------------------------------------------------------------------    -------------------

                         (clock clk_100mhz rise edge)
                                                      0.000     0.000 r  
    W5                                                0.000     0.000 r  clk_100mhz_i (IN)
                         net (fo=0)                   0.000     0.000    clk_100mhz_i
    W5                   IBUF (Prop_ibuf_I_O)         1.458     1.458 r  clk_100mhz_i_IBUF_inst/O
                         net (fo=1, routed)           1.967     3.425    clk_100mhz_i_IBUF
    BUFGCTRL_X0Y0        BUFG (Prop_bufg_I_O)         0.096     3.521 r  clk_100mhz_i_IBUF_BUFG_inst/O
                         net (fo=9761, routed)        1.644     5.164    localization_command_ctrl_instance/bearing_constraint_gen_instance/clk_100mhz_i_IBUF_BUFG
    DSP48_X1Y25          DSP48E1                                      r  localization_command_ctrl_instance/bearing_constraint_gen_instance/multiplier_product_saved_reg__0/CLK

Slack:                    inf
  Source:                 localization_command_ctrl_instance/bearing_constraint_gen_instance/multiplier_product__0/ACOUT[18]
                            (internal pin)
  Destination:            localization_command_ctrl_instance/bearing_constraint_gen_instance/multiplier_product_saved_reg__0/ACIN[18]
                            (rising edge-triggered cell DSP48E1 clocked by clk_100mhz  {rise@0.000ns fall@5.000ns period=10.000ns})
  Path Group:             (none)
  Path Type:              Hold (Min at Slow Process Corner)
  Data Path Delay:        0.002ns  (logic 0.000ns (0.000%)  route 0.002ns (100.000%))
  Logic Levels:           0  
  Clock Uncertainty:      0.025ns  ((TSJ^2 + TIJ^2)^1/2 + DJ) / 2 + PE
    Total System Jitter     (TSJ):    0.050ns
    Total Input Jitter      (TIJ):    0.000ns
    Discrete Jitter          (DJ):    0.000ns
    Phase Error              (PE):    0.000ns

    Location             Delay type                Incr(ns)  Path(ns)    Netlist Resource(s)
  -------------------------------------------------------------------    -------------------
    DSP48_X1Y24          DSP48E1                      0.000     0.000 r  localization_command_ctrl_instance/bearing_constraint_gen_instance/multiplier_product__0/ACOUT[18]
                         net (fo=1, routed)           0.002     0.002    localization_command_ctrl_instance/bearing_constraint_gen_instance/multiplier_product__0_n_35
    DSP48_X1Y25          DSP48E1                                      r  localization_command_ctrl_instance/bearing_constraint_gen_instance/multiplier_product_saved_reg__0/ACIN[18]
  -------------------------------------------------------------------    -------------------

                         (clock clk_100mhz rise edge)
                                                      0.000     0.000 r  
    W5                                                0.000     0.000 r  clk_100mhz_i (IN)
                         net (fo=0)                   0.000     0.000    clk_100mhz_i
    W5                   IBUF (Prop_ibuf_I_O)         1.458     1.458 r  clk_100mhz_i_IBUF_inst/O
                         net (fo=1, routed)           1.967     3.425    clk_100mhz_i_IBUF
    BUFGCTRL_X0Y0        BUFG (Prop_bufg_I_O)         0.096     3.521 r  clk_100mhz_i_IBUF_BUFG_inst/O
                         net (fo=9761, routed)        1.644     5.164    localization_command_ctrl_instance/bearing_constraint_gen_instance/clk_100mhz_i_IBUF_BUFG
    DSP48_X1Y25          DSP48E1                                      r  localization_command_ctrl_instance/bearing_constraint_gen_instance/multiplier_product_saved_reg__0/CLK





